-- phpMyAdmin SQL Dump
-- version 4.5.1
-- http://www.phpmyadmin.net
--
-- Host: 127.0.0.1
-- Generation Time: 04-Nov-2018 às 18:59
-- Versão do servidor: 10.1.13-MariaDB
-- PHP Version: 5.5.34

SET SQL_MODE = "NO_AUTO_VALUE_ON_ZERO";
SET time_zone = "+00:00";


/*!40101 SET @OLD_CHARACTER_SET_CLIENT=@@CHARACTER_SET_CLIENT */;
/*!40101 SET @OLD_CHARACTER_SET_RESULTS=@@CHARACTER_SET_RESULTS */;
/*!40101 SET @OLD_COLLATION_CONNECTION=@@COLLATION_CONNECTION */;
/*!40101 SET NAMES utf8mb4 */;

--
-- Database: `avaliacao_global`
--

-- --------------------------------------------------------

--
-- Estrutura da tabela `alternativas`
--

CREATE TABLE `alternativas` (
  `id` int(11) NOT NULL,
  `descricao` varchar(45) NOT NULL,
  `correta` tinyint(4) NOT NULL DEFAULT '0',
  `questao` int(10) UNSIGNED NOT NULL
) ENGINE=InnoDB DEFAULT CHARSET=utf8;

--
-- Extraindo dados da tabela `alternativas`
--

INSERT INTO `alternativas` (`id`, `descricao`, `correta`, `questao`) VALUES
(149, 'Tem entre 2 a 4 litros. São retirados 450 mil', 0, 58),
(150, 'Tem entre 4 a 6 litros. São retirados 450 mil', 1, 58),
(151, 'Tem 10 litros. São retirados 2 litros.', 0, 58),
(152, 'Tem 7 litros. São retirados 1,5 litros.', 0, 58),
(153, 'Tem 0,5 litros. São retirados 0,5 litros.', 0, 58),
(154, 'Platão\r\n', 0, 59),
(155, 'Galileu Galilei\r\n', 0, 59),
(156, 'Descartes\r\n', 1, 59),
(157, 'Sócrates\r\n', 0, 59),
(158, 'Francis Bacon', 0, 59),
(159, 'França', 0, 60),
(160, 'Inglaterra', 0, 60),
(161, 'Brasil', 1, 60),
(162, 'Austrália', 0, 60),
(163, 'Itália', 0, 60),
(164, 'Região Norte', 0, 61),
(165, 'Região Sul', 1, 61),
(166, 'Região Nordeste', 0, 61),
(167, 'Gaspar, Nicolau e Natanael', 0, 62),
(168, 'Belchior, Gaspar e Baltazar\r\n', 1, 62),
(169, 'Belchior, Gaspar e Nataniel\r\n', 0, 62),
(170, 'Gabriel, Benjamim e Melchior\r\n', 0, 62),
(171, 'Melchior, Noé e Galileu', 0, 62),
(174, 'II e III, apenas.', 1, 65),
(175, 'I e II, apenas.', 0, 65),
(176, 'III, apenas.', 0, 65),
(177, 'I, apenas.', 0, 65),
(178, 'Sistema de Suporte à Decisão (SSD), Sistema d', 0, 66),
(179, 'Sistema de Gerenciamento da Cadeia de Suprime', 0, 66),
(180, 'Sistema de Informação Gerencial (SIG), Sistem', 0, 66),
(181, 'Sistema de Processamento de Transação (SPT), ', 1, 66),
(182, '3, 4, 2, 6, 1, 5', 1, 67),
(183, '6, 5, 1, 4, 2, 3', 0, 67),
(184, '4, 6, 5, 1, 3, 2', 0, 67),
(185, '5, 3, 1, 6, 2, 4', 0, 67),
(186, 'tste', 1, 71),
(187, 'teste', 1, 72),
(193, 'não teste', 0, 72),
(194, 'b', 0, 72);

-- --------------------------------------------------------

--
-- Estrutura da tabela `curso`
--

CREATE TABLE `curso` (
  `id` int(11) NOT NULL,
  `nome` varchar(100) DEFAULT NULL
) ENGINE=InnoDB DEFAULT CHARSET=utf8;

--
-- Extraindo dados da tabela `curso`
--

INSERT INTO `curso` (`id`, `nome`) VALUES
(0, 'TODOS'),
(1, 'CURSO SUPERIOR DE ADMINISTRAÇÃO'),
(2, 'CURSO DE TECNOLOGIA EM ANÁLISE E DESENVOLVIMENTO DE SISTEMAS'),
(3, 'CURSO SUPERIOR DE CIÊNCIAS CONTÁBEIS'),
(4, 'CURSO SUPERIOR DE PEDAGOGIA'),
(5, 'CURSO SUPERIOR DE DESIGN'),
(10, 'CURSO SUPERIOR DE TECNOLOGIA EM ELETRÔNICA INDUSTRIAL');

-- --------------------------------------------------------

--
-- Estrutura da tabela `disciplinas`
--

CREATE TABLE `disciplinas` (
  `id` int(10) UNSIGNED NOT NULL,
  `nome` varchar(45) NOT NULL,
  `professor` int(10) UNSIGNED NOT NULL,
  `situacao` varchar(45) DEFAULT 'ativo',
  `curso` int(11) NOT NULL
) ENGINE=InnoDB DEFAULT CHARSET=utf8;

--
-- Extraindo dados da tabela `disciplinas`
--

INSERT INTO `disciplinas` (`id`, `nome`, `professor`, `situacao`, `curso`) VALUES
(1, 'GESTÃO DE AGRONEGÓCIOS', 483, 'ativo', 1),
(2, 'GESTÃO PÚBLICA', 484, 'ativo', 1),
(3, 'LOGÍSTICA EMPRESARIAL II ', 485, 'ativo', 3),
(4, 'CONTABILIDADE AVANÇADA', 486, 'ativo', 3),
(5, 'CONTABILIDADE PÚBLICA', 487, 'ativo', 3),
(6, 'EMPREENDEDORISMO  ', 488, 'ativo', 3),
(7, 'ROTINAS TRABALHISTAS E PREVIDENCIÁRIAS', 489, 'ativo', 3),
(8, 'SISTEMAS DE INFORMAÇÕES CONTÁBEIS  ', 488, 'ativo', 3),
(9, 'ESTÁGIO CURRICULAR SUPERVISIONADO II  ', 490, 'ativo', 4),
(10, 'TCCII  ', 491, 'ativo', 4),
(11, 'EDUCAÇÃO NÃO FORMAL  ', 492, 'ativo', 4),
(12, 'ESTÁGIO SUPERVISIONADO - ANOS INICIAIS', 493, 'ativo', 4),
(13, 'LÍNGUA BRASILEIRA DE SINAIS - LIBRAS  ', 494, 'ativo', 4),
(14, 'EDUCAÇÃO SEXUAL NAS ESCOLAS ', 495, 'ativo', 4),
(15, 'LITERATURA INFANTIL  ', 496, 'ativo', 4),
(16, 'METÓDOS E PROCESSOS DE AVALIAÇÃO', 492, 'ativo', 4),
(17, 'FUNDAMENTOS E METODOLOGIAS DA ARTE ', 491, 'ativo', 4),
(18, 'DIFICULDADES DE APRENDIZAGEM', 497, 'ativo', 4),
(19, 'ESTÁGIO SUPEVISIONADO - GESTÃO PEDAGÓGICA ', 493, 'ativo', 3),
(20, 'FILOSOFIA, ÉTICA E DIREITO HUMANOS ', 498, 'ativo', 1),
(21, 'MARKETING  ', 499, 'ativo', 5),
(22, 'SOCIOLOGIA APLICADA  ', 498, 'ativo', 5),
(23, 'SINALÉTICA E TIPOGRAFIA  ', 500, 'ativo', 5),
(24, 'ARQUITETURA DE COMPUTADORES ', 501, 'ativo', 2),
(25, 'ENGENHARIA DE SOFTWARE I ', 502, 'ativo', 2),
(26, 'LÓGICA DA PROGRAMAÇÃO I  ', 503, 'ativo', 2),
(27, 'PROGRAMAÇÃO WEB I ', 499, 'ativo', 2),
(28, 'FUNDAMENTOS DA LÍNGUA ORAL E ESCRITA  ', 493, 'ativo', 4),
(29, 'FUNDAMENTOS E METODOLOGIA DA HISTÓRIA E GEOGR', 504, 'ativo', 4),
(30, 'MECANISMOS E ESTRUTURAS  ', 505, 'ativo', 5),
(31, 'PROCESSOS DE FABRICAÇÃO E MODELAGEM V ', 506, 'ativo', 5),
(32, 'PROJETO V  ', 500, 'ativo', 5),
(33, 'DESIGN MANAGEMENT ', 507, 'ativo', 5),
(34, 'ANÁLISE DE CUSTOS ', 508, 'ativo', 1),
(35, 'ADMINISTRAÇÃO  FINANCEIRA II', 483, 'ativo', 1),
(36, 'PROJETO II ', 509, 'ativo', 10),
(37, 'TRABALHO DE CONCLUSÃO DE CURSO  ', 509, 'ativo', 10),
(38, 'ADMINISTRAÇÃO ESTRATÉGICA', 510, 'ativo', 1),
(39, 'DESENVOLVIMENTO DO TCC - ESTÁGIO', 502, 'ativo', 2),
(40, 'ADMINISTRAÇÃO MERCADOLÓGICA I', 511, 'ativo', 1),
(41, 'ADMINISTRAÇÃO DA PRODUÇÃO E OPERAÇÕES I', 512, 'ativo', 1),
(42, 'CONTABILIDADE DE CUSTOS I', 508, 'ativo', 1),
(43, 'FINANÇAS EMPRESARIAS ', 483, 'ativo', 1),
(44, 'CONTABILIDADE II  ', 486, 'ativo', 3),
(45, 'DIREITO TRIBUTÁRIO', 490, 'ativo', 3),
(46, 'ANTROPOLOGIA E EDUCAÇÃO  ', 498, 'ativo', 3),
(47, 'DIDÁTICA E METODOLOGIAS DE ENSINO  ', 491, 'ativo', 4),
(48, 'ÉTICA, CIDADANIA E DIREITOS HUMANOS', 491, 'ativo', 4),
(49, 'PSICOLOGIA DO DESENVOLVIMENTO', 495, 'ativo', 4),
(50, 'BANCO DE DADOS II ', 502, 'ativo', 4),
(51, 'CONTABILIDADE APLICADA', 513, 'ativo', 2),
(52, 'EMPREENDEDORISMO EM TI', 511, 'ativo', 2),
(53, 'AUDITORIA E SEGURANÇA DE SISTEMAS  ', 514, 'ativo', 2),
(54, 'SISTEMAS DE INFORMAÇÃO', 502, 'ativo', 2),
(55, 'ANÁLISE DE CIRCUITOS II  ', 509, 'ativo', 2),
(56, 'CÁLCULO DIFERENCIAL INTEGRAL', 515, 'ativo', 10),
(57, 'ELETRÔNICA ANALÓGICA I', 509, 'ativo', 10),
(58, 'MECÂNICA GERAL', 516, 'ativo', 10),
(59, 'PROJETO INTERDISCIPLINAR I  ', 509, 'ativo', 10),
(60, 'MATERIAIS APLICADOS AO DESIGN', 506, 'ativo', 10),
(61, 'METODOLOGIA DA PESQUISA PROJETUAL  ', 504, 'ativo', 10),
(62, 'PROJETO E MODELAGEM I', 517, 'ativo', 5),
(63, 'DESENHO GEOMÉTRICO', 507, 'ativo', 5),
(64, 'DESENHO ILUSTRATIVO  ', 518, 'ativo', 5),
(65, 'FILOSOFIA, ÉTICA E DIREITOS HUMANOS', 498, 'ativo', 5),
(66, 'TÉCNICAS DE NEGOCIAÇÃO EMPRESARIAL ', 495, 'ativo', 5),
(67, 'GESTÃO DA QUALIDADE E PRODUTIVIDADE', 512, 'ativo', 1),
(68, 'ESTÁGIO SUPERVISIONADO II', 510, 'ativo', 1),
(69, 'ACIONAMENTOS ELÉTRICOS INDUSTRIAIS ', 519, 'ativo', 1),
(70, 'PROJETO INTERDISCIPLINAR III', 509, 'ativo', 1),
(71, 'HIDRÁULICA E PNEUMÁTICA  ', 516, 'ativo', 10),
(72, 'MÁQUINAS ELÉTRICAS', 519, 'ativo', 10),
(73, 'SEGURANÇA DO TRABALHO', 520, 'ativo', 10),
(74, 'INSTALAÇÕES ELÉTRICAS', 519, 'ativo', 10),
(75, 'ELETRÔNICA DE POTÊNCIA II', 509, 'ativo', 10),
(76, 'PRÁTICAS PROFISSIONAIS - ESTÁGIO II', 500, 'ativo', 10),
(77, 'TRABALHO DE CONCLUSÃO DE CURSO II  ', 507, 'ativo', 10),
(78, 'COMUNICAÇÃO EMPRESARIAL  ', 492, 'ativo', 5),
(79, 'DIREITO PÚBLICO E PRIVADO', 521, 'ativo', 5),
(80, 'ECONOMIA I ', 513, 'ativo', 1),
(81, 'ESTATÍSTICA APLICADA ', 515, 'ativo', 1),
(82, 'SOCIOLOGIA DAS ORGANIZAÇÕES ', 498, 'ativo', 1),
(83, 'COMPUTAÇÃO GRÁFICA I ', 505, 'ativo', 1),
(84, 'TEORIA DA COMUNICAÇÃO E SEMIÓTICA  ', 507, 'ativo', 1),
(85, 'PROJETO E MODELAGEM III  ', 517, 'ativo', 1),
(86, 'EXPRESSÃO E PRODUÇÃO GRÁFICA', 517, 'ativo', 5),
(87, 'CONTABILIDADE GERENCIAL  ', 508, 'ativo', 5),
(88, 'AUDITORIA II  ', 488, 'ativo', 5),
(89, 'CONTABILIDADE TRIBUTÁRIA II ', 522, 'ativo', 5),
(90, 'PESQUISA EM CONTABILIDADE', 523, 'ativo', 3),
(91, 'TÓPICOS CONTEMPORÂNEOS EM CONTABILIDADE', 488, 'ativo', 3),
(92, 'MERCADO FINANCEIRO E DE CAPITAIS', 485, 'ativo', 3),
(93, 'ELETRÔNICA DIGITAL II', 524, 'ativo', 3),
(94, 'DIDÁTICA E METODOLOGIA DA EDUCAÇÃO INFANTIL  ', 493, 'ativo', 3),
(95, 'EDUCAÇÃO INCLUSIVA', 497, 'ativo', 3),
(96, 'PROGRAMAÇÃO ORIENTADA A OBJETO I', 503, 'ativo', 10),
(97, 'ESTÁGIO CURRICULAR SUPERVISIONADO I', 490, 'ativo', 4),
(98, 'GESTÃO II  ', 510, 'ativo', 4),
(99, 'FUNDAMENTOS DE ROBÓTICA  ', 519, 'ativo', 2),
(100, 'PLANEJAMENTO EDUCACIONAL ', 497, 'ativo', 3),
(101, 'PRÁTICA PEDAGÓGICA IV', 493, 'ativo', 3),
(102, 'ESCOLA E ORGANIZAÇÃO CURRICULAR ', 498, 'ativo', 3),
(103, 'MICROPROCESSADORES E MICROCONTROLADORES I ', 524, 'ativo', 10),
(104, 'REDES E SERVIDORES', 501, 'ativo', 10),
(105, 'GERÊNCIA DE PROJETOS ', 499, 'ativo', 4),
(106, 'ESTRUTURA DE DADOS', 499, 'ativo', 4),
(107, 'CONTABILIDADE IV  ', 487, 'ativo', 4),
(108, 'FINANÇAS EMPRESARIAIS', 483, 'ativo', 10);

-- --------------------------------------------------------

--
-- Estrutura da tabela `formularios`
--

CREATE TABLE `formularios` (
  `id` int(10) UNSIGNED NOT NULL,
  `aluno` int(10) UNSIGNED NOT NULL,
  `disciplina` int(10) UNSIGNED NOT NULL,
  `prova` int(11) NOT NULL,
  `situacao` enum('em andamento','finalizada') NOT NULL
) ENGINE=InnoDB DEFAULT CHARSET=utf8;

--
-- Extraindo dados da tabela `formularios`
--

INSERT INTO `formularios` (`id`, `aluno`, `disciplina`, `prova`, `situacao`) VALUES
(1, 10, 34, 6, 'finalizada'),
(2, 10, 35, 6, 'finalizada'),
(4, 192, 2, 6, 'finalizada'),
(5, 192, 3, 6, 'finalizada'),
(6, 192, 34, 6, 'finalizada'),
(7, 192, 35, 6, 'finalizada'),
(8, 192, 38, 6, 'finalizada');

-- --------------------------------------------------------

--
-- Estrutura da tabela `itens_prova`
--

CREATE TABLE `itens_prova` (
  `id` int(10) UNSIGNED NOT NULL,
  `questao` int(10) UNSIGNED NOT NULL,
  `formulario` int(10) UNSIGNED NOT NULL
) ENGINE=InnoDB DEFAULT CHARSET=utf8;

--
-- Extraindo dados da tabela `itens_prova`
--

INSERT INTO `itens_prova` (`id`, `questao`, `formulario`) VALUES
(1, 62, 1),
(2, 66, 2),
(3, 65, 2),
(4, 67, 2),
(5, 71, 2),
(6, 59, 4),
(7, 61, 5),
(8, 60, 5),
(9, 65, 6),
(10, 62, 6),
(11, 71, 7),
(12, 67, 8),
(13, 66, 8);

-- --------------------------------------------------------

--
-- Estrutura da tabela `matriculas`
--

CREATE TABLE `matriculas` (
  `aluno` int(10) UNSIGNED NOT NULL,
  `disciplina` int(10) UNSIGNED NOT NULL
) ENGINE=InnoDB DEFAULT CHARSET=utf8;

--
-- Extraindo dados da tabela `matriculas`
--

INSERT INTO `matriculas` (`aluno`, `disciplina`) VALUES
(1, 1),
(1, 2),
(1, 3),
(2, 4),
(2, 5),
(2, 6),
(2, 7),
(2, 8),
(2, 9),
(3, 10),
(3, 11),
(3, 12),
(3, 13),
(3, 14),
(4, 13),
(4, 15),
(4, 16),
(4, 17),
(4, 18),
(4, 19),
(5, 20),
(6, 21),
(6, 22),
(6, 23),
(7, 24),
(7, 25),
(7, 26),
(7, 27),
(8, 13),
(8, 15),
(8, 16),
(8, 18),
(8, 19),
(8, 28),
(8, 29),
(9, 21),
(9, 30),
(9, 31),
(9, 32),
(9, 33),
(10, 34),
(10, 35),
(11, 36),
(11, 37),
(12, 2),
(12, 3),
(12, 34),
(12, 35),
(12, 38),
(13, 39),
(14, 36),
(14, 37),
(15, 40),
(15, 41),
(15, 42),
(15, 43),
(16, 20),
(16, 42),
(16, 44),
(16, 46),
(17, 28),
(17, 47),
(17, 48),
(17, 49),
(17, 50),
(18, 24),
(18, 51),
(18, 52),
(18, 53),
(19, 39),
(19, 53),
(19, 54),
(19, 55),
(20, 49),
(20, 56),
(20, 57),
(20, 58),
(20, 60),
(20, 61),
(21, 62),
(21, 63),
(21, 64),
(21, 65),
(21, 66),
(22, 40),
(22, 41),
(22, 42),
(22, 43),
(22, 67),
(23, 1),
(23, 68),
(23, 69),
(23, 70),
(24, 1),
(24, 68),
(24, 69),
(24, 70),
(25, 1),
(25, 68),
(25, 69),
(25, 70),
(26, 56),
(26, 57),
(26, 58),
(26, 61),
(27, 62),
(27, 63),
(27, 64),
(27, 65),
(27, 66),
(28, 10),
(28, 11),
(28, 12),
(28, 14),
(29, 57),
(29, 58),
(29, 71),
(29, 72),
(29, 73),
(29, 74),
(30, 40),
(30, 41),
(30, 42),
(30, 43),
(30, 67),
(31, 75),
(31, 76),
(31, 77),
(32, 22),
(32, 78),
(32, 79),
(33, 44),
(33, 81),
(33, 82),
(33, 83),
(33, 84),
(33, 85),
(34, 1),
(34, 68),
(34, 69),
(34, 70),
(35, 23),
(35, 86),
(35, 87),
(35, 88),
(35, 89),
(36, 21),
(36, 30),
(36, 31),
(36, 32),
(36, 33),
(37, 1),
(37, 69),
(37, 70),
(38, 10),
(38, 11),
(38, 12),
(38, 13),
(38, 14),
(39, 39),
(40, 90),
(40, 91),
(40, 92),
(40, 93),
(40, 94),
(40, 95),
(41, 62),
(41, 63),
(41, 64),
(41, 65),
(41, 66),
(42, 36),
(42, 37),
(43, 1),
(43, 68),
(43, 69),
(43, 70),
(44, 21),
(44, 30),
(45, 1),
(45, 68),
(45, 70),
(46, 1),
(46, 68),
(46, 69),
(46, 70),
(47, 4),
(47, 5),
(47, 6),
(47, 7),
(47, 8),
(47, 9),
(48, 22),
(48, 78),
(48, 79),
(49, 22),
(49, 78),
(49, 79),
(50, 4),
(50, 5),
(50, 6),
(50, 7),
(50, 8),
(50, 9),
(51, 22),
(51, 78),
(51, 79),
(52, 1),
(52, 68),
(52, 69),
(52, 70),
(53, 22),
(53, 78),
(53, 79),
(54, 10),
(54, 11),
(54, 12),
(54, 13),
(54, 14),
(55, 22),
(55, 78),
(55, 79),
(56, 22),
(56, 78),
(56, 79),
(57, 4),
(57, 5),
(57, 6),
(57, 7),
(57, 8),
(57, 9),
(58, 4),
(58, 5),
(58, 6),
(58, 7),
(58, 8),
(58, 9),
(59, 22),
(59, 78),
(59, 79),
(60, 4),
(60, 5),
(60, 6),
(60, 7),
(60, 8),
(60, 9),
(61, 1),
(61, 68),
(61, 69),
(61, 70),
(62, 1),
(62, 68),
(62, 69),
(62, 70),
(63, 1),
(63, 68),
(63, 70),
(64, 4),
(64, 5),
(64, 6),
(64, 7),
(64, 8),
(64, 9),
(65, 1),
(65, 68),
(65, 69),
(65, 70),
(66, 10),
(66, 11),
(66, 12),
(66, 13),
(66, 14),
(67, 4),
(67, 5),
(67, 6),
(67, 7),
(67, 8),
(67, 9),
(68, 1),
(68, 68),
(68, 69),
(68, 70),
(69, 1),
(69, 40),
(69, 68),
(69, 69),
(70, 1),
(70, 68),
(70, 69),
(70, 70),
(71, 4),
(71, 5),
(71, 6),
(71, 7),
(71, 8),
(71, 9),
(72, 10),
(72, 11),
(72, 12),
(72, 13),
(72, 14),
(73, 36),
(73, 37),
(73, 96),
(74, 10),
(74, 11),
(74, 12),
(74, 13),
(74, 14),
(75, 4),
(75, 5),
(75, 6),
(75, 7),
(75, 8),
(75, 9),
(76, 10),
(76, 11),
(76, 12),
(76, 13),
(76, 14),
(77, 10),
(77, 11),
(77, 12),
(77, 13),
(77, 14),
(78, 4),
(78, 5),
(78, 6),
(78, 8),
(78, 9),
(79, 10),
(79, 11),
(79, 12),
(79, 13),
(79, 14),
(80, 4),
(80, 5),
(80, 6),
(80, 7),
(80, 8),
(80, 9),
(81, 10),
(81, 11),
(81, 12),
(81, 13),
(81, 14),
(82, 4),
(82, 5),
(82, 6),
(82, 7),
(82, 8),
(82, 9),
(83, 21),
(83, 30),
(83, 31),
(83, 32),
(83, 33),
(84, 21),
(84, 30),
(84, 31),
(84, 32),
(84, 33),
(85, 4),
(85, 5),
(85, 6),
(85, 7),
(85, 8),
(85, 9),
(86, 10),
(86, 11),
(86, 12),
(86, 13),
(86, 14),
(87, 4),
(87, 5),
(87, 6),
(87, 7),
(87, 8),
(87, 9),
(88, 22),
(88, 78),
(88, 79),
(89, 10),
(89, 11),
(89, 12),
(89, 13),
(89, 14),
(90, 4),
(90, 5),
(90, 6),
(90, 7),
(90, 8),
(90, 9),
(91, 10),
(91, 12),
(91, 14),
(91, 29),
(91, 97),
(91, 98),
(92, 51),
(92, 99),
(93, 1),
(93, 68),
(93, 69),
(93, 70),
(94, 70),
(95, 39),
(96, 75),
(96, 76),
(96, 77),
(97, 4),
(97, 5),
(97, 6),
(97, 7),
(97, 9),
(97, 84),
(98, 4),
(98, 5),
(98, 6),
(98, 7),
(98, 8),
(98, 101),
(99, 22),
(99, 78),
(99, 79),
(100, 22),
(100, 78),
(100, 79),
(101, 22),
(101, 78),
(101, 79),
(102, 10),
(102, 11),
(102, 12),
(102, 13),
(102, 14),
(103, 1),
(103, 68),
(103, 69),
(103, 70),
(104, 1),
(104, 68),
(104, 70),
(105, 39),
(106, 1),
(106, 68),
(106, 69),
(106, 70),
(107, 22),
(107, 78),
(107, 79),
(108, 10),
(108, 12),
(108, 14),
(108, 29),
(108, 97),
(108, 98),
(109, 10),
(109, 11),
(109, 12),
(109, 13),
(109, 14),
(110, 1),
(110, 2),
(110, 34),
(110, 67),
(111, 10),
(111, 11),
(111, 12),
(111, 13),
(111, 14),
(112, 44),
(112, 82),
(112, 83),
(113, 73),
(113, 74),
(113, 76),
(114, 4),
(114, 5),
(114, 6),
(114, 7),
(114, 8),
(114, 9),
(115, 39),
(115, 53),
(115, 54),
(115, 55),
(116, 55),
(117, 4),
(117, 5),
(117, 6),
(117, 7),
(117, 8),
(117, 9),
(117, 85),
(118, 4),
(118, 5),
(118, 6),
(118, 7),
(118, 8),
(118, 9),
(118, 91),
(119, 2),
(119, 3),
(119, 34),
(119, 35),
(119, 38),
(120, 4),
(120, 5),
(120, 6),
(120, 7),
(120, 8),
(120, 9),
(120, 85),
(121, 1),
(121, 68),
(121, 69),
(121, 70),
(122, 4),
(122, 5),
(122, 6),
(122, 7),
(122, 8),
(122, 9),
(122, 85),
(123, 4),
(123, 5),
(123, 6),
(123, 7),
(123, 8),
(123, 9),
(124, 21),
(124, 30),
(124, 31),
(124, 32),
(124, 33),
(125, 6),
(125, 8),
(125, 44),
(125, 90),
(125, 91),
(125, 93),
(125, 94),
(125, 95),
(126, 90),
(126, 91),
(126, 92),
(126, 93),
(126, 94),
(126, 95),
(127, 21),
(127, 30),
(127, 31),
(127, 32),
(127, 33),
(128, 86),
(128, 87),
(128, 88),
(128, 89),
(129, 21),
(129, 30),
(129, 31),
(129, 32),
(129, 33),
(130, 13),
(130, 15),
(130, 16),
(130, 17),
(130, 18),
(130, 19),
(131, 90),
(131, 91),
(131, 92),
(131, 93),
(131, 94),
(131, 95),
(132, 21),
(132, 30),
(132, 31),
(132, 32),
(132, 33),
(133, 2),
(133, 3),
(133, 34),
(133, 35),
(133, 38),
(134, 39),
(134, 53),
(134, 54),
(134, 55),
(135, 13),
(135, 15),
(135, 16),
(135, 17),
(135, 18),
(135, 19),
(136, 90),
(136, 91),
(136, 92),
(136, 93),
(136, 94),
(136, 95),
(137, 74),
(137, 75),
(137, 76),
(137, 103),
(137, 104),
(138, 90),
(138, 91),
(138, 92),
(138, 93),
(138, 94),
(138, 95),
(139, 2),
(139, 34),
(139, 35),
(139, 38),
(139, 69),
(140, 13),
(140, 15),
(140, 16),
(140, 17),
(140, 18),
(140, 19),
(141, 40),
(141, 41),
(141, 42),
(141, 43),
(141, 67),
(142, 40),
(142, 41),
(142, 42),
(142, 43),
(142, 67),
(143, 39),
(143, 53),
(143, 54),
(143, 55),
(144, 90),
(144, 91),
(144, 92),
(144, 93),
(144, 94),
(144, 95),
(145, 90),
(145, 91),
(145, 92),
(145, 93),
(145, 94),
(145, 95),
(146, 13),
(146, 15),
(146, 16),
(146, 17),
(146, 18),
(146, 19),
(147, 21),
(147, 30),
(147, 31),
(147, 32),
(147, 33),
(148, 39),
(148, 53),
(148, 54),
(148, 55),
(149, 36),
(149, 37),
(149, 75),
(149, 76),
(149, 77),
(149, 103),
(149, 104),
(150, 44),
(150, 90),
(150, 91),
(150, 92),
(150, 93),
(150, 94),
(150, 95),
(151, 90),
(151, 91),
(151, 92),
(151, 93),
(151, 94),
(151, 95),
(152, 21),
(152, 30),
(152, 31),
(152, 32),
(152, 33),
(153, 39),
(153, 53),
(153, 54),
(153, 55),
(154, 90),
(154, 91),
(154, 92),
(154, 93),
(154, 94),
(154, 95),
(155, 39),
(155, 53),
(155, 54),
(155, 55),
(156, 2),
(156, 3),
(156, 34),
(156, 35),
(156, 38),
(157, 75),
(157, 76),
(157, 103),
(157, 104),
(158, 56),
(158, 57),
(158, 74),
(158, 75),
(158, 104),
(159, 36),
(159, 37),
(159, 75),
(159, 76),
(159, 77),
(159, 103),
(159, 104),
(160, 2),
(160, 3),
(160, 34),
(160, 35),
(160, 38),
(161, 39),
(161, 53),
(161, 54),
(161, 55),
(162, 90),
(162, 91),
(162, 92),
(162, 93),
(162, 94),
(162, 95),
(163, 13),
(163, 15),
(163, 16),
(163, 17),
(163, 18),
(163, 19),
(164, 13),
(164, 15),
(164, 16),
(164, 17),
(164, 18),
(164, 19),
(165, 29),
(165, 97),
(165, 98),
(165, 105),
(165, 106),
(165, 107),
(166, 53),
(166, 54),
(166, 55),
(167, 75),
(167, 76),
(167, 77),
(167, 103),
(167, 104),
(168, 2),
(168, 3),
(168, 34),
(168, 35),
(168, 38),
(169, 90),
(169, 91),
(169, 92),
(169, 93),
(169, 94),
(169, 95),
(170, 90),
(170, 91),
(170, 92),
(170, 93),
(170, 94),
(170, 95),
(171, 36),
(171, 37),
(171, 75),
(171, 76),
(171, 77),
(171, 103),
(171, 104),
(172, 2),
(172, 3),
(172, 34),
(172, 35),
(172, 38),
(173, 74),
(173, 75),
(173, 103),
(173, 108),
(174, 27),
(174, 53),
(174, 54),
(174, 55),
(175, 21),
(175, 30),
(175, 31),
(175, 32),
(175, 33),
(176, 53),
(176, 54),
(176, 55),
(177, 75),
(177, 76),
(177, 77),
(177, 103),
(177, 104),
(178, 2),
(178, 3),
(178, 34),
(178, 35),
(178, 38),
(179, 2),
(179, 3),
(179, 34),
(179, 35),
(179, 38),
(180, 71),
(180, 74),
(180, 75),
(180, 108),
(181, 21),
(181, 30),
(181, 31),
(181, 32),
(181, 33),
(182, 2),
(182, 3),
(182, 34),
(182, 35),
(182, 38),
(183, 1),
(183, 35),
(183, 69),
(184, 2),
(184, 34),
(184, 35),
(184, 69),
(185, 75),
(185, 76),
(185, 77),
(185, 96),
(185, 103),
(186, 21),
(186, 30),
(186, 31),
(186, 32),
(186, 33),
(187, 90),
(187, 91),
(187, 92),
(187, 93),
(187, 94),
(187, 95),
(188, 75),
(188, 76),
(188, 77),
(188, 103),
(188, 104),
(189, 36),
(189, 75),
(189, 76),
(189, 77),
(189, 103),
(189, 104),
(190, 51),
(190, 99),
(190, 109),
(190, 110),
(190, 111),
(191, 13),
(191, 15),
(191, 16),
(191, 17),
(191, 18),
(192, 2),
(192, 3),
(192, 34),
(192, 35),
(192, 38),
(193, 2),
(193, 3),
(193, 34),
(193, 35),
(193, 38),
(194, 3),
(194, 34),
(194, 35),
(194, 38),
(195, 21),
(195, 30),
(195, 31),
(195, 32),
(195, 33),
(196, 39),
(196, 53),
(196, 55),
(197, 21),
(197, 30),
(197, 31),
(197, 32),
(197, 33),
(198, 36),
(198, 75),
(198, 76),
(198, 77),
(198, 103),
(198, 104),
(199, 13),
(199, 15),
(199, 16),
(199, 17),
(199, 18),
(199, 19),
(200, 13),
(200, 15),
(200, 16),
(200, 17),
(200, 18),
(200, 19),
(201, 21),
(201, 30),
(201, 31),
(201, 32),
(201, 33),
(202, 4),
(202, 5),
(202, 7),
(202, 9),
(202, 101),
(203, 34),
(203, 35),
(204, 1),
(204, 35),
(204, 44),
(205, 19),
(205, 28),
(205, 29),
(205, 50),
(205, 97),
(205, 107),
(206, 35),
(207, 11),
(207, 14),
(207, 17),
(207, 18),
(208, 51),
(208, 99),
(208, 109),
(208, 110),
(208, 111),
(209, 20),
(209, 42),
(209, 46),
(209, 112),
(209, 113),
(210, 40),
(210, 41),
(210, 42),
(210, 43),
(210, 67),
(211, 29),
(211, 97),
(211, 98),
(211, 105),
(211, 106),
(211, 107),
(212, 20),
(212, 42),
(212, 46),
(212, 112),
(212, 113),
(213, 40),
(213, 41),
(213, 42),
(213, 43),
(213, 67),
(214, 29),
(214, 97),
(214, 98),
(214, 105),
(214, 106),
(214, 107),
(215, 40),
(215, 41),
(215, 42),
(215, 43),
(215, 67),
(216, 29),
(216, 98),
(216, 105),
(216, 106),
(216, 107),
(217, 71),
(217, 72),
(217, 73),
(217, 74),
(217, 96),
(217, 108),
(218, 29),
(218, 97),
(218, 98),
(218, 105),
(218, 106),
(218, 107),
(219, 29),
(219, 97),
(219, 98),
(219, 105),
(219, 106),
(219, 107),
(220, 71),
(220, 72),
(220, 73),
(220, 74),
(220, 96),
(220, 108),
(221, 71),
(221, 72),
(221, 73),
(221, 74),
(221, 96),
(221, 108),
(222, 71),
(222, 72),
(222, 73),
(222, 74),
(222, 96),
(222, 108),
(223, 40),
(223, 41),
(223, 42),
(223, 43),
(223, 67),
(224, 20),
(224, 42),
(224, 46),
(224, 112),
(224, 113),
(225, 29),
(225, 97),
(225, 98),
(225, 105),
(225, 106),
(225, 107),
(226, 20),
(226, 42),
(226, 46),
(226, 112),
(226, 113),
(227, 20),
(227, 42),
(227, 46),
(227, 112),
(227, 113),
(228, 20),
(228, 42),
(228, 46),
(228, 112),
(228, 113),
(229, 40),
(229, 41),
(229, 42),
(229, 43),
(229, 67),
(230, 44),
(230, 81),
(230, 82),
(230, 83),
(230, 84),
(230, 85),
(231, 23),
(231, 86),
(231, 87),
(231, 88),
(231, 89),
(232, 40),
(232, 41),
(232, 42),
(232, 43),
(232, 67),
(233, 23),
(233, 86),
(233, 87),
(233, 88),
(233, 89),
(234, 40),
(234, 41),
(234, 42),
(234, 43),
(234, 67),
(235, 20),
(235, 42),
(235, 46),
(235, 112),
(235, 113),
(236, 20),
(236, 42),
(236, 46),
(236, 112),
(236, 113),
(237, 20),
(237, 42),
(237, 46),
(237, 112),
(237, 113),
(238, 29),
(238, 97),
(238, 98),
(238, 105),
(238, 106),
(238, 107),
(239, 23),
(239, 86),
(239, 87),
(239, 88),
(239, 89),
(240, 40),
(240, 41),
(240, 42),
(240, 43),
(240, 67),
(241, 40),
(241, 41),
(241, 42),
(241, 43),
(241, 67),
(242, 51),
(242, 99),
(242, 109),
(242, 110),
(242, 111),
(243, 51),
(243, 99),
(243, 109),
(243, 110),
(243, 111),
(244, 20),
(244, 42),
(244, 46),
(244, 112),
(244, 113),
(245, 51),
(245, 99),
(245, 109),
(245, 110),
(245, 111),
(246, 29),
(246, 97),
(246, 98),
(246, 105),
(246, 106),
(246, 107),
(247, 29),
(247, 97),
(247, 98),
(247, 105),
(247, 106),
(247, 107),
(248, 40),
(248, 41),
(248, 42),
(248, 43),
(248, 67),
(249, 71),
(249, 72),
(249, 73),
(249, 74),
(249, 96),
(249, 108),
(250, 51),
(250, 99),
(250, 109),
(250, 110),
(250, 111),
(251, 5),
(251, 90),
(251, 91),
(251, 92),
(251, 94),
(252, 51),
(252, 99),
(252, 109),
(252, 110),
(252, 111),
(253, 29),
(253, 97),
(253, 98),
(253, 105),
(253, 106),
(253, 107),
(254, 29),
(254, 97),
(254, 98),
(254, 105),
(254, 106),
(254, 107),
(255, 20),
(255, 42),
(255, 46),
(255, 112),
(255, 113),
(256, 20),
(256, 42),
(256, 46),
(256, 112),
(256, 113),
(257, 23),
(257, 86),
(257, 87),
(257, 88),
(257, 89),
(258, 23),
(258, 86),
(258, 87),
(258, 88),
(258, 89),
(259, 40),
(259, 41),
(259, 42),
(259, 43),
(259, 67),
(260, 29),
(260, 97),
(260, 98),
(260, 105),
(260, 106),
(260, 107),
(261, 20),
(261, 42),
(261, 46),
(261, 112),
(261, 113),
(262, 20),
(262, 42),
(262, 46),
(262, 112),
(262, 113),
(263, 29),
(263, 97),
(263, 98),
(263, 105),
(263, 106),
(263, 107),
(264, 29),
(264, 97),
(264, 98),
(264, 105),
(264, 106),
(264, 107),
(265, 29),
(265, 97),
(265, 98),
(265, 105),
(265, 106),
(265, 107),
(266, 29),
(266, 97),
(266, 98),
(266, 105),
(266, 106),
(266, 107),
(267, 20),
(267, 42),
(267, 46),
(267, 112),
(267, 113),
(268, 29),
(268, 98),
(268, 105),
(268, 106),
(268, 107),
(269, 23),
(269, 86),
(269, 87),
(269, 88),
(269, 89),
(270, 24),
(270, 25),
(270, 26),
(270, 27),
(270, 52),
(271, 20),
(271, 42),
(271, 46),
(271, 112),
(271, 113),
(272, 40),
(272, 41),
(272, 42),
(272, 43),
(273, 51),
(273, 99),
(273, 109),
(273, 110),
(273, 111),
(274, 40),
(274, 41),
(274, 42),
(274, 43),
(274, 67),
(275, 51),
(275, 99),
(275, 109),
(275, 110),
(275, 111),
(276, 71),
(276, 72),
(276, 73),
(276, 74),
(276, 96),
(276, 108),
(277, 51),
(277, 99),
(277, 109),
(277, 110),
(277, 111),
(278, 23),
(278, 86),
(278, 87),
(278, 88),
(278, 89),
(279, 29),
(279, 97),
(279, 98),
(279, 105),
(279, 106),
(279, 107),
(280, 71),
(280, 72),
(280, 73),
(280, 74),
(280, 96),
(280, 108),
(281, 70),
(282, 27),
(282, 99),
(282, 109),
(282, 110),
(282, 111),
(283, 29),
(283, 97),
(283, 98),
(283, 105),
(283, 106),
(283, 107),
(284, 51),
(284, 99),
(284, 109),
(284, 110),
(284, 111),
(285, 40),
(285, 41),
(285, 42),
(285, 43),
(285, 67),
(286, 29),
(286, 97),
(286, 98),
(286, 105),
(286, 106),
(286, 107),
(287, 23),
(287, 49),
(287, 60),
(287, 86),
(287, 87),
(287, 88),
(287, 89),
(287, 103),
(288, 20),
(288, 42),
(288, 46),
(288, 112),
(288, 113),
(289, 51),
(289, 99),
(289, 109),
(289, 110),
(289, 111),
(290, 42),
(290, 46),
(290, 112),
(290, 113),
(291, 40),
(291, 41),
(291, 42),
(291, 43),
(291, 67),
(292, 13),
(292, 15),
(292, 16),
(292, 17),
(292, 18),
(292, 19),
(292, 28),
(293, 4),
(293, 6),
(293, 7),
(293, 8),
(293, 95),
(293, 101),
(293, 112),
(294, 29),
(294, 97),
(294, 98),
(294, 105),
(294, 106),
(294, 107),
(295, 23),
(295, 86),
(295, 87),
(295, 88),
(295, 89),
(296, 90),
(296, 91),
(296, 92),
(296, 93),
(296, 94),
(297, 23),
(297, 86),
(297, 87),
(297, 88),
(297, 89),
(298, 71),
(298, 72),
(298, 73),
(298, 74),
(298, 96),
(298, 108),
(299, 51),
(299, 99),
(299, 109),
(299, 110),
(299, 111),
(300, 23),
(300, 86),
(300, 87),
(300, 88),
(300, 89),
(301, 23),
(301, 86),
(301, 87),
(301, 88),
(301, 89),
(302, 71),
(302, 72),
(302, 73),
(302, 74),
(302, 96),
(302, 108),
(303, 20),
(303, 42),
(303, 46),
(303, 112),
(303, 113),
(304, 51),
(304, 99),
(304, 109),
(304, 110),
(304, 111),
(305, 29),
(305, 97),
(305, 98),
(305, 105),
(305, 106),
(305, 107),
(306, 20),
(306, 42),
(306, 46),
(306, 112),
(306, 113),
(307, 23),
(307, 86),
(307, 87),
(307, 88),
(307, 89),
(308, 23),
(308, 86),
(308, 87),
(308, 88),
(308, 89),
(309, 29),
(309, 97),
(309, 98),
(309, 105),
(309, 106),
(309, 107),
(310, 20),
(310, 42),
(310, 46),
(310, 112),
(310, 113),
(311, 51),
(311, 99),
(311, 109),
(311, 110),
(311, 111),
(312, 83),
(312, 84),
(313, 29),
(313, 97),
(313, 98),
(313, 105),
(313, 106),
(313, 107),
(314, 71),
(314, 72),
(314, 73),
(314, 74),
(314, 96),
(314, 108),
(315, 23),
(315, 86),
(315, 87),
(315, 88),
(315, 89),
(316, 23),
(316, 86),
(316, 87),
(316, 88),
(316, 89),
(317, 13),
(317, 28),
(317, 47),
(317, 48),
(317, 50),
(318, 40),
(318, 41),
(318, 42),
(318, 43),
(318, 67),
(319, 20),
(319, 42),
(319, 46),
(319, 112),
(319, 113),
(320, 20),
(320, 42),
(320, 46),
(320, 112),
(320, 113),
(321, 29),
(321, 97),
(321, 98),
(321, 105),
(321, 106),
(321, 107),
(322, 20),
(322, 42),
(322, 46),
(322, 112),
(322, 113),
(323, 29),
(323, 97),
(323, 98),
(323, 105),
(323, 106),
(323, 107),
(324, 21),
(324, 62),
(324, 63),
(324, 64),
(324, 66),
(325, 51),
(325, 99),
(325, 109),
(325, 110),
(325, 111),
(326, 29),
(326, 97),
(326, 98),
(326, 105),
(326, 106),
(326, 107),
(327, 71),
(327, 72),
(327, 73),
(327, 74),
(327, 96),
(327, 108),
(328, 40),
(328, 41),
(328, 42),
(328, 43),
(328, 67),
(329, 11),
(329, 13),
(329, 17),
(329, 18),
(329, 19),
(329, 28),
(329, 49),
(330, 90),
(330, 91),
(330, 92),
(330, 93),
(330, 94),
(330, 95),
(331, 40),
(331, 41),
(331, 42),
(331, 43),
(331, 67),
(332, 51),
(332, 99),
(332, 109),
(332, 110),
(332, 111),
(333, 40),
(333, 41),
(333, 42),
(333, 43),
(333, 67),
(334, 51),
(334, 54),
(334, 109),
(334, 110),
(334, 111),
(335, 40),
(335, 41),
(335, 42),
(335, 43),
(335, 67),
(336, 20),
(336, 42),
(336, 46),
(336, 112),
(336, 113),
(337, 28),
(337, 47),
(337, 48),
(337, 49),
(337, 50),
(338, 24),
(338, 25),
(338, 26),
(338, 27),
(338, 52),
(339, 44),
(339, 81),
(339, 82),
(339, 83),
(339, 84),
(339, 85),
(340, 44),
(340, 81),
(340, 82),
(340, 83),
(340, 84),
(340, 85),
(341, 28),
(341, 47),
(341, 48),
(341, 49),
(341, 50),
(342, 62),
(342, 63),
(342, 64),
(342, 65),
(342, 66),
(343, 62),
(343, 63),
(343, 64),
(343, 65),
(343, 66),
(344, 28),
(344, 47),
(344, 48),
(344, 49),
(344, 50),
(345, 44),
(345, 81),
(345, 82),
(345, 83),
(345, 84),
(345, 85),
(346, 62),
(346, 63),
(346, 64),
(346, 65),
(346, 66),
(347, 28),
(347, 47),
(347, 48),
(347, 49),
(347, 50),
(348, 44),
(348, 81),
(348, 82),
(348, 83),
(348, 84),
(348, 85),
(349, 44),
(349, 81),
(349, 82),
(349, 83),
(349, 84),
(349, 85),
(350, 23),
(350, 62),
(350, 64),
(350, 65),
(350, 66),
(351, 28),
(351, 47),
(351, 48),
(351, 49),
(351, 50),
(352, 28),
(352, 47),
(352, 48),
(352, 49),
(352, 50),
(353, 24),
(353, 25),
(353, 26),
(353, 27),
(353, 52),
(354, 44),
(354, 81),
(354, 82),
(354, 83),
(354, 84),
(354, 85),
(355, 44),
(355, 81),
(355, 82),
(355, 83),
(355, 84),
(355, 85),
(356, 44),
(356, 81),
(356, 82),
(356, 83),
(356, 84),
(356, 85),
(357, 24),
(357, 25),
(357, 26),
(357, 27),
(357, 52),
(358, 28),
(358, 47),
(358, 48),
(358, 49),
(358, 50),
(359, 28),
(359, 47),
(359, 48),
(359, 49),
(359, 50),
(360, 44),
(360, 81),
(360, 82),
(360, 83),
(360, 84),
(360, 85),
(361, 28),
(361, 47),
(361, 48),
(361, 49),
(361, 50),
(362, 24),
(362, 25),
(362, 26),
(362, 27),
(362, 52),
(363, 28),
(363, 47),
(363, 48),
(363, 49),
(363, 50),
(364, 44),
(364, 81),
(364, 82),
(364, 83),
(364, 84),
(364, 85),
(365, 44),
(365, 81),
(365, 82),
(365, 83),
(365, 84),
(365, 85),
(366, 44),
(366, 81),
(366, 82),
(366, 83),
(366, 84),
(366, 85),
(367, 44),
(367, 81),
(367, 82),
(367, 83),
(367, 84),
(367, 85),
(368, 49),
(368, 56),
(368, 57),
(368, 58),
(368, 61),
(368, 74),
(369, 44),
(369, 81),
(369, 82),
(369, 83),
(369, 84),
(369, 85),
(370, 24),
(370, 25),
(370, 26),
(370, 27),
(370, 52),
(371, 28),
(371, 47),
(371, 48),
(371, 49),
(371, 50),
(372, 49),
(372, 56),
(372, 57),
(372, 58),
(372, 60),
(372, 61),
(373, 44),
(373, 81),
(373, 82),
(373, 83),
(373, 84),
(373, 85),
(374, 44),
(374, 81),
(374, 83),
(374, 85),
(375, 44),
(375, 81),
(375, 82),
(375, 83),
(375, 84),
(375, 85),
(376, 62),
(376, 63),
(376, 64),
(376, 65),
(376, 66),
(377, 62),
(377, 63),
(377, 64),
(377, 65),
(377, 66),
(378, 44),
(378, 81),
(378, 82),
(378, 83),
(378, 84),
(378, 85),
(379, 28),
(379, 29),
(379, 48),
(379, 49),
(379, 50),
(380, 28),
(380, 47),
(380, 48),
(380, 49),
(380, 50),
(381, 44),
(381, 81),
(381, 82),
(381, 83),
(381, 84),
(381, 85),
(382, 28),
(382, 47),
(382, 48),
(382, 49),
(382, 50),
(383, 24),
(383, 25),
(383, 26),
(383, 27),
(383, 52),
(384, 2),
(384, 41),
(384, 42),
(384, 67),
(384, 68),
(385, 28),
(385, 47),
(385, 48),
(385, 49),
(385, 50),
(386, 62),
(386, 63),
(386, 64),
(386, 65),
(386, 66),
(387, 28),
(387, 47),
(387, 48),
(387, 49),
(387, 50),
(388, 40),
(388, 41),
(388, 42),
(388, 43),
(389, 49),
(389, 57),
(389, 58),
(389, 60),
(389, 61),
(390, 44),
(390, 81),
(390, 82),
(390, 83),
(390, 84),
(390, 85),
(391, 62),
(391, 63),
(391, 64),
(391, 65),
(391, 66),
(392, 49),
(392, 57),
(392, 58),
(392, 60),
(392, 61),
(393, 44),
(393, 81),
(393, 82),
(393, 83),
(393, 84),
(393, 85),
(394, 28),
(394, 47),
(394, 48),
(394, 49),
(394, 50),
(395, 49),
(395, 56),
(395, 57),
(395, 58),
(395, 60),
(395, 61),
(396, 44),
(396, 81),
(396, 82),
(396, 83),
(396, 84),
(396, 85),
(397, 2),
(397, 3),
(397, 34),
(397, 35),
(397, 38),
(398, 44),
(398, 82),
(398, 84),
(398, 85),
(398, 90),
(399, 24),
(399, 25),
(399, 26),
(399, 27),
(399, 52),
(400, 49),
(400, 56),
(400, 57),
(400, 58),
(400, 60),
(400, 61),
(400, 103),
(401, 62),
(401, 63),
(401, 64),
(401, 65),
(401, 66),
(402, 24),
(402, 25),
(402, 26),
(402, 27),
(402, 52),
(403, 28),
(403, 47),
(403, 48),
(403, 49),
(403, 50),
(404, 24),
(404, 25),
(404, 26),
(404, 27),
(404, 28),
(404, 47),
(404, 48),
(404, 49),
(404, 50),
(405, 28),
(405, 47),
(405, 48),
(405, 49),
(405, 50),
(406, 49),
(406, 56),
(406, 57),
(406, 58),
(406, 60),
(406, 61),
(407, 28),
(407, 47),
(407, 48),
(407, 49),
(407, 50),
(408, 24),
(408, 25),
(408, 26),
(408, 27),
(408, 52),
(409, 44),
(409, 81),
(409, 82),
(409, 83),
(409, 84),
(409, 85),
(410, 24),
(410, 25),
(410, 26),
(410, 27),
(410, 52),
(411, 41),
(411, 44),
(411, 67),
(411, 82),
(412, 24),
(412, 25),
(412, 26),
(412, 27),
(412, 52),
(413, 24),
(413, 25),
(413, 26),
(413, 27),
(413, 52),
(414, 44),
(414, 81),
(414, 82),
(414, 83),
(414, 84),
(414, 85),
(415, 62),
(415, 63),
(415, 64),
(415, 65),
(415, 66),
(416, 24),
(416, 25),
(416, 26),
(416, 27),
(416, 52),
(417, 62),
(417, 63),
(417, 64),
(417, 65),
(417, 66),
(418, 44),
(418, 81),
(418, 82),
(418, 83),
(418, 84),
(418, 85),
(419, 24),
(419, 25),
(419, 26),
(419, 27),
(419, 52),
(420, 49),
(420, 56),
(420, 58),
(420, 61),
(421, 24),
(421, 25),
(421, 26),
(421, 27),
(421, 52),
(422, 40),
(422, 41),
(422, 42),
(422, 43),
(422, 67),
(423, 44),
(423, 81),
(423, 82),
(423, 83),
(423, 84),
(423, 85),
(424, 44),
(424, 81),
(424, 83),
(424, 84),
(424, 85),
(425, 44),
(425, 81),
(425, 82),
(425, 83),
(425, 84),
(425, 85),
(426, 44),
(426, 81),
(426, 82),
(426, 83),
(426, 84),
(426, 85),
(427, 24),
(427, 25),
(427, 26),
(427, 27),
(427, 52),
(428, 44),
(428, 81),
(428, 82),
(428, 83),
(428, 84),
(428, 85),
(429, 44),
(429, 81),
(429, 82),
(429, 83),
(429, 84),
(429, 85),
(430, 44),
(430, 81),
(430, 82),
(430, 83),
(430, 84),
(430, 85),
(431, 42),
(431, 46),
(431, 90),
(431, 112),
(431, 113),
(432, 24),
(432, 25),
(432, 26),
(432, 27),
(432, 52),
(433, 44),
(433, 81),
(433, 82),
(433, 83),
(433, 84),
(433, 85),
(434, 24),
(434, 25),
(434, 26),
(434, 27),
(434, 52),
(435, 28),
(435, 47),
(435, 48),
(435, 49),
(435, 50),
(436, 62),
(436, 63),
(436, 64),
(436, 65),
(436, 66),
(437, 40),
(437, 41),
(437, 42),
(437, 43),
(438, 40),
(438, 41),
(438, 42),
(438, 43),
(439, 24),
(439, 25),
(439, 26),
(439, 27),
(439, 52),
(440, 24),
(440, 25),
(440, 26),
(440, 27),
(440, 52),
(441, 49),
(441, 56),
(441, 57),
(441, 58),
(441, 60),
(441, 61),
(441, 103),
(442, 44),
(442, 81),
(442, 82),
(442, 83),
(442, 84),
(442, 85),
(443, 24),
(443, 25),
(443, 26),
(443, 27),
(443, 52),
(444, 62),
(444, 63),
(444, 64),
(444, 65),
(444, 66),
(445, 44),
(445, 81),
(445, 82),
(445, 83),
(445, 84),
(445, 85),
(446, 44),
(446, 81),
(446, 82),
(446, 83),
(446, 84),
(446, 85),
(447, 62),
(447, 63),
(447, 64),
(447, 65),
(447, 66),
(448, 49),
(448, 57),
(448, 58),
(448, 60),
(448, 61),
(448, 103),
(449, 62),
(449, 63),
(449, 64),
(449, 65),
(449, 66),
(450, 44),
(450, 81),
(450, 82),
(450, 83),
(450, 84),
(450, 85),
(451, 44),
(451, 81),
(451, 82),
(451, 83),
(451, 84),
(451, 85),
(452, 44),
(452, 81),
(452, 82),
(452, 83),
(452, 84),
(452, 85),
(453, 44),
(453, 81),
(453, 82),
(453, 83),
(453, 84),
(453, 85),
(454, 24),
(454, 25),
(454, 26),
(454, 27),
(454, 110),
(455, 20),
(455, 42),
(455, 44),
(455, 83),
(455, 84),
(455, 85),
(456, 20),
(456, 42),
(456, 44),
(456, 83),
(456, 84),
(456, 85),
(457, 24),
(457, 25),
(457, 26),
(457, 27),
(457, 52),
(458, 44),
(458, 81),
(458, 82),
(458, 83),
(458, 84),
(458, 85),
(459, 42),
(459, 44),
(459, 81),
(459, 83),
(459, 84),
(459, 85),
(460, 28),
(460, 47),
(460, 48),
(460, 49),
(460, 50),
(461, 62),
(461, 64),
(461, 65),
(461, 66),
(462, 49),
(462, 57),
(462, 58),
(462, 60),
(462, 61),
(463, 44),
(463, 46),
(463, 82),
(463, 90),
(464, 24),
(464, 25),
(464, 26),
(464, 27),
(464, 52),
(465, 28),
(465, 47),
(465, 48),
(465, 49),
(465, 50),
(466, 49),
(466, 57),
(466, 58),
(466, 60),
(466, 61),
(467, 24),
(467, 25),
(467, 26),
(467, 27),
(467, 52),
(468, 49),
(468, 57),
(468, 58),
(468, 60),
(468, 61),
(468, 103),
(469, 62),
(469, 63),
(469, 64),
(469, 65),
(469, 66),
(470, 81),
(470, 82),
(470, 83),
(470, 84),
(470, 85),
(471, 44),
(471, 81),
(471, 82),
(471, 84),
(471, 85),
(472, 81),
(472, 82),
(472, 83),
(472, 84),
(472, 85),
(473, 43),
(474, 24),
(474, 25),
(474, 26),
(474, 27),
(474, 52),
(475, 49),
(475, 57),
(475, 58),
(475, 60),
(475, 61),
(476, 28),
(476, 47),
(476, 48),
(476, 49),
(477, 20),
(477, 42),
(477, 44),
(477, 83),
(477, 84),
(477, 85),
(478, 34),
(479, 63),
(479, 64),
(479, 65),
(479, 66),
(480, 34),
(481, 24),
(481, 25),
(481, 26),
(481, 27);

-- --------------------------------------------------------

--
-- Estrutura da tabela `periodo_letivo`
--

CREATE TABLE `periodo_letivo` (
  `id` int(11) NOT NULL,
  `codigo_periodo` varchar(45) NOT NULL
) ENGINE=InnoDB DEFAULT CHARSET=utf8;

--
-- Extraindo dados da tabela `periodo_letivo`
--

INSERT INTO `periodo_letivo` (`id`, `codigo_periodo`) VALUES
(0, 'todos'),
(1, '2018/2');

-- --------------------------------------------------------

--
-- Estrutura da tabela `provas`
--

CREATE TABLE `provas` (
  `id` int(11) NOT NULL,
  `nome` varchar(45) NOT NULL,
  `criado_em` datetime NOT NULL DEFAULT CURRENT_TIMESTAMP,
  `aplicacao` datetime NOT NULL,
  `qtd_questoes` int(11) NOT NULL,
  `tipo_prova` varchar(45) NOT NULL,
  `nota` float NOT NULL,
  `professor` int(10) UNSIGNED NOT NULL,
  `periodo_letivo` int(11) NOT NULL
) ENGINE=InnoDB DEFAULT CHARSET=utf8;

--
-- Extraindo dados da tabela `provas`
--

INSERT INTO `provas` (`id`, `nome`, `criado_em`, `aplicacao`, `qtd_questoes`, `tipo_prova`, `nota`, `professor`, `periodo_letivo`) VALUES
(1, 'Avaliação Global', '2018-10-18 20:37:09', '2018-10-18 00:00:00', 5, 'teste', 0, 10, 0),
(2, 'Avaliação Global', '2018-10-20 23:30:01', '2018-10-20 00:00:00', 5, 'Semestral', 0, 10, 0),
(3, 'teste', '2018-10-26 20:33:21', '2018-10-26 00:00:00', 12, 'Avaliação global', 0, 10, 1),
(4, 'Avaliação Global', '2018-10-31 21:07:11', '2018-10-30 00:00:00', 5, 'Avaliação global', 0, 10, 0),
(5, 'TESTE', '2018-10-31 19:24:40', '2018-12-01 00:00:00', 4, 'N SEI', 0, 10, 0),
(6, 'Avaliação Global', '2018-11-04 13:40:38', '2018-11-04 00:00:00', 5, 'Avaliação global', 0, 482, 0);

-- --------------------------------------------------------

--
-- Estrutura da tabela `questoes`
--

CREATE TABLE `questoes` (
  `id` int(10) UNSIGNED NOT NULL,
  `descricao` text NOT NULL,
  `criado_em` datetime NOT NULL DEFAULT CURRENT_TIMESTAMP,
  `disciplina` int(10) UNSIGNED NOT NULL,
  `peso` float NOT NULL,
  `professor` int(10) UNSIGNED NOT NULL,
  `imagem` varchar(200) DEFAULT NULL,
  `situacao` varchar(45) NOT NULL DEFAULT 'ativo',
  `periodo_letivo` int(11) NOT NULL
) ENGINE=InnoDB DEFAULT CHARSET=utf8;

--
-- Extraindo dados da tabela `questoes`
--

INSERT INTO `questoes` (`id`, `descricao`, `criado_em`, `disciplina`, `peso`, `professor`, `imagem`, `situacao`, `periodo_letivo`) VALUES
(58, '<p><strong>Normalmente, quantos litros de sangue uma pessoa tem? Em m&eacute;dia, quantos s&atilde;o retirados numa doa&ccedil;&atilde;o de sangue?</strong></p>\r\n', '2018-10-15 19:38:44', 2, 0, 10, NULL, 'ativo', 1),
(59, '<p><strong>De quem &eacute; a famosa frase &ldquo;Penso, logo existo&rdquo;?</strong></p>\r\n', '2018-10-15 19:40:26', 2, 0, 10, NULL, 'ativo', 0),
(60, '<p><strong>De onde &eacute; a inven&ccedil;&atilde;o do chuveiro el&eacute;trico?</strong></p>\r\n\r\n<p>&nbsp;</p>\r\n', '2018-10-15 19:41:09', 3, 0, 10, NULL, 'ativo', 0),
(61, '<h4><strong>O churrasco &eacute; uma comida t&iacute;pica de qual regi&atilde;o do Brasil?</strong></h4>\r\n\r\n<p><strong><img alt="" src="https://i0.wp.com/www.selecoes.com.br/wp-content/uploads/2017/12/churras.jpg" style="height:225px; width:400px" /></strong></p>\r\n\r\n<p>&nbsp;</p>\r\n\r\n<p>&nbsp;</p>\r\n\r\n<p>&nbsp;</p>\r\n', '2018-10-15 19:44:29', 3, 0, 10, NULL, 'ativo', 0),
(62, '<p><strong>Quais os nomes dos tr&ecirc;s Reis Magos?</strong></p>\r\n', '2018-10-15 19:48:34', 34, 0, 10, NULL, 'ativo', 0),
(65, '<p><strong>No que se refere a sistema de informa&ccedil;&atilde;o, analise as afirmativas.</strong></p>\r\n\r\n<p><strong>I - Um conjunto de componentes inter-relacionados que coletam ou recuperam, processam, armazenam e distribuem informa&ccedil;&otilde;es destinadas a apoiar a tomada de decis&otilde;es, a coordena&ccedil;&atilde;o e ao controle de uma organiza&ccedil;&atilde;o &eacute; uma dimens&atilde;o do sistema de informa&ccedil;&atilde;o.</strong></p>\r\n\r\n<p><strong>II - Informa&ccedil;&atilde;o refere-se a dados apresentados em uma forma significativa e &uacute;til para seres humanos e dados s&atilde;o sequ&ecirc;ncias de fatos brutos que representam eventos que ocorrem nas organiza&ccedil;&otilde;es ou no ambiente f&iacute;sico, antes de terem sido organizados e arranjados de uma forma que as pessoas possam entend&ecirc;-los e us&aacute;-los.</strong></p>\r\n\r\n<p><strong>III - Ao implantar um sistema de informa&ccedil;&atilde;o na organiza&ccedil;&atilde;o, haver&aacute; interfer&ecirc;ncia em seu subsistema t&eacute;cnico, social e pol&iacute;tico: no t&eacute;cnico, a organiza&ccedil;&atilde;o &eacute; afetada pelas novas t&eacute;cnicas e m&eacute;todos de trabalho; no social, altera-se a forma de relacionamento das pessoas entre si mesmas e das pessoas em rela&ccedil;&atilde;o ao sistema; no pol&iacute;tico, &eacute; modificada a rela&ccedil;&atilde;o de poderes e a informa&ccedil;&atilde;o.</strong></p>\r\n\r\n<p><strong>Est&aacute; correto o que se afirma em</strong></p>\r\n', '2018-10-15 20:03:37', 34, 0, 14, NULL, 'ativo', 0),
(66, '<p><strong>A classifica&ccedil;&atilde;o dos Sistemas de Informa&ccedil;&atilde;o computadorizados apresenta como crit&eacute;rio de categoriza&ccedil;&atilde;o o n&iacute;vel organizacional ao qual eles buscam atender, sendo definidos em tr&ecirc;s categorias essenciais:</strong></p>\r\n', '2018-10-15 20:04:42', 38, 0, 14, NULL, 'ativo', 0),
(67, '<p><strong>Considerando os elementos componentes dos Sistemas de Informa&ccedil;&atilde;o (SI) baseados em computadores, numere a coluna da direita de acordo com a da esquerda.</strong></p>\r\n\r\n<p><strong><img alt="" src="https://www.estudegratis.com.br/images/questoes/e1b0ab7158651a83254665489.gif" style="height:228px; width:400px" /></strong></p>\r\n\r\n<p><strong>Assinale a sequ&ecirc;ncia correta.</strong></p>\r\n', '2018-10-15 20:06:31', 38, 0, 14, NULL, 'ativo', 0),
(71, '<p><strong>teste</strong></p>\r\n', '2018-10-26 22:11:19', 35, 0, 10, NULL, 'ativo', 0),
(72, '<p>teste</p>\r\n', '2018-10-30 19:48:22', 35, 0, 10, NULL, 'ativo', 1);

-- --------------------------------------------------------

--
-- Estrutura da tabela `respostas`
--

CREATE TABLE `respostas` (
  `item_prova` int(10) UNSIGNED NOT NULL,
  `alternativa` int(11) NOT NULL,
  `criado_em` datetime NOT NULL DEFAULT CURRENT_TIMESTAMP,
  `aluno` int(10) UNSIGNED NOT NULL
) ENGINE=InnoDB DEFAULT CHARSET=utf8;

--
-- Extraindo dados da tabela `respostas`
--

INSERT INTO `respostas` (`item_prova`, `alternativa`, `criado_em`, `aluno`) VALUES
(1, 169, '2018-11-04 14:07:35', 192),
(2, 178, '2018-11-04 14:07:46', 192),
(3, 175, '2018-11-04 14:07:38', 192),
(4, 184, '2018-11-04 14:07:47', 192),
(5, 186, '2018-11-04 14:07:39', 192),
(6, 154, '2018-11-04 14:07:34', 192),
(7, 165, '2018-11-04 14:07:41', 192),
(8, 161, '2018-11-04 14:07:37', 192);

-- --------------------------------------------------------

--
-- Estrutura da tabela `sessoes`
--

CREATE TABLE `sessoes` (
  `id` int(10) UNSIGNED NOT NULL,
  `usuario` int(10) UNSIGNED NOT NULL,
  `inicio` datetime NOT NULL DEFAULT CURRENT_TIMESTAMP,
  `termino` datetime DEFAULT NULL
) ENGINE=InnoDB DEFAULT CHARSET=utf8;

--
-- Extraindo dados da tabela `sessoes`
--

INSERT INTO `sessoes` (`id`, `usuario`, `inicio`, `termino`) VALUES
(33, 12, '2018-10-18 20:52:40', NULL),
(34, 12, '2018-10-18 20:53:39', NULL),
(39, 11, '2018-10-31 19:31:37', '2018-10-31 20:10:09'),
(40, 10, '2018-11-04 13:42:46', NULL),
(41, 10, '2018-11-04 13:42:46', NULL),
(42, 10, '2018-11-04 13:42:46', NULL),
(43, 10, '2018-11-04 13:42:46', NULL),
(44, 10, '2018-11-04 13:42:47', NULL),
(45, 10, '2018-11-04 13:42:47', NULL),
(46, 10, '2018-11-04 13:42:47', NULL),
(47, 10, '2018-11-04 13:42:47', NULL),
(48, 10, '2018-11-04 13:42:48', NULL),
(49, 10, '2018-11-04 13:48:30', NULL),
(50, 10, '2018-11-04 13:51:18', NULL),
(51, 192, '2018-11-04 14:07:25', NULL);

-- --------------------------------------------------------

--
-- Estrutura da tabela `usuarios`
--

CREATE TABLE `usuarios` (
  `id` int(10) UNSIGNED NOT NULL,
  `nome` varchar(75) NOT NULL,
  `codigo` varchar(4) NOT NULL,
  `senha` varchar(200) NOT NULL,
  `contexto` enum('aluno','professor','administrador') DEFAULT 'aluno'
) ENGINE=InnoDB DEFAULT CHARSET=utf8;

--
-- Extraindo dados da tabela `usuarios`
--

INSERT INTO `usuarios` (`id`, `nome`, `codigo`, `senha`, `contexto`) VALUES
(1, 'UILIAM SKOMRA', '0185', '123456', 'aluno'),
(2, 'CLAUDIA MANTOVANI BRZEZINSKI', '1022', '123456', 'aluno'),
(3, 'SOLANGE TORRES', '1060', '123456', 'aluno'),
(4, 'CHALINE COLLET DE QUADROS', '1162', '123456', 'aluno'),
(5, 'FERNANDO D AGOSTINI', '1496', '123456', 'aluno'),
(6, 'VAGNER JOEL CABRAL TERRA', '1740', '123456', 'aluno'),
(7, 'MARLEI FLÁVIA KESSLER', '1761', '123456', 'aluno'),
(8, 'LUCIANA SZCZEPKOWSKI', '1816', '123456', 'aluno'),
(9, 'FERNANDO GIRELLI', '1837', '123456', 'aluno'),
(10, 'ARMINDO VERUS', '1896', '123456', 'aluno'),
(11, 'RAÍ  VENDRUSCOLO', '1905', '123456', 'aluno'),
(12, 'RODRIGO LUDOVICO PRICHOA', '1907', '123456', 'aluno'),
(13, 'MARCOS PAULO CONFORTIN', '1938', '123456', 'aluno'),
(14, 'GEORGE AUGUSTO ROMANO', '1959', '123456', 'aluno'),
(15, 'GABRIELA CECCHIN', '2070', '123456', 'aluno'),
(16, 'ITAMARA HANAUER', '2239', '123456', 'aluno'),
(17, 'LUCIANE POSTAL', '2264', '123456', 'aluno'),
(18, 'DANIEL BASSO DIDONÉ', '2279', '123456', 'aluno'),
(19, 'MARCELO AUGUSTO NESTOR', '2294', '123456', 'aluno'),
(20, 'GABRIEL FELIPETTO', '2547', '123456', 'aluno'),
(21, 'GABRIEL RENATO FERRAZZO', '2550', '123456', 'aluno'),
(22, 'BERNARDO AUGUSTO CHIAPETTI', '2602', '123456', 'aluno'),
(23, 'MARINA SMANIOTTO', '2719', '123456', 'aluno'),
(24, 'JACIR BOLIS JUNIOR', '2730', '123456', 'aluno'),
(25, 'RAFAEL DOMINGOS AZEVEDO DA SILVA', '2734', '123456', 'aluno'),
(26, 'LEONARDO LUCAS LIESCH', '2800', '123456', 'aluno'),
(27, 'JÚLIA CAROLINA RAMISCH', '2882', '123456', 'aluno'),
(28, 'ANA PAULA BONATTO', '3262', '123456', 'aluno'),
(29, 'EMANUEL CRISTÓVON TRINDADE', '3302', '123456', 'aluno'),
(30, 'ANDRÉA RODRIGUES CANDIDA SALES ', '3365', '123456', 'aluno'),
(31, 'ÉRIK JOSÉ DE CAMPOS', '3635', '123456', 'aluno'),
(32, 'WELLINGTON LUÍS MUSSIOL', '3696', '123456', 'aluno'),
(33, 'DIEGO GEWINSKI', '3741', '123456', 'aluno'),
(34, 'GIAN LUCAS BIANCHETTO', '3764', '123456', 'aluno'),
(35, 'CASSIANA STRIESKI', '3777', '123456', 'aluno'),
(36, 'VERÔNICA WASKIEWIC', '3787', '123456', 'aluno'),
(37, 'MATEUS ROGINSKI', '3820', '123456', 'aluno'),
(38, 'DANIELA ANA ANTKIEWICZ', '3855', '123456', 'aluno'),
(39, 'ANDERSON LUIS DE OLIVEIRA', '3910', '123456', 'aluno'),
(40, 'TAÍS POGORZELSKI', '3947', '123456', 'aluno'),
(41, 'ALESSANDRO FLORES DOS SANTOS', '3957', '123456', 'aluno'),
(42, 'MARCELO FIABANI', '4192', '123456', 'aluno'),
(43, 'VERÔNICA GZIEBIELUKA', '4226', '123456', 'aluno'),
(44, 'JONAS LEVI SCANDOLARA', '4394', '123456', 'aluno'),
(45, 'ROCHELI PAULA OTOWICZ', '4396', '123456', 'aluno'),
(46, 'TATIANE DE RÉ', '4400', '123456', 'aluno'),
(47, 'ISMAEL IGOR KWOLL', '4405', '123456', 'aluno'),
(48, 'GIAN CARLO POLONI', '4406', '123456', 'aluno'),
(49, 'GIOVANNI FAGGION BACÊDO', '4407', '123456', 'aluno'),
(50, 'CAROLINE LEMES DA SILVA', '4408', '123456', 'aluno'),
(51, 'DJEISON FERNANDO KARLING DE ABREU', '4410', '123456', 'aluno'),
(52, 'ALANA SARTORI DA SILVA', '4412', '123456', 'aluno'),
(53, 'LUNARA FALCÃO PINTO', '4413', '123456', 'aluno'),
(54, 'MARICELI DOS SANTOS MONTEIRO', '4416', '123456', 'aluno'),
(55, 'BERNARDO FRACARO', '4419', '123456', 'aluno'),
(56, 'ADRIANO DOMINGUES', '4420', '123456', 'aluno'),
(57, 'PATRICIA BARETTA', '4421', '123456', 'aluno'),
(58, 'LUAN BLEIL', '4423', '123456', 'aluno'),
(59, 'PÂMELA TALIA DA ROSA SEGATTI', '4426', '123456', 'aluno'),
(60, 'MATEUS MARIANO WILK', '4429', '123456', 'aluno'),
(61, 'VANESSA CORBARI', '4430', '123456', 'aluno'),
(62, 'MATEUS EDIR DUDECK', '4432', '123456', 'aluno'),
(63, 'JANAÍNA DE AZEVEDO BLEIL', '4434', '123456', 'aluno'),
(64, 'MARISA LUCIANA WOLSKI', '4436', '123456', 'aluno'),
(65, 'TAIS MARTINS', '4438', '123456', 'aluno'),
(66, 'BRUNA DOS SANTOS DA COSTA', '4441', '123456', 'aluno'),
(67, 'LUCIELE SANTA CATARINA', '4443', '123456', 'aluno'),
(68, 'ADRIANA PRISCILA BARP', '4446', '123456', 'aluno'),
(69, 'MARCELO SALCHER', '4447', '123456', 'aluno'),
(70, 'LUANA LODÉA', '4448', '123456', 'aluno'),
(71, 'ANGELICA TERESINHA DA ROSA LEITÃO', '4449', '123456', 'aluno'),
(72, 'MILENA LEANDRA MAITO', '4452', '123456', 'aluno'),
(73, 'JONES LUIS BERTUZZI', '4455', '123456', 'aluno'),
(74, 'GREICI PAULA LOVERA', '4456', '123456', 'aluno'),
(75, 'KARINE BALESTRIN', '4458', '123456', 'aluno'),
(76, 'CAROLINE FIN BATISTA', '4459', '123456', 'aluno'),
(77, 'GABRIELE BARBARA PASQUATO', '4462', '123456', 'aluno'),
(78, 'DANIELA FATIMA COLLA', '4467', '123456', 'aluno'),
(79, 'PATRICIA SANTA CATARINA RODRIGUES DOS SANTOS', '4472', '123456', 'aluno'),
(80, 'CLEISSON FRAMENTO', '4474', '123456', 'aluno'),
(81, 'RAISSA BRUNA ZAIONS', '4477', '123456', 'aluno'),
(82, 'TAUANA DA SILVA', '4478', '123456', 'aluno'),
(83, 'MIZAELI MARIA BERNSTEIN', '4479', '123456', 'aluno'),
(84, 'CAROLINA MARINI GARBIN', '4488', '123456', 'aluno'),
(85, 'JAMILE SYCHOCKI', '4490', '123456', 'aluno'),
(86, 'JULIANA ANTUNES DE OLIVEIRA', '4495', '123456', 'aluno'),
(87, 'EDILENE MARIA SROCZYNSKI', '4499', '123456', 'aluno'),
(88, 'GABRIELA GODOY CORDEIRO', '4506', '123456', 'aluno'),
(89, 'KATIANE DOMINGUES', '4510', '123456', 'aluno'),
(90, 'MARIA FERNANDA BRACCINI', '4513', '123456', 'aluno'),
(91, 'ANA CAROLINA TARTARI', '4527', '123456', 'aluno'),
(92, 'MARIA HELENA MENEGAT', '4548', '123456', 'aluno'),
(93, 'EDUARDO TOMAZONI VENDRUSCOLO', '4572', '123456', 'aluno'),
(94, 'NILMAR FERRARI FABRO', '4615', '123456', 'aluno'),
(95, 'ALAN ANTONIO JACUNIAK', '4619', '123456', 'aluno'),
(96, 'RODRIGO ZIEMNICZAK', '4623', '123456', 'aluno'),
(97, 'RENATA CONCI', '4625', '123456', 'aluno'),
(98, 'MURILO TALIS FAÉ', '4627', '123456', 'aluno'),
(99, 'JANICE CRISTINA WINTER', '4628', '123456', 'aluno'),
(100, 'ALESSANDRO CORRÊA GONZALEZ', '4633', '123456', 'aluno'),
(101, 'HILDA FATIMA DA ROCHA', '4634', '123456', 'aluno'),
(102, 'GÉSSICA CHAIANE TOMKIEL', '4637', '123456', 'aluno'),
(103, 'ANGÉLICA GIORDANI', '4649', '123456', 'aluno'),
(104, 'SUSUANA NAA OYOO QUARTEY', '4658', '123456', 'aluno'),
(105, 'BISMARCK CLAXTON KPOBIE', '4659', '123456', 'aluno'),
(106, 'LAUD AUGUSTUS NII ADDO MINGLE', '4660', '123456', 'aluno'),
(107, 'JÉSSICA LIVI', '4662', '123456', 'aluno'),
(108, 'VALÉRIA KORBUS', '4663', '123456', 'aluno'),
(109, 'FERNANDA RODRIGUES FERREIRA EUDES', '4669', '123456', 'aluno'),
(110, 'MAYKOL WILIAN PIAZZA', '4671', '123456', 'aluno'),
(111, 'TANIA VANESSA DOS SANTOS ROMANOSKI', '4676', '123456', 'aluno'),
(112, 'ÉMELIN RAQUEL MENEGUZZI', '4680', '123456', 'aluno'),
(113, 'JOÃO LEONARDO RONSONI', '4687', '123456', 'aluno'),
(114, 'GUILHERME DE MATOS', '4717', '123456', 'aluno'),
(115, 'RAFAEL LAZZAROTTO', '4779', '123456', 'aluno'),
(116, 'EZEQUIEL MENEGÁS', '4781', '123456', 'aluno'),
(117, 'RAQUEL POSSOBON', '4782', '123456', 'aluno'),
(118, 'CRISLAINE AMÁLIA WAGNER', '4785', '123456', 'aluno'),
(119, 'SANDRA PAULA DO NASCIMENTO BARBISAN ', '4786', '123456', 'aluno'),
(120, 'MIRCA ELSENBACH', '4818', '123456', 'aluno'),
(121, 'JORGE ALBERTO KUFNER', '4825', '123456', 'aluno'),
(122, 'CARLA MARIA DE RÉ', '4829', '123456', 'aluno'),
(123, 'ALESSANDRA NATALI BASSO', '4831', '123456', 'aluno'),
(124, 'EDUARDA DOM DEMETRIO', '4887', '123456', 'aluno'),
(125, 'GABRIELE ANTONIETTI MEDTLER', '4888', '123456', 'aluno'),
(126, 'BRUNA CARLA STRINGHINI POZZEBON', '4889', '123456', 'aluno'),
(127, 'CAROLINE BARBOSA DE SOUZA', '4901', '123456', 'aluno'),
(128, 'MATHEUS WILLIAN DA SILVA', '4903', '123456', 'aluno'),
(129, 'TAINARA OLIVEIRA OZÓRIO', '4904', '123456', 'aluno'),
(130, 'SIMONE ECCO', '4907', '123456', 'aluno'),
(131, 'NATÁLIA MOHR', '4911', '123456', 'aluno'),
(132, 'MARCELO BOLLER', '4912', '123456', 'aluno'),
(133, 'SUCENA ALVES BORGES', '4915', '123456', 'aluno'),
(134, 'LUIZ EDUARDO SOARES PINHEIRO', '4916', '123456', 'aluno'),
(135, 'YONÁ PERTILLE PICOLI', '4917', '123456', 'aluno'),
(136, 'MICHELE IARA LIESCH', '4918', '123456', 'aluno'),
(137, 'EVERTON PAFUSKI', '4919', '123456', 'aluno'),
(138, 'GABRIELA MARIA PANSERA', '4924', '123456', 'aluno'),
(139, 'ROBERTA CURZEE ROMANI', '4927', '123456', 'aluno'),
(140, 'EDUARDA PAULA PERKUHN', '4930', '123456', 'aluno'),
(141, 'RENATA VEDOVATTO BARROS', '4931', '123456', 'aluno'),
(142, 'MARCOS DE VARGAS PINTO', '4935', '123456', 'aluno'),
(143, 'JOÃO CANABARRO CAMPOS', '4936', '123456', 'aluno'),
(144, 'DANIEL BERLANDA ZANFERRARI', '4946', '123456', 'aluno'),
(145, 'JÚLIA MARTINS', '4948', '123456', 'aluno'),
(146, 'PRISCILA PERETO MICHESKI', '4950', '123456', 'aluno'),
(147, 'GRIGOR HENRIQUE MENIN', '4951', '123456', 'aluno'),
(148, 'JUCIMAR CLEITON STROHER', '4952', '123456', 'aluno'),
(149, 'DIEGO GIOVANI BOLLER', '4955', '123456', 'aluno'),
(150, 'GABRIELA MINGORI', '4956', '123456', 'aluno'),
(151, 'MARA RUTE HIRT', '4958', '123456', 'aluno'),
(152, 'MATHEUS ANDRÉ GIACOMELLI BATISTA DA SILVA', '4959', '123456', 'aluno'),
(153, 'CRISTIAN WILLIAM ALBRECHT', '4964', '123456', 'aluno'),
(154, 'VIVIANE NAVA', '4965', '123456', 'aluno'),
(155, 'GABRIEL HOLLANDER BERNARDI', '4968', '123456', 'aluno'),
(156, 'WILLIAN HENRIQUE BALBINOTT', '4969', '123456', 'aluno'),
(157, 'TOBIAS LEOPOLDO DOS SANTOS', '4973', '123456', 'aluno'),
(158, 'RAFAEL LUCAS DE ARAUJO', '4978', '123456', 'aluno'),
(159, 'MARCELO WOJEIECHOWSKI', '4979', '123456', 'aluno'),
(160, 'LUANA ANDRESSA DELIBERAL', '4980', '123456', 'aluno'),
(161, 'GALVIN RENI PRILLA', '4981', '123456', 'aluno'),
(162, 'TAÍS CRISTINA MOREIRA', '4982', '123456', 'aluno'),
(163, 'PÂMELA RENATA NERI', '4985', '123456', 'aluno'),
(164, 'ANDRESSA FAGANELLO', '4989', '123456', 'aluno'),
(165, 'STEFFANY MURIELLI BATISTA MURARI', '4993', '123456', 'aluno'),
(166, 'SAMUEL BOBERMEN DE SOUZA', '4995', '123456', 'aluno'),
(167, 'MATHEUS ONGARATTO', '4996', '123456', 'aluno'),
(168, 'KAREN RENATA PSIDONIK', '5003', '123456', 'aluno'),
(169, 'GABRIEL PROVIN BOBADILLA', '5005', '123456', 'aluno'),
(170, 'JOÃO PAULO CHAGAS DAMBROS', '5007', '123456', 'aluno'),
(171, 'DIEGO RAFAIN', '5025', '123456', 'aluno'),
(172, 'ANDERSON LUIS POCHMANN', '5029', '123456', 'aluno'),
(173, 'HENRIQUE SMANIOTTO', '5031', '123456', 'aluno'),
(174, 'CÉLIO FERREIRA DA CRUZ', '5033', '123456', 'aluno'),
(175, 'LEANDRO LOPES TIZOCO', '5034', '123456', 'aluno'),
(176, 'MIKAEL POWZUM AMORIM', '5036', '123456', 'aluno'),
(177, 'JOSIMAR ANDRÉ ANZOLIN', '5039', '123456', 'aluno'),
(178, 'MICHELE CARLA TROMBETA', '5040', '123456', 'aluno'),
(179, 'TATIANE JÉSSICA DE MEDEIROS', '5041', '123456', 'aluno'),
(180, 'FERNANDO LUIZ DA SILVA', '5050', '123456', 'aluno'),
(181, 'CRISTIANO BIOLO JÚNIOR', '5054', '123456', 'aluno'),
(182, 'LUANA SALETE GIESEL', '5055', '123456', 'aluno'),
(183, 'GIOVANA CRISTINA TORTELLI', '5061', '123456', 'aluno'),
(184, 'LEONARDO PAOLO FERRARI MADRID', '5064', '123456', 'aluno'),
(185, 'LEONARDO BRANCHER BAMPI', '5067', '123456', 'aluno'),
(186, 'PABLO LIOTTO DONIDA PEDROSO', '5068', '123456', 'aluno'),
(187, 'GRACIELA FERNANDES PRESTES', '5077', '123456', 'aluno'),
(188, 'CRISTIAN JAILSON PEREIRA DUARTE', '5082', '123456', 'aluno'),
(189, 'GUILHERME PARIS', '5083', '123456', 'aluno'),
(190, 'LUCAS SILVANO FAROFA', '5159', '123456', 'aluno'),
(191, 'LISIÊ MASSAROTTO', '5161', '123456', 'aluno'),
(192, 'ROBERTO CARLOS ORSO', '5164', '123456', 'aluno'),
(193, 'SIMONE ARNDT TERRA', '5165', '123456', 'aluno'),
(194, 'GÉSSICA DIAS DE ABREU', '5166', '123456', 'aluno'),
(195, 'LUCAS BADALOTTI PETKOVICZ', '5167', '123456', 'aluno'),
(196, 'SILVAN DEMARCO', '5168', '123456', 'aluno'),
(197, 'JOSIELE FÁTIMA WEIRICH', '5169', '123456', 'aluno'),
(198, 'VICENTE GABRIEL BARBOSA SFATOSKI', '5170', '123456', 'aluno'),
(199, 'RAFAELA PRÛN-JÊ DE OLIVEIRA', '5172', '123456', 'aluno'),
(200, 'CAROLINE MARTINS', '5178', '123456', 'aluno'),
(201, 'CAMILA VANZ MARCOLIN', '5179', '123456', 'aluno'),
(202, 'TATIANE BOTH', '5180', '123456', 'aluno'),
(203, 'ANDERSON BATISTELA', '5184', '123456', 'aluno'),
(204, 'ANDRESSA PAULA BATTISTI', '5187', '123456', 'aluno'),
(205, 'VITORYA CAROLINA ZANATTA BARROSO', '5189', '123456', 'aluno'),
(206, 'MAIARA FÁTIMA MAY', '5190', '123456', 'aluno'),
(207, 'ALINE RONSONI DE OLIVEIRA', '5218', '123456', 'aluno'),
(208, 'CAUÊ MICHIELIN BONORINO', '5267', '123456', 'aluno'),
(209, 'CHALINE CRISTINA BANFI', '5268', '123456', 'aluno'),
(210, 'TAINÁ SAVI BUSIKE', '5269', '123456', 'aluno'),
(211, 'JÉSSICA CAROLINE BIEDACHA', '5271', '123456', 'aluno'),
(212, 'ANGELICA MARIA MAKIJEWSKI', '5272', '123456', 'aluno'),
(213, 'TAINÁ PERTILLE PICOLI', '5273', '123456', 'aluno'),
(214, 'ANDRESSA TOMASINI', '5275', '123456', 'aluno'),
(215, 'GESSICA NAZARIO BORBA', '5276', '123456', 'aluno'),
(216, 'ALESSANDRA TAÍS NAZARIO RIBEIRO', '5277', '123456', 'aluno'),
(217, 'CLAIR FABRICIO BONAZZI', '5278', '123456', 'aluno'),
(218, 'LARISSA DE LIMA', '5279', '123456', 'aluno'),
(219, 'CARINA TURSKI', '5280', '123456', 'aluno'),
(220, 'FERNANDO BRESSIANI', '5282', '123456', 'aluno'),
(221, 'ANTONIO CRISTIANO MUNARI', '5283', '123456', 'aluno'),
(222, 'ALEXANDRE DESORDI DALLAGNOL', '5286', '123456', 'aluno'),
(223, 'THAINÁ CARRERA ROMMEL', '5287', '123456', 'aluno'),
(224, 'MILENA GIACOMOLLI', '5289', '123456', 'aluno'),
(225, 'IARA TORRES SCZEFS', '5290', '123456', 'aluno'),
(226, 'ANA PAULA BERGAMIN', '5293', '123456', 'aluno'),
(227, 'RAFAELA CAROLINE DEL PRÁ', '5294', '123456', 'aluno'),
(228, 'ELIS MARINA MAZZONETTO', '5296', '123456', 'aluno'),
(229, 'CIMARA BRUNA BEDENDE', '5298', '123456', 'aluno'),
(230, 'ANTHONI BATTISTI VARGAS', '5300', '123456', 'aluno'),
(231, 'MILENE SACCOMORI', '5301', '123456', 'aluno'),
(232, 'SAMANTA LUZIA RISSON', '5302', '123456', 'aluno'),
(233, 'ELOISA BORDIGNON', '5303', '123456', 'aluno'),
(234, 'LUIS HENRIQUE BIAVATTI', '5304', '123456', 'aluno'),
(235, 'STÉPHANI LUISA OZIEMBLOWSKI AZAMBUJA', '5306', '123456', 'aluno'),
(236, 'JACSON VINÍCIUS GRANDO', '5307', '123456', 'aluno'),
(237, 'MAIARA CLAIR BORGES', '5310', '123456', 'aluno'),
(238, 'ANANDA DAVIDONIS VARGAS', '5312', '123456', 'aluno'),
(239, 'PATRICIO BRANDALIZE', '5314', '123456', 'aluno'),
(240, 'MARIÉLE OSTROWSKI', '5315', '123456', 'aluno'),
(241, 'ANGÉLICA FÁTIMA ZIN RIGO', '5316', '123456', 'aluno'),
(242, 'WAGNER PRAZMOWSKI', '5318', '123456', 'aluno'),
(243, 'EUNIR KAISER', '5320', '123456', 'aluno'),
(244, 'DAIANE VANESSA PILONI BERTUOL', '5322', '123456', 'aluno'),
(245, 'JÔNATAS SFREDO', '5323', '123456', 'aluno'),
(246, 'FABÍOLA MADEY BONAVIGO', '5324', '123456', 'aluno'),
(247, 'RAFAELA SOARES', '5326', '123456', 'aluno'),
(248, 'ALINE KISSEL', '5328', '123456', 'aluno'),
(249, 'GUILHERME LETTRARI ECHER', '5330', '123456', 'aluno'),
(250, 'HENRIQUE DREWS', '5331', '123456', 'aluno'),
(251, 'DAIANA MARIA SEMENUK JUTKOVSKI ', '5332', '123456', 'aluno'),
(252, 'MAICON ARTUZO KREBS', '5333', '123456', 'aluno'),
(253, 'DANIELA FATIMA DE SOUZA', '5334', '123456', 'aluno'),
(254, 'JUSANAN THAIS FELDENS', '5335', '123456', 'aluno'),
(255, 'CARLA LETÍCIA MIOLA MALVESTI', '5336', '123456', 'aluno'),
(256, 'LETÍCIA TRINDADE PAULA RODRIGUES', '5337', '123456', 'aluno'),
(257, 'NATALLI TEIXEIRA', '5338', '123456', 'aluno'),
(258, 'LELIANA BONFANTE', '5342', '123456', 'aluno'),
(259, 'ANDRESSA MAÍSA CEZANIAK DE OLIVEIRA ', '5345', '123456', 'aluno'),
(260, 'JULIA MARA MOSSI', '5346', '123456', 'aluno'),
(261, 'BRUNA SELIVON', '5348', '123456', 'aluno'),
(262, 'EDUARDO MOCELLIN DELIBERAL', '5353', '123456', 'aluno'),
(263, 'LUANA DALL AGNOL', '5354', '123456', 'aluno'),
(264, 'ALANE GASPARETTO', '5356', '123456', 'aluno'),
(265, 'LETÍCIA DALL AGNOL', '5360', '123456', 'aluno'),
(266, 'LUANA LAZARI', '5361', '123456', 'aluno'),
(267, 'GABRIEL ELLYAS SAVIGHAGO CHAVES', '5363', '123456', 'aluno'),
(268, 'TATIANE SANDRA LOPES', '5365', '123456', 'aluno'),
(269, 'CHALINE TRENTIN', '5369', '123456', 'aluno'),
(270, 'ALESSANDRA LUCIA ANDREOLLA RODRIGUES', '5371', '123456', 'aluno'),
(271, 'ALESSON BREITENBACH', '5372', '123456', 'aluno'),
(272, 'DARLAN WILLIAN SCHÄFER', '5373', '123456', 'aluno'),
(273, 'RAFAEL ALEXANDRE DOS REIS', '5377', '123456', 'aluno'),
(274, 'GUSTAVO DANILO GRISELI', '5380', '123456', 'aluno'),
(275, 'JOÃO VICENTE CARBONERA', '5381', '123456', 'aluno'),
(276, 'MARCELO RIBEIRO PIRES', '5382', '123456', 'aluno'),
(277, 'MILENA STRIESKI', '5386', '123456', 'aluno'),
(278, 'DAIANE MIORELLI COLLING', '5390', '123456', 'aluno'),
(279, 'MAYANA TAPPARELLO MUNARI', '5391', '123456', 'aluno'),
(280, 'ELIELTO DENILTO DALMUTH', '5393', '123456', 'aluno'),
(281, 'MARCELO LASARI', '5395', '123456', 'aluno'),
(282, 'VINICIOS JOSÉ GONÇALVES DE JESUS', '5397', '123456', 'aluno'),
(283, 'SIMONE MICHELIN  COSTA AMATUZI ', '5401', '123456', 'aluno'),
(284, 'OSÉIAS ANDERSON DA SILVA', '5403', '123456', 'aluno'),
(285, 'EDUARDO PEREIRA', '5405', '123456', 'aluno'),
(286, 'BRUNA KELLYN MELLO MACHADO', '5407', '123456', 'aluno'),
(287, 'FRANCIANE KOSSMANN', '5414', '123456', 'aluno'),
(288, 'TAZIANE LUCIA BALDISSERA', '5415', '123456', 'aluno'),
(289, 'MAURÍCIO FERNANDO SAQUINI BRUSCHI', '5416', '123456', 'aluno'),
(290, 'MILENE NATÁLIA RIGO', '5417', '123456', 'aluno'),
(291, 'DOUGLAS LUIS LEISER', '5420', '123456', 'aluno'),
(292, 'GISSELE FÁTIMA DASSI', '5421', '123456', 'aluno'),
(293, 'CLAUDIANE FRANCIELE JACUNIAK', '5424', '123456', 'aluno'),
(294, 'ANDRÉIA GONÇALVES DA ROSA', '5430', '123456', 'aluno'),
(295, 'VÍVIAM LIANA PULTER DOS SANTOS ', '5431', '123456', 'aluno'),
(296, 'IVAN LUÍS MALVESTI', '5444', '123456', 'aluno'),
(297, 'GLÁUCIA OLIVEIRA FLORIANO', '5445', '123456', 'aluno'),
(298, 'IURI SAMUEL DO NASCIMENTO', '5503', '123456', 'aluno'),
(299, 'MATEUS VINÍCIUS FÁVERO', '5504', '123456', 'aluno'),
(300, 'RUTIELLE DE ARAÚJO DOS SANTOS', '5506', '123456', 'aluno'),
(301, 'MIRIAM SALETE OLSCZEWSKI', '5507', '123456', 'aluno'),
(302, 'JOSÉ PRZYLEPA', '5508', '123456', 'aluno'),
(303, 'ELOÍSA MÜLLER TEFILI', '5509', '123456', 'aluno'),
(304, 'HÉRICK DA COSTA WILKE', '5510', '123456', 'aluno'),
(305, 'MARILEUSA KUHN', '5512', '123456', 'aluno'),
(306, 'DENER UILIAN PERTUZZATTI', '5514', '123456', 'aluno'),
(307, 'LUÍS GUILHERME TORRES FERNANDES', '5515', '123456', 'aluno'),
(308, 'SUÉLEN SUZANE PETTER', '5516', '123456', 'aluno'),
(309, 'FRANCIELI DE QUADROS', '5517', '123456', 'aluno'),
(310, 'ELAINE ROBERTA OSTROWSKI', '5520', '123456', 'aluno'),
(311, 'MATEUS MARQUES DE CASTRO', '5521', '123456', 'aluno'),
(312, 'ISAQUE JACKSON DA SILVA DE BRITO', '5522', '123456', 'aluno'),
(313, 'TALIA RODRIGUES', '5523', '123456', 'aluno'),
(314, 'FARNEI CARLOS LOPES', '5525', '123456', 'aluno'),
(315, 'ELENA MAIRA OLIVEIRA', '5527', '123456', 'aluno'),
(316, 'MATEUS AUGUSTO SILVA PIRES', '5528', '123456', 'aluno'),
(317, 'DEISE ELOISE UEBEL LOPES', '5530', '123456', 'aluno'),
(318, 'DEIVIDI CRISTIAN SOARES', '5531', '123456', 'aluno'),
(319, 'ANGELICA ISABEL RONCATO', '5532', '123456', 'aluno'),
(320, 'FABRÍCIO GRANDO DE TOLEDO', '5539', '123456', 'aluno'),
(321, 'LUANA BEATRICK ALVES PIRES', '5541', '123456', 'aluno'),
(322, 'TAUANA TORTELLI', '5547', '123456', 'aluno'),
(323, 'BRUNA DE QUADROS HECK', '5550', '123456', 'aluno'),
(324, 'ANDERSON LEONARDO PATZER', '5551', '123456', 'aluno'),
(325, 'OLÁDIO LUIZ PAIDA JUNIOR', '5552', '123456', 'aluno'),
(326, 'ANNE CRISTINE SILVESTRINI', '5558', '123456', 'aluno'),
(327, 'EMANUEL PIRAN CERIOLI', '5559', '123456', 'aluno'),
(328, 'JULIA MARIA VESCOVI', '5582', '123456', 'aluno'),
(329, 'EMANUELE COPERCINI BORTOLANZA', '5595', '123456', 'aluno'),
(330, 'ANA CLAUDIA BALLEN', '5597', '123456', 'aluno'),
(331, 'ELISANGELA CAZUNI DIAS', '5607', '123456', 'aluno'),
(332, 'LUIZ FELIPE MÜLLER DA SILVA', '5609', '123456', 'aluno'),
(333, 'CAMILA JANAINA RODRIGUES', '5617', '123456', 'aluno'),
(334, 'LEONARDO GABRIEL PICHINI TROCZINSKI ', '5620', '123456', 'aluno'),
(335, 'ALAN PETRICH THOMAZINI', '5621', '123456', 'aluno'),
(336, 'KATIUZA DALBOSCO', '5622', '123456', 'aluno'),
(337, 'SÔNIA MARA MASURKEVICZ', '5737', '123456', 'aluno'),
(338, 'LUIZ COMIRAN DE LIMA', '5739', '123456', 'aluno'),
(339, 'EDINÉIA TOLBALDINI SOARES', '5741', '123456', 'aluno'),
(340, 'FRANCINE BECKER', '5743', '123456', 'aluno'),
(341, 'JOSIANE GARDINO SOARES', '5744', '123456', 'aluno'),
(342, 'BRUNA FÁTIMA OGRODOSKI', '5746', '123456', 'aluno'),
(343, 'VANESSA SAMARA RONSONI', '5747', '123456', 'aluno'),
(344, 'RÚBIA OLEJUKI DARIVA', '5749', '123456', 'aluno'),
(345, 'ESTEFANI PASSARINI', '5750', '123456', 'aluno'),
(346, 'ÁGATHA VITÓRIA PRESTES', '5751', '123456', 'aluno'),
(347, 'ANA JULIA MICHELIN', '5752', '123456', 'aluno'),
(348, 'GABRIELA BERNARDI', '5755', '123456', 'aluno'),
(349, 'KELVIN ALTAIR MORONA', '5757', '123456', 'aluno'),
(350, 'LAURA KURTZ', '5760', '123456', 'aluno'),
(351, 'BRUNA ZANELLA', '5762', '123456', 'aluno'),
(352, 'DANIELI ALINE NILSON', '5763', '123456', 'aluno'),
(353, 'HENRIQUE STAFORTI DOS SANTOS', '5764', '123456', 'aluno'),
(354, 'PABLO HENRIQUE BROKOP', '5766', '123456', 'aluno'),
(355, 'ANA JÚLIA UTTEICH DORIGON', '5767', '123456', 'aluno'),
(356, 'FRANCIELI FÁTIMA OLKOSKI', '5768', '123456', 'aluno'),
(357, 'DANIEL LUIZ KWOLL', '5770', '123456', 'aluno'),
(358, 'ÉLEN CARLA FANTIN', '5771', '123456', 'aluno'),
(359, 'MAIARA MARIA PERKA', '5773', '123456', 'aluno'),
(360, 'CAROLINE MACHADO', '5776', '123456', 'aluno'),
(361, 'ANA LUÍSA FERREIRA', '5778', '123456', 'aluno'),
(362, 'GUSTAVO BALDISSERA MAY', '5779', '123456', 'aluno'),
(363, 'FABIANA DE MATTOS', '5780', '123456', 'aluno'),
(364, 'EDUARDA LAIS RIGO', '5781', '123456', 'aluno'),
(365, 'DANIELA SALETE PEREIRA DOS SANTOS OTONI', '5783', '123456', 'aluno'),
(366, 'MARLON DOUGLAS KARPINSKI CANTO ', '5784', '123456', 'aluno'),
(367, 'ARISSON LUIS MAROSTICA', '5785', '123456', 'aluno'),
(368, 'CRISTIAN MATEUS BERTUOL', '5786', '123456', 'aluno'),
(369, 'LEIDINÉIA MACIEL LEITE', '5787', '123456', 'aluno'),
(370, 'JOÃO CARLOS VANZ', '5788', '123456', 'aluno'),
(371, 'EDUARDA FRANCESCHI', '5789', '123456', 'aluno'),
(372, 'TIAGO ANDRE ZORTEA', '5790', '123456', 'aluno'),
(373, 'MICHEL JONES PILATTI', '5793', '123456', 'aluno'),
(374, 'ARIEL ANTUNES DE OLIVEIRA', '5794', '123456', 'aluno'),
(375, 'TAÍS CARLA JACUBOSKI', '5797', '123456', 'aluno'),
(376, 'EDICLEI ALVES', '5798', '123456', 'aluno'),
(377, 'JANAÍSA ROBERTA BRESOLIN', '5799', '123456', 'aluno'),
(378, 'ANA JÚLIA ZAWADZKI', '5800', '123456', 'aluno'),
(379, 'GABRIELA ANDRESSA BIRCK', '5802', '123456', 'aluno'),
(380, 'TATIANE RIOS DOS SANTOS FERREIRA', '5803', '123456', 'aluno'),
(381, 'CAMYLA MODENA', '5806', '123456', 'aluno'),
(382, 'ROSÂNGELA DE SOUZA RIOS', '5807', '123456', 'aluno'),
(383, 'GUILHERME FREDERICO SCHWEIZER', '5810', '123456', 'aluno'),
(384, 'MATEUS RODRIGUES DE CEZARO', '5820', '123456', 'aluno'),
(385, 'BRANDA LÚCIA MAZZOCCHI BASSO', '5830', '123456', 'aluno'),
(386, 'VAGNER ALEX CANAN', '5852', '123456', 'aluno'),
(387, 'PATRÍCIA LIDIANE CANDIDO FRANÇA', '5853', '123456', 'aluno'),
(388, 'JARDEL BETIOLO', '5861', '123456', 'aluno'),
(389, 'GUILHERME OTAVIO RODRIGUES', '5863', '123456', 'aluno'),
(390, 'MILENA HÉLEN RONSONI', '5874', '123456', 'aluno'),
(391, 'GUILHERME HENRIQUE PAIVA', '5877', '123456', 'aluno'),
(392, 'RODRIGO JOSE JUNGES', '5880', '123456', 'aluno'),
(393, 'SARALI FONTANA LIPA', '5886', '123456', 'aluno'),
(394, 'MARINA TRINDADE DA CRUZ', '5890', '123456', 'aluno'),
(395, 'SÉRGIO LUÍS KANIA JÚNIOR', '5891', '123456', 'aluno'),
(396, 'RONIE ANDERSON WELTER', '5892', '123456', 'aluno'),
(397, 'BRUNO GABIATTI TRZECIAK', '5898', '123456', 'aluno'),
(398, 'TAISE FÁTIMA TUBIN', '5905', '123456', 'aluno'),
(399, 'EMANUEL NATAN VOGT', '5907', '123456', 'aluno'),
(400, 'DIEGO BARATTO', '5908', '123456', 'aluno'),
(401, 'ALEXIA PAOLA CAMARGO CENTOFANTE', '5911', '123456', 'aluno'),
(402, 'RENAN PAULO OTELAKOSKI', '5912', '123456', 'aluno'),
(403, 'JAMILE TALITA DOS SANTOS SOARES', '5913', '123456', 'aluno'),
(404, 'ANGELA MARIA CABRAL LOPES', '5918', '123456', 'aluno'),
(405, 'SABRINA IZAQUINI', '5919', '123456', 'aluno'),
(406, 'LEONARDO NATAN BATISTELLO MARCHIORO ', '5921', '123456', 'aluno'),
(407, 'CAROLINE APARECIDA GONÇALVES', '5922', '123456', 'aluno'),
(408, 'ANDREY FERNANDO SOARES', '5927', '123456', 'aluno'),
(409, 'TALISSA VIVIANE DOS SANTOS', '5928', '123456', 'aluno'),
(410, 'RODRIGO JOSÉ VOLOSKI', '5929', '123456', 'aluno'),
(411, 'EDUARDO HENRIQUE FRACASSO', '5930', '123456', 'aluno'),
(412, 'MAICON SLAVIERO', '5931', '123456', 'aluno'),
(413, 'RENATO JACQUES DAMBROS', '5933', '123456', 'aluno'),
(414, 'BRENDA BERNAR FÉU', '5934', '123456', 'aluno'),
(415, 'SORIANE MÁRCIA KESSLER', '5935', '123456', 'aluno'),
(416, 'WILLIAM CALONEGO', '5937', '123456', 'aluno'),
(417, 'BRUNA DOGENSKI', '5938', '123456', 'aluno'),
(418, 'EDENILSON LUÍS LEIMANN', '5939', '123456', 'aluno'),
(419, 'ILIOMAR RODRIGUES OLIVEIRA', '5940', '123456', 'aluno'),
(420, 'JONATAN ELIAS DUARTE', '5943', '123456', 'aluno'),
(421, 'GRÉGORY MATHEUS ESBERCI LOBO', '5944', '123456', 'aluno'),
(422, 'IGOR RATAIESKI SCHMITT', '5946', '123456', 'aluno'),
(423, 'IGOR FELIPE WOIDILLA', '5949', '123456', 'aluno'),
(424, 'WILLIAM ROBERTO DOS SANTOS', '5951', '123456', 'aluno'),
(425, 'DANIELE KETLIN ZATERA LEYTER', '5952', '123456', 'aluno'),
(426, 'ANDRESSA CRISTINA DE SALES DA SILVA ', '5955', '123456', 'aluno'),
(427, 'JANICE MARIA DASSI', '5956', '123456', 'aluno'),
(428, 'JACSON ANDRÉ PIGATTO', '5958', '123456', 'aluno'),
(429, 'BEATRÍS TEREZINHA VELOSO D AVILLA', '5960', '123456', 'aluno'),
(430, 'JAÍNE PAULA ROMANOSKI', '5967', '123456', 'aluno'),
(431, 'LIGIAMARA CHARLINE DIAS DE SOUZA', '5968', '123456', 'aluno'),
(432, 'GUILHERME MARINI FRACARO', '5970', '123456', 'aluno'),
(433, 'BRUNA PAULA DE PICOLI', '5971', '123456', 'aluno'),
(434, 'ARIEL TOMAZ BONETTI', '5973', '123456', 'aluno'),
(435, 'ELISÂNGELA LITWIN', '5974', '123456', 'aluno'),
(436, 'RYAN CARLOS LAZZAROTTI FERNANDES DA SILVA', '5975', '123456', 'aluno'),
(437, 'CRISIANE REGINA SCHÖNEWEISS', '5976', '123456', 'aluno'),
(438, 'SUANA ZARICHTA', '5977', '123456', 'aluno'),
(439, 'JAMES KEVIN DOS ANJOS DALL AGNOL', '5979', '123456', 'aluno'),
(440, 'GABRIEL RYCHCIK', '5982', '123456', 'aluno'),
(441, 'RAUL ROVANI BECKER', '5983', '123456', 'aluno'),
(442, 'JÉSSICA SUHRE', '6023', '123456', 'aluno'),
(443, 'CÁSSIO ANTÔNIO FLORES', '6024', '123456', 'aluno'),
(444, 'RAFAEL DE OLIVEIRA GRACIANO', '6025', '123456', 'aluno'),
(445, 'JOÃO MARCOS TRENTIN', '6027', '123456', 'aluno'),
(446, 'VOLNEI FELIPE OLKOSKI PAZ', '6028', '123456', 'aluno'),
(447, 'DIANE GAIATTO', '6029', '123456', 'aluno'),
(448, 'ÉVERTON DIAS MACHADO', '6030', '123456', 'aluno'),
(449, 'LAURA RIBEIRO BARBOSA', '6031', '123456', 'aluno'),
(450, 'CARINE DE ALBUQUERQUE SEPINHIKI', '6032', '123456', 'aluno'),
(451, 'VALENTINA CIGARAN PEREIRA', '6033', '123456', 'aluno'),
(452, 'GRÉGORI CLAUDIOMIRO MARTINS DE ALMEIDA', '6034', '123456', 'aluno'),
(453, 'LUCAS STRAPASSON BARBACOVI', '6036', '123456', 'aluno'),
(454, 'ROBERTO KLUTSCHNIKOW', '6037', '123456', 'aluno'),
(455, 'JÉSSICA CADORE', '6038', '123456', 'aluno'),
(456, 'ALANA BORTOLI', '6039', '123456', 'aluno'),
(457, 'VIVIANE CONFORTIN', '6040', '123456', 'aluno'),
(458, 'RAFAEL ANTÔNIO DA SILVA RODRIGUES', '6041', '123456', 'aluno'),
(459, 'LUÍS ANTÔNIO CAMILOTTI', '6042', '123456', 'aluno'),
(460, 'LARISSA FERNANDA PEREIRA DE OLIVEIRA FREITAS', '6043', '123456', 'aluno'),
(461, 'LUANA SANTOS CHAVES', '6044', '123456', 'aluno'),
(462, 'SIDIMAR TONIAL', '6048', '123456', 'aluno'),
(463, 'CAROLINE NATALI SOARES', '6049', '123456', 'aluno'),
(464, 'GABRIEL SOMENZI', '6050', '123456', 'aluno'),
(465, 'BRUNA MAIARA LONGO', '6051', '123456', 'aluno'),
(466, 'JANAÍNE MARIA KESSLER', '6053', '123456', 'aluno'),
(467, 'GIAN CARLOS PEDROSO', '6054', '123456', 'aluno'),
(468, 'RAFAEL CELSO DE OLIVEIRA', '6055', '123456', 'aluno'),
(469, 'CAROLINE SCHNIPA CAMPESATTO', '6058', '123456', 'aluno'),
(470, 'ALESSANDRA DO NASCIMENTO', '6059', '123456', 'aluno'),
(471, 'ÉDISON JOSÉ FINGER', '6063', '123456', 'aluno'),
(472, 'LUCIANA GIAQUINI', '6064', '123456', 'aluno'),
(473, 'SILVAN CARLOS PUERARI', '6065', '123456', 'aluno'),
(474, 'WILLIAM EMANUEL MACHADO', '6067', '123456', 'aluno'),
(475, 'IVAN CARLOS LERIN', '6069', '123456', 'aluno'),
(476, 'LARISSA CORRÊA', '6070', '123456', 'aluno'),
(477, 'MATHEUS SPIELMANN MORETTO', '6071', '123456', 'aluno'),
(478, 'YURI KUTTER MOCELLIN', '6079', '123456', 'aluno'),
(479, 'SAMUEL MATEUS PADILHA DOS SANTOS', '6080', '123456', 'aluno'),
(480, 'ROBERTA WARNAVA', '6083', '123456', 'aluno'),
(481, 'YGOR MARCANZONI PERETO', '6086', '123456', 'aluno'),
(482, 'Admin', '1234', '1234', 'administrador'),
(483, 'ELIANE FÁTIMA SAMUEL DO NASCIMENTO', '0000', '123456', 'professor'),
(484, 'RAFAEL SOTTILI TESTA', '0000', '123456', 'professor'),
(485, 'ANDERSON PAULO POLESE', '0000', '123456', 'professor'),
(486, 'CARLOS ROBERTO BOELTER', '0000', '123456', 'professor'),
(487, 'CAROLINE OLIVEIRA BIS', '0000', '123456', 'professor'),
(488, 'JUCILÉIA GIACOMIN', '0000', '123456', 'professor'),
(489, 'HELEN DA SILVA TEIXEIRA', '0000', '123456', 'professor'),
(490, 'RODRIGO ESPIUCA DOS ANJOS SIQUEIRA', '0000', '123456', 'professor'),
(491, 'RODRIGO GARCEZ', '0000', '123456', 'professor'),
(492, 'FLAVIA DALLA COSTA', '0000', '123456', 'professor'),
(493, 'DANIELE VANESSA KLOSINSKI', '0000', '123456', 'professor'),
(494, 'ALINE MIGUELA BARCELOS TELES', '0000', '123456', 'professor'),
(495, 'JULIANA RAQUEL JABOINSKI', '0000', '123456', 'professor'),
(496, 'FABIANO  TADEU GRAZIOLI', '0000', '123456', 'professor'),
(497, 'MARIA SALETE TORRES', '0000', '123456', 'professor'),
(498, 'FABRICIO JOSÉ BRUSTOLIN', '0000', '123456', 'professor'),
(499, 'HERCIO MENEGOTTO FERRARO NETO', '0000', '123456', 'professor'),
(500, 'FABRICIO EDSON  SANTIN', '0000', '123456', 'professor'),
(501, 'MARCOS  ANDRE LUCAS', '0000', '123456', 'professor'),
(502, 'ROGÉRIO CIOTTI', '0000', '123456', 'professor'),
(503, 'DANIEL MENIN TORTELLI', '0000', '123456', 'professor'),
(504, 'SONIA MARI  CIMA', '0000', '123456', 'professor'),
(505, 'TIAGO ANTONIO CEZNE', '0000', '123456', 'professor'),
(506, 'GIOVANI CARLOS VANI', '0000', '123456', 'professor'),
(507, 'SIMONE LEHNHART VARGAS', '0000', '123456', 'professor'),
(508, 'ÉLIO HEIMANN', '0000', '123456', 'professor'),
(509, 'HUMBERTO DE PELLEGRINI', '0000', '123456', 'professor'),
(510, 'CASSIANO TIAGO LUMI', '0000', '123456', 'professor'),
(511, 'FERNANDA ZANIN MOTA CORREA', '0000', '123456', 'professor'),
(512, 'DULCIMAR JOSE JULKOVSKI', '0000', '123456', 'professor'),
(513, 'GIOVANA LIOTTO', '0000', '123456', 'professor'),
(514, 'ÉDERSON TIAGO SZLACHTA', '0000', '123456', 'professor'),
(515, 'CLAUDIA SEIBT', '0000', '123456', 'professor'),
(516, 'Reginaldo José Bolis', '0000', '123456', 'professor'),
(517, 'SUZANA FUNK', '0000', '123456', 'professor'),
(518, 'MARCIA COSEL FIEBIG', '0000', '123456', 'professor'),
(519, 'LUCIANO MORAES NETO', '0000', '123456', 'professor'),
(520, 'DOLORES MARIA LONGHI', '0000', '123456', 'professor'),
(521, 'CARLOS EDUARDO SOARES VAZ', '0000', '123456', 'professor'),
(522, 'LOURDES RAQUEL DONADEL', '0000', '123456', 'professor'),
(523, 'PAULO HENRIQUE FASSINA', '0000', '123456', 'professor'),
(524, 'CRISTIAN MATEUS VOGT', '0000', '123456', 'professor');

--
-- Indexes for dumped tables
--

--
-- Indexes for table `alternativas`
--
ALTER TABLE `alternativas`
  ADD PRIMARY KEY (`id`),
  ADD KEY `fk_alternativas_questoes1_idx` (`questao`);

--
-- Indexes for table `curso`
--
ALTER TABLE `curso`
  ADD PRIMARY KEY (`id`);

--
-- Indexes for table `disciplinas`
--
ALTER TABLE `disciplinas`
  ADD PRIMARY KEY (`id`),
  ADD KEY `professor_usuario_idx` (`professor`),
  ADD KEY `fk_disciplinas_curso1_idx` (`curso`);

--
-- Indexes for table `formularios`
--
ALTER TABLE `formularios`
  ADD PRIMARY KEY (`id`),
  ADD KEY `fk_provas_matriculas1_idx` (`aluno`,`disciplina`),
  ADD KEY `fk_provas_provas1_idx` (`prova`);

--
-- Indexes for table `itens_prova`
--
ALTER TABLE `itens_prova`
  ADD PRIMARY KEY (`id`),
  ADD KEY `fk_itens_prova_questoes1_idx` (`questao`),
  ADD KEY `fk_itens_prova_formularios1_idx` (`formulario`);

--
-- Indexes for table `matriculas`
--
ALTER TABLE `matriculas`
  ADD PRIMARY KEY (`aluno`,`disciplina`),
  ADD KEY `fk_alunos_has_disciplinas_disciplinas1_idx` (`disciplina`);

--
-- Indexes for table `periodo_letivo`
--
ALTER TABLE `periodo_letivo`
  ADD PRIMARY KEY (`id`);

--
-- Indexes for table `provas`
--
ALTER TABLE `provas`
  ADD PRIMARY KEY (`id`),
  ADD KEY `professor_usuario_idx` (`professor`),
  ADD KEY `fk_provas_periodo_letivo1_idx` (`periodo_letivo`);

--
-- Indexes for table `questoes`
--
ALTER TABLE `questoes`
  ADD PRIMARY KEY (`id`),
  ADD KEY `fk_questoes_disciplinas1_idx` (`disciplina`),
  ADD KEY `professor_usuario_idx` (`professor`),
  ADD KEY `fk_questoes_periodo_letivo1_idx` (`periodo_letivo`);

--
-- Indexes for table `respostas`
--
ALTER TABLE `respostas`
  ADD PRIMARY KEY (`item_prova`),
  ADD KEY `fk_prova_respondida_itens_prova1_idx` (`item_prova`),
  ADD KEY `fk_prova_respondida_alternativas1_idx` (`alternativa`),
  ADD KEY `fk_respostas_usuarios1_idx` (`aluno`);

--
-- Indexes for table `sessoes`
--
ALTER TABLE `sessoes`
  ADD PRIMARY KEY (`id`),
  ADD KEY `usuario_idx` (`usuario`);

--
-- Indexes for table `usuarios`
--
ALTER TABLE `usuarios`
  ADD PRIMARY KEY (`id`);

--
-- AUTO_INCREMENT for dumped tables
--

--
-- AUTO_INCREMENT for table `alternativas`
--
ALTER TABLE `alternativas`
  MODIFY `id` int(11) NOT NULL AUTO_INCREMENT, AUTO_INCREMENT=195;
--
-- AUTO_INCREMENT for table `disciplinas`
--
ALTER TABLE `disciplinas`
  MODIFY `id` int(10) UNSIGNED NOT NULL AUTO_INCREMENT, AUTO_INCREMENT=109;
--
-- AUTO_INCREMENT for table `formularios`
--
ALTER TABLE `formularios`
  MODIFY `id` int(10) UNSIGNED NOT NULL AUTO_INCREMENT, AUTO_INCREMENT=9;
--
-- AUTO_INCREMENT for table `itens_prova`
--
ALTER TABLE `itens_prova`
  MODIFY `id` int(10) UNSIGNED NOT NULL AUTO_INCREMENT, AUTO_INCREMENT=14;
--
-- AUTO_INCREMENT for table `periodo_letivo`
--
ALTER TABLE `periodo_letivo`
  MODIFY `id` int(11) NOT NULL AUTO_INCREMENT, AUTO_INCREMENT=2;
--
-- AUTO_INCREMENT for table `provas`
--
ALTER TABLE `provas`
  MODIFY `id` int(11) NOT NULL AUTO_INCREMENT, AUTO_INCREMENT=7;
--
-- AUTO_INCREMENT for table `questoes`
--
ALTER TABLE `questoes`
  MODIFY `id` int(10) UNSIGNED NOT NULL AUTO_INCREMENT, AUTO_INCREMENT=73;
--
-- AUTO_INCREMENT for table `sessoes`
--
ALTER TABLE `sessoes`
  MODIFY `id` int(10) UNSIGNED NOT NULL AUTO_INCREMENT, AUTO_INCREMENT=52;
--
-- AUTO_INCREMENT for table `usuarios`
--
ALTER TABLE `usuarios`
  MODIFY `id` int(10) UNSIGNED NOT NULL AUTO_INCREMENT, AUTO_INCREMENT=525;
--
-- Constraints for dumped tables
--

--
-- Limitadores para a tabela `alternativas`
--
ALTER TABLE `alternativas`
  ADD CONSTRAINT `fk_alternativas_questoes1` FOREIGN KEY (`questao`) REFERENCES `questoes` (`id`) ON DELETE NO ACTION ON UPDATE CASCADE;

--
-- Limitadores para a tabela `disciplinas`
--
ALTER TABLE `disciplinas`
  ADD CONSTRAINT `disciplina_professor_usuario` FOREIGN KEY (`professor`) REFERENCES `usuarios` (`id`) ON DELETE NO ACTION ON UPDATE NO ACTION,
  ADD CONSTRAINT `fk_disciplinas_curso1` FOREIGN KEY (`curso`) REFERENCES `curso` (`id`) ON DELETE NO ACTION ON UPDATE NO ACTION;

--
-- Limitadores para a tabela `formularios`
--
ALTER TABLE `formularios`
  ADD CONSTRAINT `fk_provas_matriculas1` FOREIGN KEY (`aluno`,`disciplina`) REFERENCES `matriculas` (`aluno`, `disciplina`) ON DELETE NO ACTION ON UPDATE CASCADE,
  ADD CONSTRAINT `fk_provas_provas1` FOREIGN KEY (`prova`) REFERENCES `provas` (`id`) ON DELETE NO ACTION ON UPDATE NO ACTION;

--
-- Limitadores para a tabela `itens_prova`
--
ALTER TABLE `itens_prova`
  ADD CONSTRAINT `fk_itens_prova_formularios1` FOREIGN KEY (`formulario`) REFERENCES `formularios` (`id`) ON DELETE NO ACTION ON UPDATE NO ACTION,
  ADD CONSTRAINT `fk_itens_prova_questoes1` FOREIGN KEY (`questao`) REFERENCES `questoes` (`id`) ON DELETE NO ACTION ON UPDATE CASCADE;

--
-- Limitadores para a tabela `matriculas`
--
ALTER TABLE `matriculas`
  ADD CONSTRAINT `fk_alunos_has_disciplinas_disciplinas1` FOREIGN KEY (`disciplina`) REFERENCES `disciplinas` (`id`) ON DELETE NO ACTION ON UPDATE CASCADE,
  ADD CONSTRAINT `matricula_aluno_usuario` FOREIGN KEY (`aluno`) REFERENCES `usuarios` (`id`) ON DELETE NO ACTION ON UPDATE NO ACTION;

--
-- Limitadores para a tabela `provas`
--
ALTER TABLE `provas`
  ADD CONSTRAINT `fk_provas_periodo_letivo1` FOREIGN KEY (`periodo_letivo`) REFERENCES `periodo_letivo` (`id`) ON DELETE NO ACTION ON UPDATE NO ACTION,
  ADD CONSTRAINT `prova_professor_usuario` FOREIGN KEY (`professor`) REFERENCES `usuarios` (`id`) ON DELETE NO ACTION ON UPDATE NO ACTION;

--
-- Limitadores para a tabela `questoes`
--
ALTER TABLE `questoes`
  ADD CONSTRAINT `fk_questoes_disciplinas1` FOREIGN KEY (`disciplina`) REFERENCES `disciplinas` (`id`) ON DELETE NO ACTION ON UPDATE CASCADE,
  ADD CONSTRAINT `fk_questoes_periodo_letivo1` FOREIGN KEY (`periodo_letivo`) REFERENCES `periodo_letivo` (`id`) ON DELETE NO ACTION ON UPDATE NO ACTION,
  ADD CONSTRAINT `questao_professor_usuario` FOREIGN KEY (`professor`) REFERENCES `usuarios` (`id`) ON DELETE NO ACTION ON UPDATE NO ACTION;

--
-- Limitadores para a tabela `respostas`
--
ALTER TABLE `respostas`
  ADD CONSTRAINT `fk_prova_respondida_alternativas1` FOREIGN KEY (`alternativa`) REFERENCES `alternativas` (`id`) ON UPDATE CASCADE,
  ADD CONSTRAINT `fk_prova_respondida_itens_prova1` FOREIGN KEY (`item_prova`) REFERENCES `itens_prova` (`id`) ON UPDATE CASCADE,
  ADD CONSTRAINT `fk_respostas_usuarios1` FOREIGN KEY (`aluno`) REFERENCES `usuarios` (`id`) ON DELETE NO ACTION ON UPDATE NO ACTION;

--
-- Limitadores para a tabela `sessoes`
--
ALTER TABLE `sessoes`
  ADD CONSTRAINT `usuario` FOREIGN KEY (`usuario`) REFERENCES `usuarios` (`id`) ON DELETE NO ACTION ON UPDATE NO ACTION;

/*!40101 SET CHARACTER_SET_CLIENT=@OLD_CHARACTER_SET_CLIENT */;
/*!40101 SET CHARACTER_SET_RESULTS=@OLD_CHARACTER_SET_RESULTS */;
/*!40101 SET COLLATION_CONNECTION=@OLD_COLLATION_CONNECTION */;
