-- phpMyAdmin SQL Dump
-- version 4.5.1
-- http://www.phpmyadmin.net
--
-- Host: 127.0.0.1
-- Generation Time: 14-Nov-2018 às 02:51
-- Versão do servidor: 10.1.13-MariaDB
-- PHP Version: 5.5.34

SET SQL_MODE = "NO_AUTO_VALUE_ON_ZERO";
SET time_zone = "+00:00";


/*!40101 SET @OLD_CHARACTER_SET_CLIENT=@@CHARACTER_SET_CLIENT */;
/*!40101 SET @OLD_CHARACTER_SET_RESULTS=@@CHARACTER_SET_RESULTS */;
/*!40101 SET @OLD_COLLATION_CONNECTION=@@COLLATION_CONNECTION */;
/*!40101 SET NAMES utf8mb4 */;

--
-- Database: `avaliacao_global`
--

-- --------------------------------------------------------

--
-- Estrutura da tabela `alternativas`
--

CREATE TABLE `alternativas` (
  `id` int(11) NOT NULL,
  `descricao` varchar(45) NOT NULL,
  `correta` tinyint(4) NOT NULL DEFAULT '0',
  `questao` int(10) UNSIGNED NOT NULL
) ENGINE=InnoDB DEFAULT CHARSET=utf8;

-- --------------------------------------------------------

--
-- Estrutura da tabela `curso`
--

CREATE TABLE `curso` (
  `id` int(11) NOT NULL,
  `nome` varchar(100) DEFAULT NULL
) ENGINE=InnoDB DEFAULT CHARSET=utf8;

--
-- Extraindo dados da tabela `curso`
--

INSERT INTO `curso` (`id`, `nome`) VALUES
(1, 'CURSO SUPERIOR DE ADMINISTRAÇÃO'),
(2, 'CURSO DE TECNOLOGIA EM ANÁLISE E DESENVOLVIMENTO DE SISTEMAS'),
(3, 'CURSO SUPERIOR DE CIÊNCIAS CONTÁBEIS'),
(4, 'CURSO SUPERIOR DE PEDAGOGIA'),
(5, 'CURSO SUPERIOR DE DESIGN'),
(10, 'CURSO SUPERIOR DE TECNOLOGIA EM ELETRÔNICA INDUSTRIAL');

-- --------------------------------------------------------

--
-- Estrutura da tabela `disciplinas`
--

CREATE TABLE `disciplinas` (
  `id` int(10) UNSIGNED NOT NULL,
  `nome` varchar(45) NOT NULL,
  `professor` int(10) UNSIGNED NOT NULL,
  `situacao` varchar(45) DEFAULT 'ativo',
  `curso` int(11) NOT NULL
) ENGINE=InnoDB DEFAULT CHARSET=utf8;

--
-- Extraindo dados da tabela `disciplinas`
--

INSERT INTO `disciplinas` (`id`, `nome`, `professor`, `situacao`, `curso`) VALUES
(10103, 'ANÁLISE DE CUSTOS', 63, 'ativo', 1),
(10104, 'ADMINISTRAÇÃO ESTRATÉGICA', 255, 'ativo', 1),
(10105, 'ADMINISTRAÇÃO  FINANCEIRA II', 259, 'ativo', 1),
(10106, 'GESTÃO PÚBLICA', 216, 'ativo', 1),
(10107, 'LOGÍSTICA EMPRESARIAL II', 284, 'ativo', 1),
(10108, 'ESTÁGIO SUPERVISIONADO II', 255, 'ativo', 1),
(10109, 'GESTÃO DE AGRONEGÓCIOS', 259, 'ativo', 1),
(10110, 'GESTÃO DA QUALIDADE E PRODUTIVIDADE', 168, 'ativo', 1),
(10111, 'TÉCNICAS DE NEGOCIAÇÃO EMPRESARIAL', 612, 'ativo', 1),
(10117, 'FILOSOFIA, ÉTICA E DIREITOS HUMANOS', 118, 'ativo', 1),
(10118, 'ADMINISTRAÇÃO MERCADOLÓGICA I', 125, 'ativo', 1),
(10119, 'ADMINISTRAÇÃO DA PRODUÇÃO E OPERAÇÕES I', 168, 'ativo', 1),
(10120, 'CONTABILIDADE DE CUSTOS I', 63, 'ativo', 1),
(10121, 'FINANÇAS EMPRESARIAS', 259, 'ativo', 1),
(10123, 'DIDÁTICA E METODOLOGIA DA EDUCAÇÃO INFANTIL', 589, 'ativo', 4),
(10124, 'EDUCAÇÃO INCLUSIVA', 66, 'ativo', 4),
(10125, 'ESCOLA E ORGANIZAÇÃO CURRICULAR', 118, 'ativo', 4),
(10126, 'FUNDAMENTOS E METODOLOGIA DA HISTÓRIA E GEOGR', 50, 'ativo', 4),
(10127, 'PLANEJAMENTO EDUCACIONAL', 66, 'ativo', 4),
(10128, 'PRÁTICA PEDAGÓGICA IV', 589, 'ativo', 4),
(10129, 'ANTROPOLOGIA E EDUCAÇÃO', 118, 'ativo', 4),
(10130, 'DIDÁTICA E METODOLOGIAS DE ENSINO', 627, 'ativo', 4),
(10131, 'ÉTICA, CIDADANIA E DIREITOS HUMANOS', 627, 'ativo', 4),
(10132, 'FUNDAMENTOS DA LÍNGUA ORAL E ESCRITA', 589, 'ativo', 4),
(10133, 'PSICOLOGIA DO DESENVOLVIMENTO', 612, 'ativo', 4),
(10135, 'DIFICULDADES DE APRENDIZAGEM', 66, 'ativo', 4),
(10136, 'ESTÁGIO SUPEVISIONADO - GESTÃO PEDAGÓGICA', 589, 'ativo', 4),
(10137, 'FUNDAMENTOS E METODOLOGIAS DA ARTE', 627, 'ativo', 4),
(10139, 'LITERATURA INFANTIL', 172, 'ativo', 4),
(10140, 'METÓDOS E PROCESSOS DE AVALIAÇÃO', 120, 'ativo', 4),
(10141, 'EDUCAÇÃO NÃO FORMAL', 120, 'ativo', 4),
(10142, 'ESTÁGIO SUPERVISIONADO - ANOS INICIAIS', 589, 'ativo', 4),
(10143, 'LÍNGUA BRASILEIRA DE SINAIS - LIBRAS', 456, 'ativo', 4),
(10144, 'EDUCAÇÃO SEXUAL NAS ESCOLAS', 612, 'ativo', 4),
(10145, 'TCCII', 627, 'ativo', 4),
(10161, 'CONTABILIDADE II', 505, 'ativo', 1),
(10162, 'DIREITO PÚBLICO E PRIVADO', 558, 'ativo', 1),
(10163, 'ESTATÍSTICA APLICADA', 291, 'ativo', 1),
(10164, 'COMUNICAÇÃO EMPRESARIAL', 120, 'ativo', 1),
(10165, 'ECONOMIA I', 562, 'ativo', 1),
(10166, 'SOCIOLOGIA DAS ORGANIZAÇÕES', 118, 'ativo', 1),
(10167, 'LÍNGUA BRASILEIRA DE SINAIS - LIBRAS', 456, 'ativo', 4),
(10168, 'ELETRÔNICA ANALÓGICA I', 258, 'ativo', 10),
(10169, 'MECÂNICA GERAL', 296, 'ativo', 10),
(10170, 'ANÁLISE DE CIRCUITOS II', 258, 'ativo', 10),
(10171, 'CÁLCULO DIFERENCIAL INTEGRAL', 291, 'ativo', 10),
(10172, 'PROJETO INTERDISCIPLINAR I', 258, 'ativo', 10),
(10173, 'ÉTICA, CIDADANIA E DIREITOS HUMANOS', 627, 'ativo', 10),
(10174, 'ELETRÔNICA DIGITAL II', 564, 'ativo', 10),
(10175, 'MÁQUINAS ELÉTRICAS', 364, 'ativo', 10),
(10176, 'ACIONAMENTOS ELÉTRICOS INDUSTRIAIS', 364, 'ativo', 10),
(10177, 'MICROPROCESSADORES E MICROCONTROLADORES I', 564, 'ativo', 10),
(10178, 'PROJETO INTERDISCIPLINAR III', 258, 'ativo', 10),
(10179, 'HIDRÁULICA E PNEUMÁTICA', 296, 'ativo', 10),
(10180, 'FUNDAMENTOS DE ROBÓTICA', 364, 'ativo', 10),
(10181, 'ELETRÔNICA DE POTÊNCIA II', 258, 'ativo', 10),
(10183, 'INSTALAÇÕES ELÉTRICAS', 364, 'ativo', 10),
(10184, 'SEGURANÇA DO TRABALHO', 370, 'ativo', 10),
(10185, 'PROJETO II', 258, 'ativo', 10),
(10186, 'GESTÃO II', 255, 'ativo', 10),
(10202, 'CONTABILIDADE II', 505, 'ativo', 3),
(10203, 'DIREITO PÚBLICO E PRIVADO', 558, 'ativo', 3),
(10204, 'ESTATÍSTICA APLICADA', 291, 'ativo', 3),
(10205, 'ECONOMIA I', 562, 'ativo', 3),
(10206, 'SOCIOLOGIA DAS ORGANIZAÇÕES', 118, 'ativo', 3),
(10207, 'COMUNICAÇÃO EMPRESARIAL', 120, 'ativo', 3),
(10208, 'CONTABILIDADE IV', 631, 'ativo', 3),
(10209, 'CONTABILIDADE DE CUSTOS I', 63, 'ativo', 3),
(10210, 'FINANÇAS EMPRESARIAIS', 259, 'ativo', 3),
(10211, 'DIREITO TRIBUTÁRIO', 285, 'ativo', 3),
(10212, 'FILOSOFIA, ÉTICA E DIREITO HUMANOS', 118, 'ativo', 3),
(10213, 'TÓPICOS CONTEMPORÂNEOS EM CONTABILIDADE', 537, 'ativo', 3),
(10214, 'CONTABILIDADE TRIBUTÁRIA II', 109, 'ativo', 3),
(10215, 'MERCADO FINANCEIRO E DE CAPITAIS', 284, 'ativo', 3),
(10216, 'PESQUISA EM CONTABILIDADE', 154, 'ativo', 3),
(10217, 'AUDITORIA II', 537, 'ativo', 3),
(10218, 'CONTABILIDADE GERENCIAL', 63, 'ativo', 3),
(10219, 'CONTABILIDADE AVANÇADA', 505, 'ativo', 3),
(10220, 'SISTEMAS DE INFORMAÇÕES CONTÁBEIS', 537, 'ativo', 3),
(10221, 'EMPREENDEDORISMO', 537, 'ativo', 3),
(10222, 'ROTINAS TRABALHISTAS E PREVIDENCIÁRIAS', 287, 'ativo', 3),
(10223, 'ESTÁGIO CURRICULAR SUPERVISIONADO II', 285, 'ativo', 3),
(10224, 'CONTABILIDADE PÚBLICA', 631, 'ativo', 3),
(10225, 'ARQUITETURA DE COMPUTADORES', 202, 'ativo', 2),
(10226, 'LÓGICA DA PROGRAMAÇÃO I', 105, 'ativo', 2),
(10227, 'ENGENHARIA DE SOFTWARE I', 433, 'ativo', 2),
(10228, 'PROGRAMAÇÃO WEB I', 406, 'ativo', 2),
(10229, 'CONTABILIDADE APLICADA', 562, 'ativo', 2),
(10230, 'PROGRAMAÇÃO ORIENTADA A OBJETO I', 105, 'ativo', 2),
(10231, 'ESTRUTURA DE DADOS', 406, 'ativo', 2),
(10232, 'REDES E SERVIDORES', 202, 'ativo', 2),
(10233, 'BANCO DE DADOS II', 433, 'ativo', 2),
(10234, 'GERÊNCIA DE PROJETOS', 406, 'ativo', 2),
(10235, 'AUDITORIA E SEGURANÇA DE SISTEMAS', 580, 'ativo', 2),
(10236, 'EMPREENDEDORISMO EM TI', 125, 'ativo', 2),
(10237, 'DESENVOLVIMENTO DO TCC - ESTÁGIO', 433, 'ativo', 2),
(10238, 'SISTEMAS DE INFORMAÇÃO', 433, 'ativo', 2),
(10239, 'DESENHO GEOMÉTRICO', 507, 'ativo', 5),
(10240, 'PROJETO E MODELAGEM I', 198, 'ativo', 5),
(10241, 'DESENHO ILUSTRATIVO', 101, 'ativo', 5),
(10242, 'METODOLOGIA DA PESQUISA PROJETUAL', 50, 'ativo', 5),
(10243, 'MATERIAIS APLICADOS AO DESIGN', 53, 'ativo', 5),
(10244, 'PROJETO E MODELAGEM III', 198, 'ativo', 5),
(10245, 'TEORIA DA COMUNICAÇÃO E SEMIÓTICA', 507, 'ativo', 5),
(10246, 'COMPUTAÇÃO GRÁFICA I', 611, 'ativo', 5),
(10247, 'SINALÉTICA E TIPOGRAFIA', 123, 'ativo', 5),
(10248, 'EXPRESSÃO E PRODUÇÃO GRÁFICA', 198, 'ativo', 5),
(10249, 'MECANISMOS E ESTRUTURAS', 611, 'ativo', 5),
(10250, 'PROJETO V', 123, 'ativo', 5),
(10251, 'MARKETING', 406, 'ativo', 5),
(10252, 'PROCESSOS DE FABRICAÇÃO E MODELAGEM V', 53, 'ativo', 5),
(10253, 'DESIGN MANAGEMENT', 507, 'ativo', 5),
(10254, 'PRÁTICAS PROFISSIONAIS - ESTÁGIO II', 123, 'ativo', 5),
(10255, 'SOCIOLOGIA APLICADA', 118, 'ativo', 5),
(10256, 'TRABALHO DE CONCLUSÃO DE CURSO II', 507, 'ativo', 5),
(10276, 'TRABALHO DE CONCLUSÃO DE CURSO', 258, 'ativo', 10),
(10298, 'ESTÁGIO CURRICULAR SUPERVISIONADO I', 285, 'ativo', 3);

-- --------------------------------------------------------

--
-- Estrutura da tabela `formularios`
--

CREATE TABLE `formularios` (
  `id` int(10) UNSIGNED NOT NULL,
  `aluno` int(10) UNSIGNED NOT NULL,
  `disciplina` int(10) UNSIGNED NOT NULL,
  `prova` int(11) NOT NULL,
  `situacao` enum('em andamento','finalizada') NOT NULL
) ENGINE=InnoDB DEFAULT CHARSET=utf8;

-- --------------------------------------------------------

--
-- Estrutura da tabela `itens_prova`
--

CREATE TABLE `itens_prova` (
  `id` int(10) UNSIGNED NOT NULL,
  `questao` int(10) UNSIGNED NOT NULL,
  `formulario` int(10) UNSIGNED NOT NULL
) ENGINE=InnoDB DEFAULT CHARSET=utf8;

-- --------------------------------------------------------

--
-- Estrutura da tabela `matriculas`
--

CREATE TABLE `matriculas` (
  `aluno` int(10) UNSIGNED NOT NULL,
  `disciplina` int(10) UNSIGNED NOT NULL
) ENGINE=InnoDB DEFAULT CHARSET=utf8;

--
-- Extraindo dados da tabela `matriculas`
--

INSERT INTO `matriculas` (`aluno`, `disciplina`) VALUES
(185, 10106),
(185, 10107),
(185, 10109),
(1022, 10219),
(1022, 10220),
(1022, 10221),
(1022, 10222),
(1022, 10223),
(1022, 10224),
(1060, 10141),
(1060, 10142),
(1060, 10143),
(1060, 10144),
(1060, 10145),
(1162, 10135),
(1162, 10136),
(1162, 10137),
(1162, 10139),
(1162, 10140),
(1162, 10167),
(1496, 10212),
(1740, 10247),
(1740, 10251),
(1740, 10255),
(1761, 10225),
(1761, 10226),
(1761, 10227),
(1761, 10228),
(1816, 10126),
(1816, 10132),
(1816, 10135),
(1816, 10136),
(1816, 10139),
(1816, 10140),
(1816, 10167),
(1837, 10249),
(1837, 10250),
(1837, 10251),
(1837, 10252),
(1837, 10253),
(1896, 10103),
(1896, 10105),
(1905, 10185),
(1905, 10276),
(1907, 10103),
(1907, 10104),
(1907, 10105),
(1907, 10106),
(1907, 10107),
(1959, 10185),
(1959, 10276),
(2070, 10118),
(2070, 10119),
(2070, 10120),
(2070, 10121),
(2239, 10202),
(2239, 10209),
(2239, 10211),
(2239, 10212),
(2264, 10129),
(2264, 10130),
(2264, 10131),
(2264, 10132),
(2264, 10133),
(2279, 10225),
(2279, 10229),
(2279, 10233),
(2279, 10236),
(2294, 10235),
(2294, 10236),
(2294, 10237),
(2294, 10238),
(2547, 10168),
(2547, 10169),
(2547, 10170),
(2547, 10171),
(2547, 10172),
(2547, 10173),
(2550, 10239),
(2550, 10240),
(2550, 10241),
(2550, 10242),
(2550, 10243),
(2602, 10117),
(2602, 10118),
(2602, 10119),
(2602, 10120),
(2602, 10121),
(2719, 10108),
(2719, 10109),
(2719, 10110),
(2719, 10111),
(2730, 10108),
(2730, 10109),
(2730, 10110),
(2730, 10111),
(2734, 10108),
(2734, 10109),
(2734, 10110),
(2734, 10111),
(2800, 10168),
(2800, 10170),
(2800, 10171),
(2800, 10172),
(2882, 10239),
(2882, 10240),
(2882, 10241),
(2882, 10242),
(2882, 10243),
(3262, 10141),
(3262, 10142),
(3262, 10144),
(3262, 10145),
(3302, 10168),
(3302, 10171),
(3302, 10175),
(3302, 10176),
(3302, 10178),
(3302, 10179),
(3365, 10117),
(3365, 10118),
(3365, 10119),
(3365, 10120),
(3365, 10121),
(3635, 10181),
(3635, 10183),
(3635, 10184),
(3696, 10254),
(3696, 10255),
(3696, 10256),
(3741, 10161),
(3741, 10162),
(3741, 10163),
(3741, 10164),
(3741, 10165),
(3741, 10166),
(3764, 10108),
(3764, 10109),
(3764, 10110),
(3764, 10111),
(3777, 10244),
(3777, 10245),
(3777, 10246),
(3777, 10247),
(3777, 10248),
(3787, 10249),
(3787, 10250),
(3787, 10251),
(3787, 10252),
(3787, 10253),
(3820, 10108),
(3820, 10109),
(3820, 10110),
(3855, 10141),
(3855, 10142),
(3855, 10143),
(3855, 10144),
(3855, 10145),
(3910, 10237),
(3947, 10213),
(3947, 10214),
(3947, 10215),
(3947, 10216),
(3947, 10217),
(3947, 10218),
(3957, 10239),
(3957, 10240),
(3957, 10241),
(3957, 10242),
(3957, 10243),
(4192, 10185),
(4192, 10276),
(4226, 10108),
(4226, 10109),
(4226, 10110),
(4226, 10111),
(4394, 10249),
(4394, 10251),
(4396, 10108),
(4396, 10109),
(4396, 10111),
(4400, 10108),
(4400, 10109),
(4400, 10110),
(4400, 10111),
(4405, 10219),
(4405, 10220),
(4405, 10221),
(4405, 10222),
(4405, 10223),
(4405, 10224),
(4406, 10254),
(4406, 10255),
(4406, 10256),
(4407, 10254),
(4407, 10255),
(4407, 10256),
(4408, 10219),
(4408, 10220),
(4408, 10221),
(4408, 10222),
(4408, 10223),
(4408, 10224),
(4410, 10254),
(4410, 10255),
(4410, 10256),
(4412, 10108),
(4412, 10109),
(4412, 10110),
(4412, 10111),
(4413, 10254),
(4413, 10255),
(4413, 10256),
(4416, 10141),
(4416, 10142),
(4416, 10143),
(4416, 10144),
(4416, 10145),
(4419, 10254),
(4419, 10255),
(4419, 10256),
(4420, 10254),
(4420, 10255),
(4420, 10256),
(4421, 10219),
(4421, 10220),
(4421, 10221),
(4421, 10222),
(4421, 10223),
(4421, 10224),
(4423, 10219),
(4423, 10220),
(4423, 10221),
(4423, 10222),
(4423, 10223),
(4423, 10224),
(4426, 10254),
(4426, 10255),
(4426, 10256),
(4429, 10219),
(4429, 10220),
(4429, 10221),
(4429, 10222),
(4429, 10223),
(4429, 10224),
(4430, 10108),
(4430, 10109),
(4430, 10110),
(4430, 10111),
(4432, 10108),
(4432, 10109),
(4432, 10110),
(4432, 10111),
(4434, 10108),
(4434, 10109),
(4434, 10111),
(4436, 10219),
(4436, 10220),
(4436, 10221),
(4436, 10222),
(4436, 10223),
(4436, 10224),
(4438, 10108),
(4438, 10109),
(4438, 10110),
(4438, 10111),
(4441, 10141),
(4441, 10142),
(4441, 10143),
(4441, 10144),
(4441, 10145),
(4443, 10219),
(4443, 10220),
(4443, 10221),
(4443, 10222),
(4443, 10223),
(4443, 10224),
(4446, 10108),
(4446, 10109),
(4446, 10110),
(4446, 10111),
(4447, 10109),
(4447, 10110),
(4447, 10111),
(4447, 10118),
(4448, 10108),
(4448, 10109),
(4448, 10110),
(4448, 10111),
(4449, 10219),
(4449, 10220),
(4449, 10221),
(4449, 10222),
(4449, 10223),
(4449, 10224),
(4452, 10141),
(4452, 10142),
(4452, 10143),
(4452, 10144),
(4452, 10145),
(4455, 10174),
(4455, 10185),
(4455, 10276),
(4456, 10141),
(4456, 10142),
(4456, 10143),
(4456, 10144),
(4456, 10145),
(4458, 10219),
(4458, 10220),
(4458, 10221),
(4458, 10222),
(4458, 10223),
(4458, 10224),
(4459, 10141),
(4459, 10142),
(4459, 10143),
(4459, 10144),
(4459, 10145),
(4462, 10141),
(4462, 10142),
(4462, 10143),
(4462, 10144),
(4462, 10145),
(4467, 10219),
(4467, 10220),
(4467, 10221),
(4467, 10223),
(4467, 10224),
(4472, 10141),
(4472, 10142),
(4472, 10143),
(4472, 10144),
(4472, 10145),
(4474, 10219),
(4474, 10220),
(4474, 10221),
(4474, 10222),
(4474, 10223),
(4474, 10224),
(4477, 10141),
(4477, 10142),
(4477, 10143),
(4477, 10144),
(4477, 10145),
(4478, 10219),
(4478, 10220),
(4478, 10221),
(4478, 10222),
(4478, 10223),
(4478, 10224),
(4479, 10249),
(4479, 10250),
(4479, 10251),
(4479, 10252),
(4479, 10253),
(4488, 10249),
(4488, 10250),
(4488, 10251),
(4488, 10252),
(4488, 10253),
(4490, 10219),
(4490, 10220),
(4490, 10221),
(4490, 10222),
(4490, 10223),
(4490, 10224),
(4495, 10141),
(4495, 10142),
(4495, 10143),
(4495, 10144),
(4495, 10145),
(4499, 10219),
(4499, 10220),
(4499, 10221),
(4499, 10222),
(4499, 10223),
(4499, 10224),
(4506, 10254),
(4506, 10255),
(4506, 10256),
(4510, 10141),
(4510, 10142),
(4510, 10143),
(4510, 10144),
(4510, 10145),
(4513, 10219),
(4513, 10220),
(4513, 10221),
(4513, 10222),
(4513, 10223),
(4513, 10224),
(4527, 10123),
(4527, 10124),
(4527, 10126),
(4527, 10142),
(4527, 10144),
(4527, 10145),
(4572, 10108),
(4572, 10109),
(4572, 10110),
(4572, 10111),
(4615, 10108),
(4619, 10237),
(4623, 10181),
(4623, 10183),
(4623, 10184),
(4625, 10204),
(4625, 10219),
(4625, 10221),
(4625, 10222),
(4625, 10223),
(4625, 10224),
(4627, 10219),
(4627, 10220),
(4627, 10221),
(4627, 10222),
(4627, 10224),
(4627, 10298),
(4628, 10254),
(4628, 10255),
(4628, 10256),
(4633, 10254),
(4633, 10255),
(4633, 10256),
(4634, 10254),
(4634, 10255),
(4634, 10256),
(4637, 10141),
(4637, 10142),
(4637, 10143),
(4637, 10144),
(4637, 10145),
(4649, 10108),
(4649, 10109),
(4649, 10110),
(4649, 10111),
(4658, 10108),
(4658, 10109),
(4658, 10111),
(4659, 10237),
(4660, 10108),
(4660, 10109),
(4660, 10110),
(4660, 10111),
(4662, 10254),
(4662, 10255),
(4662, 10256),
(4663, 10123),
(4663, 10124),
(4663, 10126),
(4663, 10142),
(4663, 10144),
(4663, 10145),
(4669, 10141),
(4669, 10142),
(4669, 10143),
(4669, 10144),
(4669, 10145),
(4671, 10103),
(4671, 10106),
(4671, 10109),
(4671, 10117),
(4676, 10141),
(4676, 10142),
(4676, 10143),
(4676, 10144),
(4676, 10145),
(4717, 10219),
(4717, 10220),
(4717, 10221),
(4717, 10222),
(4717, 10223),
(4717, 10224),
(4779, 10235),
(4779, 10236),
(4779, 10237),
(4779, 10238),
(4781, 10238),
(4782, 10206),
(4782, 10219),
(4782, 10220),
(4782, 10221),
(4782, 10222),
(4782, 10223),
(4782, 10224),
(4785, 10217),
(4785, 10219),
(4785, 10220),
(4785, 10221),
(4785, 10222),
(4785, 10223),
(4785, 10224),
(4786, 10103),
(4786, 10104),
(4786, 10105),
(4786, 10106),
(4786, 10107),
(4818, 10206),
(4818, 10219),
(4818, 10220),
(4818, 10221),
(4818, 10222),
(4818, 10223),
(4818, 10224),
(4825, 10108),
(4825, 10109),
(4825, 10110),
(4825, 10111),
(4829, 10206),
(4829, 10219),
(4829, 10220),
(4829, 10221),
(4829, 10222),
(4829, 10223),
(4829, 10224),
(4831, 10219),
(4831, 10220),
(4831, 10221),
(4831, 10222),
(4831, 10223),
(4831, 10224),
(4887, 10249),
(4887, 10250),
(4887, 10251),
(4887, 10252),
(4887, 10253),
(4888, 10202),
(4888, 10213),
(4888, 10215),
(4888, 10216),
(4888, 10217),
(4888, 10218),
(4888, 10220),
(4888, 10221),
(4889, 10213),
(4889, 10214),
(4889, 10215),
(4889, 10216),
(4889, 10217),
(4889, 10218),
(4901, 10249),
(4901, 10250),
(4901, 10251),
(4901, 10252),
(4901, 10253),
(4903, 10244),
(4903, 10245),
(4903, 10246),
(4903, 10248),
(4904, 10249),
(4904, 10250),
(4904, 10251),
(4904, 10252),
(4904, 10253),
(4907, 10135),
(4907, 10136),
(4907, 10137),
(4907, 10139),
(4907, 10140),
(4907, 10167),
(4911, 10213),
(4911, 10214),
(4911, 10215),
(4911, 10216),
(4911, 10217),
(4911, 10218),
(4912, 10249),
(4912, 10250),
(4912, 10251),
(4912, 10252),
(4912, 10253),
(4915, 10103),
(4915, 10104),
(4915, 10105),
(4915, 10106),
(4915, 10107),
(4917, 10135),
(4917, 10136),
(4917, 10137),
(4917, 10139),
(4917, 10140),
(4917, 10167),
(4918, 10213),
(4918, 10214),
(4918, 10215),
(4918, 10216),
(4918, 10217),
(4918, 10218),
(4919, 10175),
(4919, 10180),
(4919, 10183),
(4919, 10184),
(4919, 10186),
(4924, 10213),
(4924, 10214),
(4924, 10215),
(4924, 10216),
(4924, 10217),
(4924, 10218),
(4927, 10103),
(4927, 10104),
(4927, 10105),
(4927, 10106),
(4927, 10110),
(4930, 10135),
(4930, 10136),
(4930, 10137),
(4930, 10139),
(4930, 10140),
(4930, 10167),
(4931, 10117),
(4931, 10118),
(4931, 10119),
(4931, 10120),
(4931, 10121),
(4935, 10117),
(4935, 10118),
(4935, 10119),
(4935, 10120),
(4935, 10121),
(4936, 10235),
(4936, 10236),
(4936, 10237),
(4936, 10238),
(4946, 10213),
(4946, 10214),
(4946, 10215),
(4946, 10216),
(4946, 10217),
(4946, 10218),
(4948, 10213),
(4948, 10214),
(4948, 10215),
(4948, 10216),
(4948, 10217),
(4948, 10218),
(4950, 10135),
(4950, 10136),
(4950, 10137),
(4950, 10139),
(4950, 10140),
(4950, 10167),
(4951, 10249),
(4951, 10250),
(4951, 10251),
(4951, 10252),
(4951, 10253),
(4952, 10235),
(4952, 10236),
(4952, 10237),
(4952, 10238),
(4955, 10180),
(4955, 10181),
(4955, 10183),
(4955, 10184),
(4955, 10185),
(4955, 10186),
(4955, 10276),
(4956, 10202),
(4956, 10213),
(4956, 10214),
(4956, 10215),
(4956, 10216),
(4956, 10217),
(4956, 10218),
(4958, 10213),
(4958, 10214),
(4958, 10215),
(4958, 10216),
(4958, 10217),
(4958, 10218),
(4959, 10249),
(4959, 10250),
(4959, 10251),
(4959, 10252),
(4959, 10253),
(4964, 10235),
(4964, 10236),
(4964, 10237),
(4964, 10238),
(4965, 10213),
(4965, 10214),
(4965, 10215),
(4965, 10216),
(4965, 10217),
(4965, 10218),
(4968, 10235),
(4968, 10236),
(4968, 10237),
(4968, 10238),
(4969, 10103),
(4969, 10104),
(4969, 10105),
(4969, 10106),
(4969, 10107),
(4973, 10180),
(4973, 10183),
(4973, 10184),
(4973, 10186),
(4978, 10170),
(4978, 10171),
(4978, 10175),
(4978, 10180),
(4978, 10184),
(4980, 10103),
(4980, 10104),
(4980, 10105),
(4980, 10106),
(4980, 10107),
(4981, 10235),
(4981, 10236),
(4981, 10237),
(4981, 10238),
(4982, 10213),
(4982, 10214),
(4982, 10215),
(4982, 10216),
(4982, 10217),
(4982, 10218),
(4985, 10135),
(4985, 10136),
(4985, 10137),
(4985, 10139),
(4985, 10140),
(4985, 10167),
(4989, 10135),
(4989, 10136),
(4989, 10137),
(4989, 10139),
(4989, 10140),
(4989, 10167),
(4993, 10123),
(4993, 10124),
(4993, 10125),
(4993, 10126),
(4993, 10127),
(4993, 10128),
(4995, 10235),
(4995, 10236),
(4995, 10238),
(5003, 10103),
(5003, 10104),
(5003, 10105),
(5003, 10106),
(5003, 10107),
(5005, 10213),
(5005, 10214),
(5005, 10215),
(5005, 10216),
(5005, 10217),
(5005, 10218),
(5007, 10213),
(5007, 10214),
(5007, 10215),
(5007, 10216),
(5007, 10217),
(5007, 10218),
(5029, 10103),
(5029, 10104),
(5029, 10105),
(5029, 10106),
(5029, 10107),
(5031, 10175),
(5031, 10177),
(5031, 10184),
(5031, 10186),
(5033, 10228),
(5033, 10235),
(5033, 10236),
(5033, 10238),
(5034, 10249),
(5034, 10250),
(5034, 10251),
(5034, 10252),
(5034, 10253),
(5036, 10235),
(5036, 10236),
(5036, 10238),
(5039, 10180),
(5039, 10181),
(5039, 10183),
(5039, 10184),
(5039, 10186),
(5040, 10103),
(5040, 10104),
(5040, 10105),
(5040, 10106),
(5040, 10107),
(5041, 10103),
(5041, 10104),
(5041, 10105),
(5041, 10106),
(5041, 10107),
(5050, 10175),
(5050, 10176),
(5050, 10177),
(5050, 10184),
(5054, 10249),
(5054, 10250),
(5054, 10251),
(5054, 10252),
(5054, 10253),
(5055, 10103),
(5055, 10104),
(5055, 10105),
(5055, 10106),
(5055, 10107),
(5061, 10105),
(5061, 10109),
(5061, 10110),
(5064, 10103),
(5064, 10105),
(5064, 10106),
(5064, 10110),
(5067, 10174),
(5067, 10181),
(5067, 10183),
(5067, 10184),
(5067, 10186),
(5068, 10249),
(5068, 10250),
(5068, 10251),
(5068, 10252),
(5068, 10253),
(5077, 10213),
(5077, 10214),
(5077, 10215),
(5077, 10216),
(5077, 10217),
(5077, 10218),
(5082, 10180),
(5082, 10181),
(5082, 10183),
(5082, 10184),
(5082, 10186),
(5083, 10180),
(5083, 10181),
(5083, 10183),
(5083, 10184),
(5083, 10185),
(5083, 10186),
(5159, 10230),
(5159, 10231),
(5159, 10232),
(5159, 10233),
(5159, 10234),
(5161, 10135),
(5161, 10137),
(5161, 10139),
(5161, 10140),
(5161, 10167),
(5164, 10103),
(5164, 10104),
(5164, 10105),
(5164, 10106),
(5164, 10107),
(5165, 10103),
(5165, 10104),
(5165, 10105),
(5165, 10106),
(5165, 10107),
(5166, 10103),
(5166, 10104),
(5166, 10105),
(5166, 10107),
(5167, 10249),
(5167, 10250),
(5167, 10251),
(5167, 10252),
(5167, 10253),
(5168, 10236),
(5168, 10237),
(5168, 10238),
(5169, 10249),
(5169, 10250),
(5169, 10251),
(5169, 10252),
(5169, 10253),
(5170, 10180),
(5170, 10181),
(5170, 10183),
(5170, 10184),
(5170, 10185),
(5170, 10186),
(5172, 10135),
(5172, 10136),
(5172, 10137),
(5172, 10139),
(5172, 10140),
(5172, 10167),
(5178, 10135),
(5178, 10136),
(5178, 10137),
(5178, 10139),
(5178, 10140),
(5178, 10167),
(5179, 10249),
(5179, 10250),
(5179, 10251),
(5179, 10252),
(5179, 10253),
(5180, 10219),
(5180, 10222),
(5180, 10223),
(5180, 10224),
(5180, 10298),
(5184, 10103),
(5184, 10105),
(5187, 10105),
(5187, 10109),
(5187, 10161),
(5189, 10123),
(5189, 10125),
(5189, 10126),
(5189, 10132),
(5189, 10133),
(5189, 10136),
(5190, 10105),
(5218, 10135),
(5218, 10137),
(5218, 10141),
(5218, 10144),
(5267, 10230),
(5267, 10231),
(5267, 10232),
(5267, 10233),
(5267, 10234),
(5268, 10208),
(5268, 10209),
(5268, 10210),
(5268, 10211),
(5268, 10212),
(5269, 10117),
(5269, 10118),
(5269, 10119),
(5269, 10120),
(5269, 10121),
(5271, 10123),
(5271, 10124),
(5271, 10125),
(5271, 10126),
(5271, 10127),
(5271, 10128),
(5272, 10208),
(5272, 10209),
(5272, 10210),
(5272, 10211),
(5272, 10212),
(5273, 10117),
(5273, 10118),
(5273, 10119),
(5273, 10120),
(5273, 10121),
(5275, 10123),
(5275, 10124),
(5275, 10125),
(5275, 10126),
(5275, 10127),
(5275, 10128),
(5276, 10117),
(5276, 10118),
(5276, 10119),
(5276, 10120),
(5276, 10121),
(5277, 10124),
(5277, 10125),
(5277, 10126),
(5277, 10127),
(5277, 10128),
(5279, 10123),
(5279, 10124),
(5279, 10125),
(5279, 10126),
(5279, 10127),
(5279, 10128),
(5280, 10123),
(5280, 10124),
(5280, 10125),
(5280, 10126),
(5280, 10127),
(5280, 10128),
(5282, 10174),
(5282, 10175),
(5282, 10176),
(5282, 10177),
(5282, 10178),
(5282, 10179),
(5283, 10174),
(5283, 10175),
(5283, 10176),
(5283, 10177),
(5283, 10178),
(5283, 10179),
(5286, 10174),
(5286, 10175),
(5286, 10176),
(5286, 10177),
(5286, 10178),
(5286, 10179),
(5287, 10117),
(5287, 10118),
(5287, 10119),
(5287, 10120),
(5287, 10121),
(5289, 10208),
(5289, 10209),
(5289, 10210),
(5289, 10211),
(5289, 10212),
(5290, 10123),
(5290, 10124),
(5290, 10125),
(5290, 10126),
(5290, 10127),
(5290, 10128),
(5293, 10208),
(5293, 10209),
(5293, 10210),
(5293, 10211),
(5293, 10212),
(5294, 10208),
(5294, 10209),
(5294, 10210),
(5294, 10211),
(5294, 10212),
(5296, 10208),
(5296, 10209),
(5296, 10210),
(5296, 10211),
(5296, 10212),
(5298, 10117),
(5298, 10118),
(5298, 10119),
(5298, 10120),
(5298, 10121),
(5300, 10202),
(5300, 10203),
(5300, 10204),
(5300, 10205),
(5300, 10206),
(5300, 10207),
(5301, 10244),
(5301, 10245),
(5301, 10246),
(5301, 10247),
(5301, 10248),
(5303, 10244),
(5303, 10245),
(5303, 10246),
(5303, 10247),
(5303, 10248),
(5304, 10117),
(5304, 10118),
(5304, 10119),
(5304, 10120),
(5304, 10121),
(5306, 10208),
(5306, 10209),
(5306, 10210),
(5306, 10211),
(5306, 10212),
(5307, 10208),
(5307, 10209),
(5307, 10210),
(5307, 10211),
(5307, 10212),
(5310, 10208),
(5310, 10209),
(5310, 10210),
(5310, 10211),
(5310, 10212),
(5312, 10123),
(5312, 10124),
(5312, 10125),
(5312, 10126),
(5312, 10127),
(5312, 10128),
(5314, 10244),
(5314, 10245),
(5314, 10246),
(5314, 10247),
(5314, 10248),
(5315, 10117),
(5315, 10118),
(5315, 10119),
(5315, 10120),
(5315, 10121),
(5318, 10230),
(5318, 10231),
(5318, 10232),
(5318, 10233),
(5318, 10234),
(5320, 10230),
(5320, 10231),
(5320, 10232),
(5320, 10233),
(5320, 10234),
(5322, 10208),
(5322, 10209),
(5322, 10210),
(5322, 10211),
(5322, 10212),
(5323, 10230),
(5323, 10231),
(5323, 10232),
(5323, 10233),
(5323, 10234),
(5324, 10123),
(5324, 10124),
(5324, 10125),
(5324, 10126),
(5324, 10127),
(5324, 10128),
(5326, 10123),
(5326, 10124),
(5326, 10125),
(5326, 10126),
(5326, 10127),
(5326, 10128),
(5328, 10117),
(5328, 10118),
(5328, 10119),
(5328, 10120),
(5328, 10121),
(5330, 10174),
(5330, 10175),
(5330, 10176),
(5330, 10177),
(5330, 10178),
(5330, 10179),
(5331, 10230),
(5331, 10231),
(5331, 10232),
(5331, 10233),
(5331, 10234),
(5332, 10213),
(5332, 10214),
(5332, 10217),
(5332, 10218),
(5332, 10224),
(5333, 10230),
(5333, 10231),
(5333, 10232),
(5333, 10233),
(5333, 10234),
(5334, 10123),
(5334, 10124),
(5334, 10125),
(5334, 10126),
(5334, 10127),
(5334, 10128),
(5335, 10123),
(5335, 10124),
(5335, 10125),
(5335, 10126),
(5335, 10127),
(5335, 10128),
(5336, 10208),
(5336, 10209),
(5336, 10210),
(5336, 10211),
(5336, 10212),
(5337, 10208),
(5337, 10209),
(5337, 10210),
(5337, 10211),
(5337, 10212),
(5338, 10244),
(5338, 10245),
(5338, 10246),
(5338, 10247),
(5338, 10248),
(5342, 10244),
(5342, 10245),
(5342, 10246),
(5342, 10247),
(5342, 10248),
(5345, 10117),
(5345, 10118),
(5345, 10119),
(5345, 10120),
(5345, 10121),
(5346, 10123),
(5346, 10124),
(5346, 10125),
(5346, 10126),
(5346, 10127),
(5346, 10128),
(5348, 10208),
(5348, 10209),
(5348, 10210),
(5348, 10211),
(5348, 10212),
(5353, 10208),
(5353, 10209),
(5353, 10210),
(5353, 10211),
(5353, 10212),
(5354, 10123),
(5354, 10124),
(5354, 10125),
(5354, 10126),
(5354, 10127),
(5354, 10128),
(5356, 10123),
(5356, 10124),
(5356, 10125),
(5356, 10126),
(5356, 10127),
(5356, 10128),
(5360, 10123),
(5360, 10124),
(5360, 10125),
(5360, 10126),
(5360, 10127),
(5360, 10128),
(5361, 10123),
(5361, 10124),
(5361, 10125),
(5361, 10126),
(5361, 10127),
(5361, 10128),
(5365, 10124),
(5365, 10125),
(5365, 10126),
(5365, 10127),
(5365, 10128),
(5369, 10244),
(5369, 10245),
(5369, 10246),
(5369, 10247),
(5369, 10248),
(5372, 10208),
(5372, 10209),
(5372, 10210),
(5372, 10211),
(5372, 10212),
(5373, 10118),
(5373, 10119),
(5373, 10120),
(5373, 10121),
(5380, 10117),
(5380, 10118),
(5380, 10119),
(5380, 10120),
(5380, 10121),
(5381, 10230),
(5381, 10231),
(5381, 10232),
(5381, 10233),
(5381, 10234),
(5382, 10174),
(5382, 10175),
(5382, 10176),
(5382, 10177),
(5382, 10178),
(5382, 10179),
(5386, 10230),
(5386, 10231),
(5386, 10232),
(5386, 10233),
(5386, 10234),
(5390, 10244),
(5390, 10245),
(5390, 10246),
(5390, 10247),
(5390, 10248),
(5391, 10123),
(5391, 10124),
(5391, 10125),
(5391, 10126),
(5391, 10127),
(5391, 10128),
(5393, 10174),
(5393, 10175),
(5393, 10176),
(5393, 10177),
(5393, 10178),
(5393, 10179),
(5395, 10108),
(5397, 10228),
(5397, 10230),
(5397, 10231),
(5397, 10232),
(5397, 10234),
(5403, 10230),
(5403, 10231),
(5403, 10232),
(5403, 10233),
(5403, 10234),
(5405, 10117),
(5405, 10118),
(5405, 10119),
(5405, 10120),
(5405, 10121),
(5407, 10123),
(5407, 10124),
(5407, 10125),
(5407, 10126),
(5407, 10127),
(5407, 10128),
(5414, 10169),
(5414, 10173),
(5414, 10186),
(5415, 10208),
(5415, 10209),
(5415, 10210),
(5415, 10211),
(5415, 10212),
(5417, 10208),
(5417, 10209),
(5417, 10210),
(5417, 10211),
(5420, 10117),
(5420, 10118),
(5420, 10119),
(5420, 10120),
(5420, 10121),
(5421, 10132),
(5421, 10135),
(5421, 10136),
(5421, 10137),
(5421, 10139),
(5421, 10140),
(5421, 10167),
(5424, 10208),
(5424, 10215),
(5424, 10219),
(5424, 10220),
(5424, 10221),
(5424, 10222),
(5424, 10298),
(5430, 10123),
(5430, 10124),
(5430, 10125),
(5430, 10126),
(5430, 10127),
(5430, 10128),
(5431, 10244),
(5431, 10245),
(5431, 10246),
(5431, 10247),
(5431, 10248),
(5444, 10213),
(5444, 10214),
(5444, 10216),
(5444, 10217),
(5444, 10218),
(5445, 10244),
(5445, 10245),
(5445, 10246),
(5445, 10247),
(5445, 10248),
(5503, 10174),
(5503, 10175),
(5503, 10176),
(5503, 10177),
(5503, 10178),
(5503, 10179),
(5504, 10230),
(5504, 10231),
(5504, 10232),
(5504, 10233),
(5504, 10234),
(5506, 10244),
(5506, 10245),
(5506, 10246),
(5506, 10247),
(5506, 10248),
(5507, 10244),
(5507, 10245),
(5507, 10246),
(5507, 10247),
(5507, 10248),
(5508, 10174),
(5508, 10175),
(5508, 10176),
(5508, 10177),
(5508, 10178),
(5508, 10179),
(5509, 10208),
(5509, 10209),
(5509, 10210),
(5509, 10211),
(5509, 10212),
(5510, 10230),
(5510, 10231),
(5510, 10232),
(5510, 10233),
(5510, 10234),
(5514, 10208),
(5514, 10209),
(5514, 10210),
(5514, 10211),
(5514, 10212),
(5515, 10244),
(5515, 10245),
(5515, 10246),
(5515, 10247),
(5515, 10248),
(5516, 10244),
(5516, 10245),
(5516, 10246),
(5516, 10247),
(5516, 10248),
(5517, 10123),
(5517, 10124),
(5517, 10125),
(5517, 10126),
(5517, 10127),
(5517, 10128),
(5520, 10208),
(5520, 10209),
(5520, 10210),
(5520, 10211),
(5520, 10212),
(5521, 10230),
(5521, 10231),
(5521, 10232),
(5521, 10233),
(5521, 10234),
(5522, 10163),
(5522, 10165),
(5523, 10123),
(5523, 10124),
(5523, 10125),
(5523, 10126),
(5523, 10127),
(5523, 10128),
(5525, 10174),
(5525, 10175),
(5525, 10176),
(5525, 10177),
(5525, 10178),
(5525, 10179),
(5527, 10244),
(5527, 10245),
(5527, 10246),
(5527, 10247),
(5527, 10248),
(5528, 10244),
(5528, 10245),
(5528, 10246),
(5528, 10247),
(5528, 10248),
(5530, 10129),
(5530, 10130),
(5530, 10132),
(5530, 10133),
(5530, 10143),
(5531, 10117),
(5531, 10118),
(5531, 10119),
(5531, 10120),
(5531, 10121),
(5532, 10208),
(5532, 10209),
(5532, 10210),
(5532, 10211),
(5532, 10212),
(5539, 10208),
(5539, 10209),
(5539, 10210),
(5539, 10211),
(5539, 10212),
(5541, 10123),
(5541, 10124),
(5541, 10125),
(5541, 10126),
(5541, 10127),
(5541, 10128),
(5547, 10208),
(5547, 10209),
(5547, 10210),
(5547, 10211),
(5547, 10212),
(5550, 10123),
(5550, 10124),
(5550, 10125),
(5550, 10126),
(5550, 10127),
(5550, 10128),
(5551, 10240),
(5551, 10241),
(5551, 10242),
(5551, 10243),
(5551, 10251),
(5552, 10230),
(5552, 10231),
(5552, 10232),
(5552, 10233),
(5552, 10234),
(5559, 10174),
(5559, 10175),
(5559, 10176),
(5559, 10177),
(5559, 10178),
(5559, 10179),
(5582, 10117),
(5582, 10118),
(5582, 10119),
(5582, 10120),
(5582, 10121),
(5595, 10131),
(5595, 10132),
(5595, 10135),
(5595, 10136),
(5595, 10137),
(5595, 10141),
(5595, 10167),
(5597, 10213),
(5597, 10214),
(5597, 10215),
(5597, 10216),
(5597, 10217),
(5597, 10218),
(5617, 10117),
(5617, 10118),
(5617, 10119),
(5617, 10120),
(5617, 10121),
(5620, 10231),
(5620, 10232),
(5620, 10233),
(5620, 10234),
(5620, 10235),
(5621, 10117),
(5621, 10118),
(5621, 10119),
(5621, 10120),
(5621, 10121),
(5622, 10208),
(5622, 10209),
(5622, 10210),
(5622, 10211),
(5622, 10212),
(5737, 10129),
(5737, 10130),
(5737, 10131),
(5737, 10132),
(5737, 10133),
(5739, 10225),
(5739, 10226),
(5739, 10227),
(5739, 10228),
(5739, 10229),
(5741, 10161),
(5741, 10162),
(5741, 10163),
(5741, 10164),
(5741, 10165),
(5741, 10166),
(5743, 10161),
(5743, 10162),
(5743, 10163),
(5743, 10164),
(5743, 10165),
(5743, 10166),
(5747, 10239),
(5747, 10240),
(5747, 10241),
(5747, 10242),
(5747, 10243),
(5749, 10129),
(5749, 10130),
(5749, 10131),
(5749, 10132),
(5749, 10133),
(5750, 10202),
(5750, 10203),
(5750, 10204),
(5750, 10205),
(5750, 10206),
(5750, 10207),
(5751, 10239),
(5751, 10240),
(5751, 10241),
(5751, 10242),
(5751, 10243),
(5752, 10129),
(5752, 10130),
(5752, 10131),
(5752, 10132),
(5752, 10133),
(5755, 10161),
(5755, 10162),
(5755, 10163),
(5755, 10164),
(5755, 10165),
(5755, 10166),
(5757, 10161),
(5757, 10162),
(5757, 10163),
(5757, 10164),
(5757, 10165),
(5757, 10166),
(5760, 10239),
(5760, 10240),
(5760, 10241),
(5760, 10243),
(5760, 10247),
(5762, 10129),
(5762, 10130),
(5762, 10131),
(5762, 10132),
(5762, 10133),
(5763, 10129),
(5763, 10130),
(5763, 10131),
(5763, 10132),
(5763, 10133),
(5764, 10225),
(5764, 10226),
(5764, 10227),
(5764, 10228),
(5764, 10229),
(5766, 10161),
(5766, 10162),
(5766, 10163),
(5766, 10164),
(5766, 10165),
(5766, 10166),
(5767, 10202),
(5767, 10203),
(5767, 10204),
(5767, 10205),
(5767, 10206),
(5767, 10207),
(5768, 10202),
(5768, 10203),
(5768, 10204),
(5768, 10205),
(5768, 10206),
(5768, 10207),
(5770, 10225),
(5770, 10226),
(5770, 10227),
(5770, 10228),
(5770, 10229),
(5771, 10129),
(5771, 10130),
(5771, 10131),
(5771, 10132),
(5771, 10133),
(5773, 10129),
(5773, 10130),
(5773, 10131),
(5773, 10132),
(5773, 10133),
(5776, 10161),
(5776, 10162),
(5776, 10163),
(5776, 10164),
(5776, 10165),
(5776, 10166),
(5778, 10129),
(5778, 10130),
(5778, 10131),
(5778, 10132),
(5778, 10133),
(5779, 10225),
(5779, 10226),
(5779, 10227),
(5779, 10228),
(5779, 10229),
(5780, 10129),
(5780, 10130),
(5780, 10131),
(5780, 10132),
(5780, 10133),
(5781, 10202),
(5781, 10203),
(5781, 10204),
(5781, 10205),
(5781, 10206),
(5781, 10207),
(5783, 10202),
(5783, 10203),
(5783, 10204),
(5783, 10205),
(5783, 10206),
(5783, 10207),
(5784, 10202),
(5784, 10203),
(5784, 10204),
(5784, 10205),
(5784, 10206),
(5784, 10207),
(5785, 10161),
(5785, 10162),
(5785, 10163),
(5785, 10164),
(5785, 10165),
(5785, 10166),
(5786, 10168),
(5786, 10170),
(5786, 10171),
(5786, 10172),
(5786, 10173),
(5786, 10175),
(5787, 10202),
(5787, 10203),
(5787, 10204),
(5787, 10205),
(5787, 10206),
(5787, 10207),
(5788, 10225),
(5788, 10226),
(5788, 10227),
(5788, 10228),
(5788, 10229),
(5789, 10129),
(5789, 10130),
(5789, 10131),
(5789, 10132),
(5789, 10133),
(5790, 10168),
(5790, 10169),
(5790, 10170),
(5790, 10171),
(5790, 10172),
(5790, 10173),
(5793, 10161),
(5793, 10162),
(5793, 10163),
(5793, 10164),
(5793, 10165),
(5793, 10166),
(5794, 10161),
(5794, 10164),
(5794, 10165),
(5794, 10166),
(5797, 10161),
(5797, 10162),
(5797, 10163),
(5797, 10164),
(5797, 10165),
(5797, 10166),
(5798, 10239),
(5798, 10240),
(5798, 10241),
(5798, 10242),
(5798, 10243),
(5800, 10202),
(5800, 10203),
(5800, 10204),
(5800, 10205),
(5800, 10206),
(5800, 10207),
(5802, 10126),
(5802, 10130),
(5802, 10131),
(5802, 10132),
(5802, 10133),
(5803, 10129),
(5803, 10130),
(5803, 10131),
(5803, 10132),
(5803, 10133),
(5806, 10202),
(5806, 10203),
(5806, 10204),
(5806, 10205),
(5806, 10206),
(5806, 10207),
(5807, 10129),
(5807, 10130),
(5807, 10131),
(5807, 10132),
(5807, 10133),
(5810, 10225),
(5810, 10226),
(5810, 10227),
(5810, 10228),
(5810, 10229),
(5820, 10106),
(5820, 10111),
(5820, 10117),
(5820, 10119),
(5820, 10120),
(5830, 10129),
(5830, 10130),
(5830, 10131),
(5830, 10132),
(5830, 10133),
(5853, 10129),
(5853, 10130),
(5853, 10131),
(5853, 10132),
(5853, 10133),
(5861, 10118),
(5861, 10119),
(5861, 10120),
(5861, 10121),
(5863, 10168),
(5863, 10169),
(5863, 10171),
(5863, 10172),
(5863, 10173),
(5874, 10202),
(5874, 10203),
(5874, 10204),
(5874, 10205),
(5874, 10206),
(5874, 10207),
(5877, 10239),
(5877, 10240),
(5877, 10241),
(5877, 10242),
(5877, 10243),
(5880, 10168),
(5880, 10169),
(5880, 10171),
(5880, 10172),
(5880, 10173),
(5890, 10129),
(5890, 10130),
(5890, 10131),
(5890, 10132),
(5890, 10133),
(5891, 10168),
(5891, 10169),
(5891, 10170),
(5891, 10171),
(5891, 10172),
(5891, 10173),
(5892, 10161),
(5892, 10162),
(5892, 10163),
(5892, 10164),
(5892, 10165),
(5892, 10166),
(5898, 10103),
(5898, 10104),
(5898, 10105),
(5898, 10106),
(5898, 10107),
(5905, 10202),
(5905, 10203),
(5905, 10204),
(5905, 10206),
(5905, 10218),
(5907, 10225),
(5907, 10226),
(5907, 10227),
(5907, 10228),
(5907, 10229),
(5908, 10168),
(5908, 10169),
(5908, 10170),
(5908, 10171),
(5908, 10172),
(5908, 10173),
(5908, 10186),
(5911, 10239),
(5911, 10240),
(5911, 10241),
(5911, 10242),
(5911, 10243),
(5912, 10225),
(5912, 10226),
(5912, 10227),
(5912, 10228),
(5912, 10229),
(5913, 10129),
(5913, 10130),
(5913, 10131),
(5913, 10132),
(5913, 10133),
(5918, 10225),
(5918, 10226),
(5918, 10227),
(5918, 10228),
(5919, 10129),
(5919, 10130),
(5919, 10131),
(5919, 10132),
(5919, 10133),
(5921, 10168),
(5921, 10169),
(5921, 10170),
(5921, 10171),
(5921, 10172),
(5921, 10173),
(5922, 10129),
(5922, 10130),
(5922, 10131),
(5922, 10132),
(5922, 10133),
(5927, 10225),
(5927, 10226),
(5927, 10227),
(5927, 10228),
(5927, 10229),
(5928, 10202),
(5928, 10203),
(5928, 10204),
(5928, 10205),
(5928, 10206),
(5928, 10207),
(5929, 10225),
(5929, 10226),
(5929, 10227),
(5929, 10228),
(5929, 10229),
(5930, 10117),
(5930, 10119),
(5930, 10161),
(5930, 10162),
(5931, 10225),
(5931, 10226),
(5931, 10227),
(5931, 10228),
(5931, 10229),
(5933, 10225),
(5933, 10226),
(5933, 10227),
(5933, 10228),
(5933, 10229),
(5934, 10161),
(5934, 10162),
(5934, 10163),
(5934, 10164),
(5934, 10165),
(5934, 10166),
(5935, 10239),
(5935, 10240),
(5935, 10241),
(5935, 10242),
(5935, 10243),
(5938, 10239),
(5938, 10240),
(5938, 10241),
(5938, 10242),
(5938, 10243),
(5939, 10161),
(5939, 10162),
(5939, 10163),
(5939, 10164),
(5939, 10165),
(5939, 10166),
(5940, 10225),
(5940, 10226),
(5940, 10227),
(5940, 10228),
(5940, 10229),
(5943, 10168),
(5943, 10170),
(5943, 10172),
(5943, 10173),
(5944, 10225),
(5944, 10226),
(5944, 10227),
(5944, 10228),
(5944, 10229),
(5946, 10117),
(5946, 10118),
(5946, 10119),
(5946, 10120),
(5946, 10121),
(5949, 10161),
(5949, 10162),
(5949, 10163),
(5949, 10164),
(5949, 10165),
(5949, 10166),
(5951, 10202),
(5951, 10204),
(5951, 10205),
(5951, 10206),
(5951, 10207),
(5952, 10202),
(5952, 10203),
(5952, 10204),
(5952, 10205),
(5952, 10206),
(5952, 10207),
(5955, 10161),
(5955, 10162),
(5955, 10163),
(5955, 10164),
(5955, 10165),
(5955, 10166),
(5956, 10225),
(5956, 10226),
(5956, 10227),
(5956, 10228),
(5956, 10229),
(5958, 10202),
(5958, 10203),
(5958, 10204),
(5958, 10205),
(5958, 10206),
(5958, 10207),
(5960, 10161),
(5960, 10162),
(5960, 10163),
(5960, 10164),
(5960, 10165),
(5960, 10166),
(5967, 10161),
(5967, 10162),
(5967, 10163),
(5967, 10164),
(5967, 10165),
(5967, 10166),
(5968, 10208),
(5968, 10209),
(5968, 10210),
(5968, 10211),
(5968, 10218),
(5970, 10225),
(5970, 10226),
(5970, 10227),
(5970, 10228),
(5970, 10229),
(5971, 10202),
(5971, 10203),
(5971, 10204),
(5971, 10205),
(5971, 10206),
(5971, 10207),
(5973, 10225),
(5973, 10226),
(5973, 10227),
(5973, 10228),
(5973, 10229),
(5975, 10239),
(5975, 10240),
(5975, 10241),
(5975, 10242),
(5975, 10243),
(5976, 10118),
(5976, 10119),
(5976, 10120),
(5976, 10121),
(5977, 10118),
(5977, 10119),
(5977, 10120),
(5977, 10121),
(5979, 10225),
(5979, 10226),
(5979, 10227),
(5979, 10228),
(5979, 10229),
(5982, 10225),
(5982, 10226),
(5982, 10227),
(5982, 10228),
(5982, 10229),
(5983, 10168),
(5983, 10169),
(5983, 10170),
(5983, 10171),
(5983, 10172),
(5983, 10173),
(5983, 10186),
(6024, 10225),
(6024, 10226),
(6024, 10227),
(6024, 10228),
(6024, 10229),
(6025, 10239),
(6025, 10240),
(6025, 10241),
(6025, 10242),
(6025, 10243),
(6027, 10161),
(6027, 10162),
(6027, 10163),
(6027, 10164),
(6027, 10165),
(6027, 10166),
(6028, 10161),
(6028, 10162),
(6028, 10163),
(6028, 10164),
(6028, 10165),
(6028, 10166),
(6029, 10239),
(6029, 10240),
(6029, 10241),
(6029, 10242),
(6029, 10243),
(6030, 10168),
(6030, 10169),
(6030, 10171),
(6030, 10172),
(6030, 10173),
(6030, 10186),
(6032, 10202),
(6032, 10203),
(6032, 10204),
(6032, 10205),
(6032, 10206),
(6032, 10207),
(6033, 10202),
(6033, 10203),
(6033, 10204),
(6033, 10205),
(6033, 10206),
(6033, 10207),
(6034, 10202),
(6034, 10203),
(6034, 10204),
(6034, 10205),
(6034, 10206),
(6034, 10207),
(6036, 10202),
(6036, 10203),
(6036, 10204),
(6036, 10205),
(6036, 10206),
(6036, 10207),
(6037, 10225),
(6037, 10226),
(6037, 10227),
(6037, 10228),
(6037, 10234),
(6038, 10202),
(6038, 10204),
(6038, 10205),
(6038, 10206),
(6038, 10209),
(6038, 10212),
(6039, 10202),
(6039, 10204),
(6039, 10205),
(6039, 10206),
(6039, 10209),
(6039, 10212),
(6040, 10225),
(6040, 10226),
(6040, 10227),
(6040, 10228),
(6040, 10229),
(6041, 10161),
(6041, 10162),
(6041, 10163),
(6041, 10164),
(6041, 10165),
(6041, 10166),
(6043, 10129),
(6043, 10130),
(6043, 10131),
(6043, 10132),
(6043, 10133),
(6044, 10239),
(6044, 10240),
(6044, 10241),
(6044, 10243),
(6049, 10202),
(6049, 10203),
(6049, 10211),
(6049, 10218),
(6050, 10225),
(6050, 10226),
(6050, 10227),
(6050, 10228),
(6050, 10229),
(6051, 10129),
(6051, 10130),
(6051, 10131),
(6051, 10132),
(6051, 10133),
(6053, 10168),
(6053, 10169),
(6053, 10171),
(6053, 10172),
(6053, 10173),
(6054, 10225),
(6054, 10226),
(6054, 10227),
(6054, 10228),
(6054, 10229),
(6055, 10168),
(6055, 10169),
(6055, 10171),
(6055, 10172),
(6055, 10173),
(6055, 10186),
(6058, 10239),
(6058, 10240),
(6058, 10241),
(6058, 10242),
(6058, 10243),
(6059, 10162),
(6059, 10163),
(6059, 10164),
(6059, 10165),
(6059, 10166),
(6063, 10161),
(6063, 10162),
(6063, 10163),
(6063, 10164),
(6063, 10166),
(6064, 10203),
(6064, 10204),
(6064, 10205),
(6064, 10206),
(6064, 10207),
(6065, 10121),
(6067, 10225),
(6067, 10226),
(6067, 10227),
(6067, 10228),
(6067, 10229),
(6069, 10168),
(6069, 10169),
(6069, 10171),
(6069, 10172),
(6069, 10173),
(6070, 10129),
(6070, 10130),
(6070, 10131),
(6070, 10132),
(6071, 10202),
(6071, 10204),
(6071, 10205),
(6071, 10206),
(6071, 10209),
(6071, 10212),
(6079, 10103),
(6080, 10239),
(6080, 10240),
(6080, 10241),
(6080, 10242),
(6083, 10103),
(6086, 10225),
(6086, 10226),
(6086, 10227),
(6086, 10228);

-- --------------------------------------------------------

--
-- Estrutura da tabela `periodo_letivo`
--

CREATE TABLE `periodo_letivo` (
  `id` int(11) NOT NULL,
  `codigo_periodo` varchar(45) NOT NULL
) ENGINE=InnoDB DEFAULT CHARSET=utf8;

--
-- Extraindo dados da tabela `periodo_letivo`
--

INSERT INTO `periodo_letivo` (`id`, `codigo_periodo`) VALUES
(220, '2018/2');

-- --------------------------------------------------------

--
-- Estrutura da tabela `provas`
--

CREATE TABLE `provas` (
  `id` int(11) NOT NULL,
  `nome` varchar(45) NOT NULL,
  `criado_em` datetime NOT NULL DEFAULT CURRENT_TIMESTAMP,
  `aplicacao` datetime NOT NULL,
  `qtd_questoes` int(11) NOT NULL,
  `tipo_prova` varchar(45) NOT NULL,
  `nota` float NOT NULL,
  `professor` int(10) UNSIGNED NOT NULL,
  `periodo_letivo` int(11) NOT NULL
) ENGINE=InnoDB DEFAULT CHARSET=utf8;

-- --------------------------------------------------------

--
-- Estrutura da tabela `questoes`
--

CREATE TABLE `questoes` (
  `id` int(10) UNSIGNED NOT NULL,
  `descricao` text NOT NULL,
  `criado_em` datetime NOT NULL DEFAULT CURRENT_TIMESTAMP,
  `disciplina` int(10) UNSIGNED NOT NULL,
  `peso` float NOT NULL,
  `professor` int(10) UNSIGNED NOT NULL,
  `imagem` varchar(200) DEFAULT NULL,
  `situacao` varchar(45) NOT NULL DEFAULT 'ativo',
  `periodo_letivo` int(11) NOT NULL
) ENGINE=InnoDB DEFAULT CHARSET=utf8;

-- --------------------------------------------------------

--
-- Estrutura da tabela `respostas`
--

CREATE TABLE `respostas` (
  `item_prova` int(10) UNSIGNED NOT NULL,
  `alternativa` int(11) NOT NULL,
  `criado_em` datetime NOT NULL DEFAULT CURRENT_TIMESTAMP,
  `aluno` int(10) UNSIGNED NOT NULL
) ENGINE=InnoDB DEFAULT CHARSET=utf8;

-- --------------------------------------------------------

--
-- Estrutura da tabela `sessoes`
--

CREATE TABLE `sessoes` (
  `id` int(10) UNSIGNED NOT NULL,
  `usuario` int(10) UNSIGNED NOT NULL,
  `inicio` datetime NOT NULL DEFAULT CURRENT_TIMESTAMP,
  `termino` datetime DEFAULT NULL
) ENGINE=InnoDB DEFAULT CHARSET=utf8;

-- --------------------------------------------------------

--
-- Estrutura da tabela `usuarios`
--

CREATE TABLE `usuarios` (
  `id` int(10) UNSIGNED NOT NULL,
  `nome` varchar(75) NOT NULL,
  `codigo` varchar(4) NOT NULL,
  `senha` varchar(200) NOT NULL,
  `contexto` enum('aluno','professor','administrador') DEFAULT 'aluno'
) ENGINE=InnoDB DEFAULT CHARSET=utf8;

--
-- Extraindo dados da tabela `usuarios`
--

INSERT INTO `usuarios` (`id`, `nome`, `codigo`, `senha`, `contexto`) VALUES
(50, 'SONIA MARI  CIMA', '50', '123456', 'professor'),
(53, 'GIOVANI CARLOS VANI', '53', '123456', 'professor'),
(63, 'ÉLIO HEIMANN', '63', '123456', 'professor'),
(66, 'MARIA SALETE TORRES', '66', '123456', 'professor'),
(101, 'MARCIA COSEL FIEBIG', '101', '123456', 'professor'),
(105, 'DANIEL MENIN TORTELLI', '105', '123456', 'professor'),
(109, 'LOURDES RAQUEL DONADEL', '109', '123456', 'professor'),
(118, 'FABRICIO JOSÉ BRUSTOLIN', '118', '123456', 'professor'),
(120, 'FLAVIA DALLA COSTA', '120', '123456', 'professor'),
(123, 'FABRICIO EDSON  SANTIN', '123', '123456', 'professor'),
(125, 'FERNANDA ZANIN MOTA CORREA', '125', '123456', 'professor'),
(154, 'PAULO HENRIQUE FASSINA', '154', '123456', 'professor'),
(168, 'DULCIMAR JOSE JULKOVSKI', '168', '123456', 'professor'),
(172, 'FABIANO  TADEU GRAZIOLI', '172', '123456', 'professor'),
(185, 'UILIAM SKOMRA', '185', '123456', 'aluno'),
(198, 'SUZANA FUNK', '198', '123456', 'professor'),
(202, 'MARCOS  ANDRE LUCAS', '202', '123456', 'professor'),
(216, 'RAFAEL SOTTILI TESTA', '216', '123456', 'professor'),
(255, 'CASSIANO TIAGO LUMI', '255', '123456', 'professor'),
(258, 'HUMBERTO DE PELLEGRINI', '258', '123456', 'professor'),
(259, 'ELIANE FÁTIMA SAMUEL DO NASCIMENTO', '259', '123456', 'professor'),
(284, 'ANDERSON PAULO POLESE', '284', '123456', 'professor'),
(285, 'RODRIGO ESPIUCA DOS ANJOS SIQUEIRA', '285', '123456', 'professor'),
(287, 'HELEN DA SILVA TEIXEIRA', '287', '123456', 'professor'),
(291, 'CLAUDIA SEIBT', '291', '123456', 'professor'),
(296, 'Reginaldo José Bolis', '296', '123456', 'professor'),
(364, 'LUCIANO MORAES NETO', '364', '123456', 'professor'),
(370, 'DOLORES MARIA LONGHI', '370', '123456', 'professor'),
(406, 'HERCIO MENEGOTTO FERRARO NETO', '406', '123456', 'professor'),
(433, 'ROGÉRIO CIOTTI', '433', '123456', 'professor'),
(456, 'ALINE MIGUELA BARCELOS TELES ', '456', '123456', 'professor'),
(482, 'Admin', '1234', '1234', 'administrador'),
(505, 'CARLOS ROBERTO BOELTER', '505', '123456', 'professor'),
(507, 'SIMONE LEHNHART VARGAS', '507', '123456', 'professor'),
(537, 'JUCILÉIA GIACOMIN', '537', '123456', 'professor'),
(558, 'CARLOS EDUARDO SOARES VAZ', '558', '123456', 'professor'),
(562, 'GIOVANA LIOTTO', '562', '123456', 'professor'),
(564, 'CRISTIAN MATEUS VOGT', '564', '123456', 'professor'),
(580, 'ÉDERSON TIAGO SZLACHTA', '580', '123456', 'professor'),
(589, 'DANIELE VANESSA KLOSINSKI', '589', '123456', 'professor'),
(611, 'TIAGO ANTONIO CEZNE', '611', '123456', 'professor'),
(612, 'JULIANA RAQUEL JABOINSKI', '612', '123456', 'professor'),
(627, 'RODRIGO GARCEZ', '627', '123456', 'professor'),
(631, 'CAROLINE OLIVEIRA BIS', '631', '123456', 'professor'),
(1022, 'CLAUDIA MANTOVANI BRZEZINSKI', '1022', '123456', 'aluno'),
(1060, 'SOLANGE TORRES', '1060', '123456', 'aluno'),
(1162, 'CHALINE COLLET DE QUADROS', '1162', '123456', 'aluno'),
(1496, 'FERNANDO D AGOSTINI', '1496', '123456', 'aluno'),
(1740, 'VAGNER JOEL CABRAL TERRA ', '1740', '123456', 'aluno'),
(1761, 'MARLEI FLÁVIA KESSLER', '1761', '123456', 'aluno'),
(1816, 'LUCIANA SZCZEPKOWSKI', '1816', '123456', 'aluno'),
(1837, 'FERNANDO GIRELLI', '1837', '123456', 'aluno'),
(1896, 'ARMINDO VERUS', '1896', '123456', 'aluno'),
(1905, 'RAÍ  VENDRUSCOLO', '1905', '123456', 'aluno'),
(1907, 'RODRIGO LUDOVICO PRICHOA', '1907', '123456', 'aluno'),
(1959, 'GEORGE AUGUSTO ROMANO', '1959', '123456', 'aluno'),
(2070, 'GABRIELA CECCHIN', '2070', '123456', 'aluno'),
(2239, 'ITAMARA HANAUER ', '2239', '123456', 'aluno'),
(2264, 'LUCIANE POSTAL', '2264', '123456', 'aluno'),
(2279, 'DANIEL BASSO DIDONÉ', '2279', '123456', 'aluno'),
(2294, 'MARCELO AUGUSTO NESTOR', '2294', '123456', 'aluno'),
(2547, 'GABRIEL FELIPETTO', '2547', '123456', 'aluno'),
(2550, 'GABRIEL RENATO FERRAZZO', '2550', '123456', 'aluno'),
(2602, 'BERNARDO AUGUSTO CHIAPETTI', '2602', '123456', 'aluno'),
(2719, 'MARINA SMANIOTTO', '2719', '123456', 'aluno'),
(2730, 'JACIR BOLIS JUNIOR', '2730', '123456', 'aluno'),
(2734, 'RAFAEL DOMINGOS AZEVEDO DA SILVA', '2734', '123456', 'aluno'),
(2800, 'LEONARDO LUCAS LIESCH', '2800', '123456', 'aluno'),
(2882, 'JÚLIA CAROLINA RAMISCH', '2882', '123456', 'aluno'),
(3262, 'ANA PAULA BONATTO', '3262', '123456', 'aluno'),
(3302, 'EMANUEL CRISTÓVON TRINDADE', '3302', '123456', 'aluno'),
(3365, 'ANDRÉA RODRIGUES CANDIDA SALES', '3365', '123456', 'aluno'),
(3635, 'ÉRIK JOSÉ DE CAMPOS', '3635', '123456', 'aluno'),
(3696, 'WELLINGTON LUÍS MUSSIOL', '3696', '123456', 'aluno'),
(3741, 'DIEGO GEWINSKI', '3741', '123456', 'aluno'),
(3764, 'GIAN LUCAS BIANCHETTO', '3764', '123456', 'aluno'),
(3777, 'CASSIANA STRIESKI', '3777', '123456', 'aluno'),
(3787, 'VERÔNICA WASKIEWIC', '3787', '123456', 'aluno'),
(3820, 'MATEUS ROGINSKI', '3820', '123456', 'aluno'),
(3855, 'DANIELA ANA ANTKIEWICZ', '3855', '123456', 'aluno'),
(3910, 'ANDERSON LUIS DE OLIVEIRA', '3910', '123456', 'aluno'),
(3947, 'TAÍS POGORZELSKI', '3947', '123456', 'aluno'),
(3957, 'ALESSANDRO FLORES DOS SANTOS ', '3957', '123456', 'aluno'),
(4192, 'MARCELO FIABANI', '4192', '123456', 'aluno'),
(4226, 'VERÔNICA GZIEBIELUKA', '4226', '123456', 'aluno'),
(4394, 'JONAS LEVI SCANDOLARA', '4394', '123456', 'aluno'),
(4396, 'ROCHELI PAULA OTOWICZ', '4396', '123456', 'aluno'),
(4400, 'TATIANE DE RÉ', '4400', '123456', 'aluno'),
(4405, 'ISMAEL IGOR KWOLL', '4405', '123456', 'aluno'),
(4406, 'GIAN CARLO POLONI', '4406', '123456', 'aluno'),
(4407, 'GIOVANNI FAGGION BACÊDO', '4407', '123456', 'aluno'),
(4408, 'CAROLINE LEMES DA SILVA', '4408', '123456', 'aluno'),
(4410, 'DJEISON FERNANDO KARLING DE ABREU', '4410', '123456', 'aluno'),
(4412, 'ALANA SARTORI DA SILVA', '4412', '123456', 'aluno'),
(4413, 'LUNARA FALCÃO PINTO', '4413', '123456', 'aluno'),
(4416, 'MARICELI DOS SANTOS MONTEIRO', '4416', '123456', 'aluno'),
(4419, 'BERNARDO FRACARO', '4419', '123456', 'aluno'),
(4420, 'ADRIANO DOMINGUES', '4420', '123456', 'aluno'),
(4421, 'PATRICIA BARETTA', '4421', '123456', 'aluno'),
(4423, 'LUAN BLEIL', '4423', '123456', 'aluno'),
(4426, 'PÂMELA TALIA DA ROSA SEGATTI', '4426', '123456', 'aluno'),
(4429, 'MATEUS MARIANO WILK', '4429', '123456', 'aluno'),
(4430, 'VANESSA CORBARI', '4430', '123456', 'aluno'),
(4432, 'MATEUS EDIR DUDECK', '4432', '123456', 'aluno'),
(4434, 'JANAÍNA DE AZEVEDO BLEIL', '4434', '123456', 'aluno'),
(4436, 'MARISA LUCIANA WOLSKI', '4436', '123456', 'aluno'),
(4438, 'TAIS MARTINS', '4438', '123456', 'aluno'),
(4441, 'BRUNA DOS SANTOS DA COSTA', '4441', '123456', 'aluno'),
(4443, 'LUCIELE SANTA CATARINA', '4443', '123456', 'aluno'),
(4446, 'ADRIANA PRISCILA BARP', '4446', '123456', 'aluno'),
(4447, 'MARCELO SALCHER', '4447', '123456', 'aluno'),
(4448, 'LUANA LODÉA', '4448', '123456', 'aluno'),
(4449, 'ANGELICA TERESINHA DA ROSA LEITÃO', '4449', '123456', 'aluno'),
(4452, 'MILENA LEANDRA MAITO', '4452', '123456', 'aluno'),
(4455, 'JONES LUIS BERTUZZI', '4455', '123456', 'aluno'),
(4456, 'GREICI PAULA LOVERA', '4456', '123456', 'aluno'),
(4458, 'KARINE BALESTRIN', '4458', '123456', 'aluno'),
(4459, 'CAROLINE FIN BATISTA', '4459', '123456', 'aluno'),
(4462, 'GABRIELE BARBARA PASQUATO', '4462', '123456', 'aluno'),
(4467, 'DANIELA FATIMA COLLA', '4467', '123456', 'aluno'),
(4472, 'PATRICIA SANTA CATARINA RODRIGUES DOS SANTOS', '4472', '123456', 'aluno'),
(4474, 'CLEISSON FRAMENTO', '4474', '123456', 'aluno'),
(4477, 'RAISSA BRUNA ZAIONS', '4477', '123456', 'aluno'),
(4478, 'TAUANA DA SILVA', '4478', '123456', 'aluno'),
(4479, 'MIZAELI MARIA BERNSTEIN', '4479', '123456', 'aluno'),
(4488, 'CAROLINA MARINI GARBIN', '4488', '123456', 'aluno'),
(4490, 'JAMILE SYCHOCKI', '4490', '123456', 'aluno'),
(4495, 'JULIANA ANTUNES DE OLIVEIRA', '4495', '123456', 'aluno'),
(4499, 'EDILENE MARIA SROCZYNSKI', '4499', '123456', 'aluno'),
(4506, 'GABRIELA GODOY CORDEIRO', '4506', '123456', 'aluno'),
(4510, 'KATIANE DOMINGUES', '4510', '123456', 'aluno'),
(4513, 'MARIA FERNANDA BRACCINI', '4513', '123456', 'aluno'),
(4527, 'ANA CAROLINA TARTARI', '4527', '123456', 'aluno'),
(4572, 'EDUARDO TOMAZONI VENDRUSCOLO', '4572', '123456', 'aluno'),
(4615, 'NILMAR FERRARI FABRO', '4615', '123456', 'aluno'),
(4619, 'ALAN ANTONIO JACUNIAK', '4619', '123456', 'aluno'),
(4623, 'RODRIGO ZIEMNICZAK', '4623', '123456', 'aluno'),
(4625, 'RENATA CONCI', '4625', '123456', 'aluno'),
(4627, 'MURILO TALIS FAÉ', '4627', '123456', 'aluno'),
(4628, 'JANICE CRISTINA WINTER', '4628', '123456', 'aluno'),
(4633, 'ALESSANDRO CORRÊA GONZALEZ', '4633', '123456', 'aluno'),
(4634, 'HILDA FATIMA DA ROCHA', '4634', '123456', 'aluno'),
(4637, 'GÉSSICA CHAIANE TOMKIEL', '4637', '123456', 'aluno'),
(4649, 'ANGÉLICA GIORDANI', '4649', '123456', 'aluno'),
(4658, 'SUSUANA NAA OYOO QUARTEY', '4658', '123456', 'aluno'),
(4659, 'BISMARCK CLAXTON KPOBIE', '4659', '123456', 'aluno'),
(4660, 'LAUD AUGUSTUS NII ADDO MINGLE', '4660', '123456', 'aluno'),
(4662, 'JÉSSICA LIVI', '4662', '123456', 'aluno'),
(4663, 'VALÉRIA KORBUS', '4663', '123456', 'aluno'),
(4669, 'FERNANDA RODRIGUES FERREIRA EUDES', '4669', '123456', 'aluno'),
(4671, 'MAYKOL WILIAN PIAZZA', '4671', '123456', 'aluno'),
(4676, 'TANIA VANESSA DOS SANTOS ROMANOSKI', '4676', '123456', 'aluno'),
(4717, 'GUILHERME DE MATOS', '4717', '123456', 'aluno'),
(4779, 'RAFAEL LAZZAROTTO', '4779', '123456', 'aluno'),
(4781, 'EZEQUIEL MENEGÁS', '4781', '123456', 'aluno'),
(4782, 'RAQUEL POSSOBON', '4782', '123456', 'aluno'),
(4785, 'CRISLAINE AMÁLIA WAGNER', '4785', '123456', 'aluno'),
(4786, 'SANDRA PAULA DO NASCIMENTO BARBISAN', '4786', '123456', 'aluno'),
(4818, 'MIRCA ELSENBACH', '4818', '123456', 'aluno'),
(4825, 'JORGE ALBERTO KUFNER', '4825', '123456', 'aluno'),
(4829, 'CARLA MARIA DE RÉ', '4829', '123456', 'aluno'),
(4831, 'ALESSANDRA NATALI BASSO', '4831', '123456', 'aluno'),
(4887, 'EDUARDA DOM DEMETRIO', '4887', '123456', 'aluno'),
(4888, 'GABRIELE ANTONIETTI MEDTLER', '4888', '123456', 'aluno'),
(4889, 'BRUNA CARLA STRINGHINI POZZEBON', '4889', '123456', 'aluno'),
(4901, 'CAROLINE BARBOSA DE SOUZA', '4901', '123456', 'aluno'),
(4903, 'MATHEUS WILLIAN DA SILVA', '4903', '123456', 'aluno'),
(4904, 'TAINARA OLIVEIRA OZÓRIO', '4904', '123456', 'aluno'),
(4907, 'SIMONE ECCO', '4907', '123456', 'aluno'),
(4911, 'NATÁLIA MOHR', '4911', '123456', 'aluno'),
(4912, 'MARCELO BOLLER', '4912', '123456', 'aluno'),
(4915, 'SUCENA ALVES BORGES', '4915', '123456', 'aluno'),
(4917, 'YONÁ PERTILLE PICOLI', '4917', '123456', 'aluno'),
(4918, 'MICHELE IARA LIESCH', '4918', '123456', 'aluno'),
(4919, 'EVERTON PAFUSKI', '4919', '123456', 'aluno'),
(4924, 'GABRIELA MARIA PANSERA', '4924', '123456', 'aluno'),
(4927, 'ROBERTA CURZEE ROMANI', '4927', '123456', 'aluno'),
(4930, 'EDUARDA PAULA PERKUHN', '4930', '123456', 'aluno'),
(4931, 'RENATA VEDOVATTO BARROS', '4931', '123456', 'aluno'),
(4935, 'MARCOS DE VARGAS PINTO', '4935', '123456', 'aluno'),
(4936, 'JOÃO CANABARRO CAMPOS', '4936', '123456', 'aluno'),
(4946, 'DANIEL BERLANDA ZANFERRARI', '4946', '123456', 'aluno'),
(4948, 'JÚLIA MARTINS', '4948', '123456', 'aluno'),
(4950, 'PRISCILA PERETO MICHESKI', '4950', '123456', 'aluno'),
(4951, 'GRIGOR HENRIQUE MENIN', '4951', '123456', 'aluno'),
(4952, 'JUCIMAR CLEITON STROHER', '4952', '123456', 'aluno'),
(4955, 'DIEGO GIOVANI BOLLER', '4955', '123456', 'aluno'),
(4956, 'GABRIELA MINGORI', '4956', '123456', 'aluno'),
(4958, 'MARA RUTE HIRT', '4958', '123456', 'aluno'),
(4959, 'MATHEUS ANDRÉ GIACOMELLI BATISTA DA SILVA', '4959', '123456', 'aluno'),
(4964, 'CRISTIAN WILLIAM ALBRECHT', '4964', '123456', 'aluno'),
(4965, 'VIVIANE NAVA', '4965', '123456', 'aluno'),
(4968, 'GABRIEL HOLLANDER BERNARDI', '4968', '123456', 'aluno'),
(4969, 'WILLIAN HENRIQUE BALBINOTT', '4969', '123456', 'aluno'),
(4973, 'TOBIAS LEOPOLDO DOS SANTOS', '4973', '123456', 'aluno'),
(4978, 'RAFAEL LUCAS DE ARAUJO', '4978', '123456', 'aluno'),
(4980, 'LUANA ANDRESSA DELIBERAL', '4980', '123456', 'aluno'),
(4981, 'GALVIN RENI PRILLA', '4981', '123456', 'aluno'),
(4982, 'TAÍS CRISTINA MOREIRA', '4982', '123456', 'aluno'),
(4985, 'PÂMELA RENATA NERI', '4985', '123456', 'aluno'),
(4989, 'ANDRESSA FAGANELLO', '4989', '123456', 'aluno'),
(4993, 'STEFFANY MURIELLI BATISTA MURARI', '4993', '123456', 'aluno'),
(4995, 'SAMUEL BOBERMEN DE SOUZA', '4995', '123456', 'aluno'),
(5003, 'KAREN RENATA PSIDONIK', '5003', '123456', 'aluno'),
(5005, 'GABRIEL PROVIN BOBADILLA', '5005', '123456', 'aluno'),
(5007, 'JOÃO PAULO CHAGAS DAMBROS', '5007', '123456', 'aluno'),
(5029, 'ANDERSON LUIS POCHMANN', '5029', '123456', 'aluno'),
(5031, 'HENRIQUE SMANIOTTO', '5031', '123456', 'aluno'),
(5033, 'CÉLIO FERREIRA DA CRUZ', '5033', '123456', 'aluno'),
(5034, 'LEANDRO LOPES TIZOCO', '5034', '123456', 'aluno'),
(5036, 'MIKAEL POWZUM AMORIM', '5036', '123456', 'aluno'),
(5039, 'JOSIMAR ANDRÉ ANZOLIN', '5039', '123456', 'aluno'),
(5040, 'MICHELE CARLA TROMBETA', '5040', '123456', 'aluno'),
(5041, 'TATIANE JÉSSICA DE MEDEIROS', '5041', '123456', 'aluno'),
(5050, 'FERNANDO LUIZ DA SILVA', '5050', '123456', 'aluno'),
(5054, 'CRISTIANO BIOLO JÚNIOR', '5054', '123456', 'aluno'),
(5055, 'LUANA SALETE GIESEL', '5055', '123456', 'aluno'),
(5061, 'GIOVANA CRISTINA TORTELLI', '5061', '123456', 'aluno'),
(5064, 'LEONARDO PAOLO FERRARI MADRID', '5064', '123456', 'aluno'),
(5067, 'LEONARDO BRANCHER BAMPI', '5067', '123456', 'aluno'),
(5068, 'PABLO LIOTTO DONIDA PEDROSO', '5068', '123456', 'aluno'),
(5077, 'GRACIELA FERNANDES PRESTES', '5077', '123456', 'aluno'),
(5082, 'CRISTIAN JAILSON PEREIRA DUARTE', '5082', '123456', 'aluno'),
(5083, 'GUILHERME PARIS', '5083', '123456', 'aluno'),
(5159, 'LUCAS SILVANO FAROFA', '5159', '123456', 'aluno'),
(5161, 'LISIÊ MASSAROTTO', '5161', '123456', 'aluno'),
(5164, 'ROBERTO CARLOS ORSO', '5164', '123456', 'aluno'),
(5165, 'SIMONE ARNDT TERRA', '5165', '123456', 'aluno'),
(5166, 'GÉSSICA DIAS DE ABREU', '5166', '123456', 'aluno'),
(5167, 'LUCAS BADALOTTI PETKOVICZ', '5167', '123456', 'aluno'),
(5168, 'SILVAN DEMARCO', '5168', '123456', 'aluno'),
(5169, 'JOSIELE FÁTIMA WEIRICH', '5169', '123456', 'aluno'),
(5170, 'VICENTE GABRIEL BARBOSA SFATOSKI', '5170', '123456', 'aluno'),
(5172, 'RAFAELA PRÛN-JÊ DE OLIVEIRA', '5172', '123456', 'aluno'),
(5178, 'CAROLINE MARTINS', '5178', '123456', 'aluno'),
(5179, 'CAMILA VANZ MARCOLIN', '5179', '123456', 'aluno'),
(5180, 'TATIANE BOTH', '5180', '123456', 'aluno'),
(5184, 'ANDERSON BATISTELA', '5184', '123456', 'aluno'),
(5187, 'ANDRESSA PAULA BATTISTI', '5187', '123456', 'aluno'),
(5189, 'VITORYA CAROLINA ZANATTA BARROSO', '5189', '123456', 'aluno'),
(5190, 'MAIARA FÁTIMA MAY', '5190', '123456', 'aluno'),
(5218, 'ALINE RONSONI DE OLIVEIRA', '5218', '123456', 'aluno'),
(5267, 'CAUÊ MICHIELIN BONORINO', '5267', '123456', 'aluno'),
(5268, 'CHALINE CRISTINA BANFI', '5268', '123456', 'aluno'),
(5269, 'TAINÁ SAVI BUSIKE', '5269', '123456', 'aluno'),
(5271, 'JÉSSICA CAROLINE BIEDACHA', '5271', '123456', 'aluno'),
(5272, 'ANGELICA MARIA MAKIJEWSKI', '5272', '123456', 'aluno'),
(5273, 'TAINÁ PERTILLE PICOLI', '5273', '123456', 'aluno'),
(5275, 'ANDRESSA TOMASINI', '5275', '123456', 'aluno'),
(5276, 'GESSICA NAZARIO BORBA', '5276', '123456', 'aluno'),
(5277, 'ALESSANDRA TAÍS NAZARIO RIBEIRO', '5277', '123456', 'aluno'),
(5279, 'LARISSA DE LIMA', '5279', '123456', 'aluno'),
(5280, 'CARINA TURSKI', '5280', '123456', 'aluno'),
(5282, 'FERNANDO BRESSIANI', '5282', '123456', 'aluno'),
(5283, 'ANTONIO CRISTIANO MUNARI', '5283', '123456', 'aluno'),
(5286, 'ALEXANDRE DESORDI DALLAGNOL', '5286', '123456', 'aluno'),
(5287, 'THAINÁ CARRERA ROMMEL', '5287', '123456', 'aluno'),
(5289, 'MILENA GIACOMOLLI', '5289', '123456', 'aluno'),
(5290, 'IARA TORRES SCZEFS', '5290', '123456', 'aluno'),
(5293, 'ANA PAULA BERGAMIN', '5293', '123456', 'aluno'),
(5294, 'RAFAELA CAROLINE DEL PRÁ', '5294', '123456', 'aluno'),
(5296, 'ELIS MARINA MAZZONETTO', '5296', '123456', 'aluno'),
(5298, 'CIMARA BRUNA BEDENDE', '5298', '123456', 'aluno'),
(5300, 'ANTHONI BATTISTI VARGAS', '5300', '123456', 'aluno'),
(5301, 'MILENE SACCOMORI', '5301', '123456', 'aluno'),
(5303, 'ELOISA BORDIGNON', '5303', '123456', 'aluno'),
(5304, 'LUIS HENRIQUE BIAVATTI', '5304', '123456', 'aluno'),
(5306, 'STÉPHANI LUISA OZIEMBLOWSKI AZAMBUJA', '5306', '123456', 'aluno'),
(5307, 'JACSON VINÍCIUS GRANDO', '5307', '123456', 'aluno'),
(5310, 'MAIARA CLAIR BORGES', '5310', '123456', 'aluno'),
(5312, 'ANANDA DAVIDONIS VARGAS', '5312', '123456', 'aluno'),
(5314, 'PATRICIO BRANDALIZE', '5314', '123456', 'aluno'),
(5315, 'MARIÉLE OSTROWSKI', '5315', '123456', 'aluno'),
(5318, 'WAGNER PRAZMOWSKI', '5318', '123456', 'aluno'),
(5320, 'EUNIR KAISER', '5320', '123456', 'aluno'),
(5322, 'DAIANE VANESSA PILONI BERTUOL', '5322', '123456', 'aluno'),
(5323, 'JÔNATAS SFREDO', '5323', '123456', 'aluno'),
(5324, 'FABÍOLA MADEY BONAVIGO', '5324', '123456', 'aluno'),
(5326, 'RAFAELA SOARES', '5326', '123456', 'aluno'),
(5328, 'ALINE KISSEL', '5328', '123456', 'aluno'),
(5330, 'GUILHERME LETTRARI ECHER', '5330', '123456', 'aluno'),
(5331, 'HENRIQUE DREWS', '5331', '123456', 'aluno'),
(5332, 'DAIANA MARIA SEMENUK JUTKOVSKI', '5332', '123456', 'aluno'),
(5333, 'MAICON ARTUZO KREBS', '5333', '123456', 'aluno'),
(5334, 'DANIELA FATIMA DE SOUZA', '5334', '123456', 'aluno'),
(5335, 'JUSANAN THAIS FELDENS', '5335', '123456', 'aluno'),
(5336, 'CARLA LETÍCIA MIOLA MALVESTI', '5336', '123456', 'aluno'),
(5337, 'LETÍCIA TRINDADE PAULA RODRIGUES', '5337', '123456', 'aluno'),
(5338, 'NATALLI TEIXEIRA', '5338', '123456', 'aluno'),
(5342, 'LELIANA BONFANTE', '5342', '123456', 'aluno'),
(5345, 'ANDRESSA MAÍSA CEZANIAK DE OLIVEIRA', '5345', '123456', 'aluno'),
(5346, 'JULIA MARA MOSSI', '5346', '123456', 'aluno'),
(5348, 'BRUNA SELIVON', '5348', '123456', 'aluno'),
(5353, 'EDUARDO MOCELLIN DELIBERAL', '5353', '123456', 'aluno'),
(5354, 'LUANA DALLAGNOL', '5354', '123456', 'aluno'),
(5356, 'ALANE GASPARETTO', '5356', '123456', 'aluno'),
(5360, 'LETÍCIA DALLAGNOL', '5360', '123456', 'aluno'),
(5361, 'LUANA LAZARI', '5361', '123456', 'aluno'),
(5365, 'TATIANE SANDRA LOPES', '5365', '123456', 'aluno'),
(5369, 'CHALINE TRENTIN', '5369', '123456', 'aluno'),
(5372, 'ALESSON BREITENBACH', '5372', '123456', 'aluno'),
(5373, 'DARLAN WILLIAN SCHÄFER', '5373', '123456', 'aluno'),
(5380, 'GUSTAVO DANILO GRISELI', '5380', '123456', 'aluno'),
(5381, 'JOÃO VICENTE CARBONERA', '5381', '123456', 'aluno'),
(5382, 'MARCELO RIBEIRO PIRES', '5382', '123456', 'aluno'),
(5386, 'MILENA STRIESKI', '5386', '123456', 'aluno'),
(5390, 'DAIANE MIORELLI COLLING', '5390', '123456', 'aluno'),
(5391, 'MAYANA TAPPARELLO MUNARI', '5391', '123456', 'aluno'),
(5393, 'ELIELTO DENILTO DALMUTH', '5393', '123456', 'aluno'),
(5395, 'MARCELO LASARI', '5395', '123456', 'aluno'),
(5397, 'VINICIOS JOSÉ GONÇALVES DE JESUS', '5397', '123456', 'aluno'),
(5403, 'OSÉIAS ANDERSON DA SILVA', '5403', '123456', 'aluno'),
(5405, 'EDUARDO PEREIRA', '5405', '123456', 'aluno'),
(5407, 'BRUNA KELLYN MELLO MACHADO', '5407', '123456', 'aluno'),
(5414, 'FRANCIANE KOSSMANN', '5414', '123456', 'aluno'),
(5415, 'TAZIANE LUCIA BALDISSERA', '5415', '123456', 'aluno'),
(5417, 'MILENE NATÁLIA RIGO', '5417', '123456', 'aluno'),
(5420, 'DOUGLAS LUIS LEISER', '5420', '123456', 'aluno'),
(5421, 'GISSELE FÁTIMA DASSI', '5421', '123456', 'aluno'),
(5424, 'CLAUDIANE FRANCIELE JACUNIAK', '5424', '123456', 'aluno'),
(5430, 'ANDRÉIA GONÇALVES DA ROSA', '5430', '123456', 'aluno'),
(5431, 'VÍVIAM LIANA PULTER DOS SANTOS', '5431', '123456', 'aluno'),
(5444, 'IVAN LUÍS MALVESTI', '5444', '123456', 'aluno'),
(5445, 'GLÁUCIA OLIVEIRA FLORIANO', '5445', '123456', 'aluno'),
(5503, 'IURI SAMUEL DO NASCIMENTO', '5503', '123456', 'aluno'),
(5504, 'MATEUS VINÍCIUS FÁVERO', '5504', '123456', 'aluno'),
(5506, 'RUTIELLE DE ARAÚJO DOS SANTOS', '5506', '123456', 'aluno'),
(5507, 'MIRIAM SALETE OLSCZEWSKI', '5507', '123456', 'aluno'),
(5508, 'JOSÉ PRZYLEPA', '5508', '123456', 'aluno'),
(5509, 'ELOÍSA MÜLLER TEFILI', '5509', '123456', 'aluno'),
(5510, 'HÉRICK DA COSTA WILKE', '5510', '123456', 'aluno'),
(5514, 'DENER UILIAN PERTUZZATTI', '5514', '123456', 'aluno'),
(5515, 'LUÍS GUILHERME TORRES FERNANDES', '5515', '123456', 'aluno'),
(5516, 'SUÉLEN SUZANE PETTER', '5516', '123456', 'aluno'),
(5517, 'FRANCIELI DE QUADROS', '5517', '123456', 'aluno'),
(5520, 'ELAINE ROBERTA OSTROWSKI', '5520', '123456', 'aluno'),
(5521, 'MATEUS MARQUES DE CASTRO', '5521', '123456', 'aluno'),
(5522, 'ISAQUE JACKSON DA SILVA DE BRITO', '5522', '123456', 'aluno'),
(5523, 'TALIA RODRIGUES', '5523', '123456', 'aluno'),
(5525, 'FARNEI CARLOS LOPES', '5525', '123456', 'aluno'),
(5527, 'ELENA MAIRA OLIVEIRA', '5527', '123456', 'aluno'),
(5528, 'MATEUS AUGUSTO SILVA PIRES', '5528', '123456', 'aluno'),
(5530, 'DEISE ELOISE UEBEL LOPES', '5530', '123456', 'aluno'),
(5531, 'DEIVIDI CRISTIAN SOARES', '5531', '123456', 'aluno'),
(5532, 'ANGELICA ISABEL RONCATO', '5532', '123456', 'aluno'),
(5539, 'FABRÍCIO GRANDO DE TOLEDO', '5539', '123456', 'aluno'),
(5541, 'LUANA BEATRICK ALVES PIRES', '5541', '123456', 'aluno'),
(5547, 'TAUANA TORTELLI', '5547', '123456', 'aluno'),
(5550, 'BRUNA DE QUADROS HECK', '5550', '123456', 'aluno'),
(5551, 'ANDERSON LEONARDO PATZER', '5551', '123456', 'aluno'),
(5552, 'OLÁDIO LUIZ PAIDA JUNIOR', '5552', '123456', 'aluno'),
(5559, 'EMANUEL PIRAN CERIOLI', '5559', '123456', 'aluno'),
(5582, 'JULIA MARIA VESCOVI', '5582', '123456', 'aluno'),
(5595, 'EMANUELE COPERCINI BORTOLANZA', '5595', '123456', 'aluno'),
(5597, 'ANA CLAUDIA BALLEN', '5597', '123456', 'aluno'),
(5617, 'CAMILA JANAINA RODRIGUES', '5617', '123456', 'aluno'),
(5620, 'LEONARDO GABRIEL PICHINI TROCZINSKI', '5620', '123456', 'aluno'),
(5621, 'ALAN PETRICH THOMAZINI', '5621', '123456', 'aluno'),
(5622, 'KATIUZA DALBOSCO', '5622', '123456', 'aluno'),
(5737, 'SÔNIA MARA MASURKEVICZ', '5737', '123456', 'aluno'),
(5739, 'LUIZ COMIRAN DE LIMA', '5739', '123456', 'aluno'),
(5741, 'EDINÉIA TOLBALDINI SOARES', '5741', '123456', 'aluno'),
(5743, 'FRANCINE BECKER', '5743', '123456', 'aluno'),
(5747, 'VANESSA SAMARA RONSONI', '5747', '123456', 'aluno'),
(5749, 'RÚBIA OLEJUKI DARIVA', '5749', '123456', 'aluno'),
(5750, 'ESTEFANI PASSARINI', '5750', '123456', 'aluno'),
(5751, 'ÁGATHA VITÓRIA PRESTES', '5751', '123456', 'aluno'),
(5752, 'ANA JULIA MICHELIN', '5752', '123456', 'aluno'),
(5755, 'GABRIELA BERNARDI', '5755', '123456', 'aluno'),
(5757, 'KELVIN ALTAIR MORONA', '5757', '123456', 'aluno'),
(5760, 'LAURA KURTZ', '5760', '123456', 'aluno'),
(5762, 'BRUNA ZANELLA', '5762', '123456', 'aluno'),
(5763, 'DANIELI ALINE NILSON', '5763', '123456', 'aluno'),
(5764, 'HENRIQUE STAFORTI DOS SANTOS', '5764', '123456', 'aluno'),
(5766, 'PABLO HENRIQUE BROKOP', '5766', '123456', 'aluno'),
(5767, 'ANA JÚLIA UTTEICH DORIGON', '5767', '123456', 'aluno'),
(5768, 'FRANCIELI FÁTIMA OLKOSKI', '5768', '123456', 'aluno'),
(5770, 'DANIEL LUIZ KWOLL', '5770', '123456', 'aluno'),
(5771, 'ÉLEN CARLA FANTIN', '5771', '123456', 'aluno'),
(5773, 'MAIARA MARIA PERKA', '5773', '123456', 'aluno'),
(5776, 'CAROLINE MACHADO', '5776', '123456', 'aluno'),
(5778, 'ANA LUÍSA FERREIRA', '5778', '123456', 'aluno'),
(5779, 'GUSTAVO BALDISSERA MAY', '5779', '123456', 'aluno'),
(5780, 'FABIANA DE MATTOS', '5780', '123456', 'aluno'),
(5781, 'EDUARDA LAIS RIGO', '5781', '123456', 'aluno'),
(5783, 'DANIELA SALETE PEREIRA DOS SANTOS OTONI', '5783', '123456', 'aluno'),
(5784, 'MARLON DOUGLAS KARPINSKI CANTO', '5784', '123456', 'aluno'),
(5785, 'ARISSON LUIS MAROSTICA', '5785', '123456', 'aluno'),
(5786, 'CRISTIAN MATEUS BERTUOL', '5786', '123456', 'aluno'),
(5787, 'LEIDINÉIA MACIEL LEITE', '5787', '123456', 'aluno'),
(5788, 'JOÃO CARLOS VANZ', '5788', '123456', 'aluno'),
(5789, 'EDUARDA FRANCESCHI', '5789', '123456', 'aluno'),
(5790, 'TIAGO ANDRE ZORTEA', '5790', '123456', 'aluno'),
(5793, 'MICHEL JONES PILATTI', '5793', '123456', 'aluno'),
(5794, 'ARIEL ANTUNES DE OLIVEIRA', '5794', '123456', 'aluno'),
(5797, 'TAÍS CARLA JACUBOSKI', '5797', '123456', 'aluno'),
(5798, 'EDICLEI ALVES', '5798', '123456', 'aluno'),
(5800, 'ANA JÚLIA ZAWADZKI', '5800', '123456', 'aluno'),
(5802, 'GABRIELA ANDRESSA BIRCK', '5802', '123456', 'aluno'),
(5803, 'TATIANE RIOS DOS SANTOS FERREIRA', '5803', '123456', 'aluno'),
(5806, 'CAMYLA MODENA', '5806', '123456', 'aluno'),
(5807, 'ROSÂNGELA DE SOUZA RIOS', '5807', '123456', 'aluno'),
(5810, 'GUILHERME FREDERICO SCHWEIZER', '5810', '123456', 'aluno'),
(5820, 'MATEUS RODRIGUES DE CEZARO', '5820', '123456', 'aluno'),
(5830, 'BRANDA LÚCIA MAZZOCCHI BASSO', '5830', '123456', 'aluno'),
(5853, 'PATRÍCIA LIDIANE CANDIDO FRANÇA', '5853', '123456', 'aluno'),
(5861, 'JARDEL BETIOLO', '5861', '123456', 'aluno'),
(5863, 'GUILHERME OTAVIO RODRIGUES', '5863', '123456', 'aluno'),
(5874, 'MILENA HÉLEN RONSONI', '5874', '123456', 'aluno'),
(5877, 'GUILHERME HENRIQUE PAIVA', '5877', '123456', 'aluno'),
(5880, 'RODRIGO JOSE JUNGES', '5880', '123456', 'aluno'),
(5890, 'MARINA TRINDADE DA CRUZ', '5890', '123456', 'aluno'),
(5891, 'SÉRGIO LUÍS KANIA JÚNIOR', '5891', '123456', 'aluno'),
(5892, 'RONIE ANDERSON WELTER', '5892', '123456', 'aluno'),
(5898, 'BRUNO GABIATTI TRZECIAK', '5898', '123456', 'aluno'),
(5905, 'TAISE FÁTIMA TUBIN', '5905', '123456', 'aluno'),
(5907, 'EMANUEL NATAN VOGT', '5907', '123456', 'aluno'),
(5908, 'DIEGO BARATTO', '5908', '123456', 'aluno'),
(5911, 'ALEXIA PAOLA CAMARGO CENTOFANTE', '5911', '123456', 'aluno'),
(5912, 'RENAN PAULO OTELAKOSKI', '5912', '123456', 'aluno'),
(5913, 'JAMILE TALITA DOS SANTOS SOARES', '5913', '123456', 'aluno'),
(5918, 'ANGELA MARIA CABRAL LOPES', '5918', '123456', 'aluno'),
(5919, 'SABRINA IZAQUINI', '5919', '123456', 'aluno'),
(5921, 'LEONARDO NATAN BATISTELLO MARCHIORO', '5921', '123456', 'aluno'),
(5922, 'CAROLINE APARECIDA GONÇALVES', '5922', '123456', 'aluno'),
(5927, 'ANDREY FERNANDO SOARES', '5927', '123456', 'aluno'),
(5928, 'TALISSA VIVIANE DOS SANTOS', '5928', '123456', 'aluno'),
(5929, 'RODRIGO JOSÉ VOLOSKI', '5929', '123456', 'aluno'),
(5930, 'EDUARDO HENRIQUE FRACASSO', '5930', '123456', 'aluno'),
(5931, 'MAICON SLAVIERO', '5931', '123456', 'aluno'),
(5933, 'RENATO JACQUES DAMBROS', '5933', '123456', 'aluno'),
(5934, 'BRENDA BERNAR FÉU', '5934', '123456', 'aluno'),
(5935, 'SORIANE MÁRCIA KESSLER', '5935', '123456', 'aluno'),
(5938, 'BRUNA DOGENSKI', '5938', '123456', 'aluno'),
(5939, 'EDENILSON LUÍS LEIMANN', '5939', '123456', 'aluno'),
(5940, 'ILIOMAR RODRIGUES OLIVEIRA', '5940', '123456', 'aluno'),
(5943, 'JONATAN ELIAS DUARTE', '5943', '123456', 'aluno'),
(5944, 'GRÉGORY MATHEUS ESBERCI LOBO', '5944', '123456', 'aluno'),
(5946, 'IGOR RATAIESKI SCHMITT', '5946', '123456', 'aluno'),
(5949, 'IGOR FELIPE WOIDILLA', '5949', '123456', 'aluno'),
(5951, 'WILLIAM ROBERTO DOS SANTOS', '5951', '123456', 'aluno'),
(5952, 'DANIELE KETLIN ZATERA LEYTER', '5952', '123456', 'aluno'),
(5955, 'ANDRESSA CRISTINA DE SALES DA SILVA', '5955', '123456', 'aluno'),
(5956, 'JANICE MARIA DASSI', '5956', '123456', 'aluno'),
(5958, 'JACSON ANDRÉ PIGATTO', '5958', '123456', 'aluno'),
(5960, 'BEATRÍS TEREZINHA VELOSO DAVILLA', '5960', '123456', 'aluno'),
(5967, 'JAÍNE PAULA ROMANOSKI', '5967', '123456', 'aluno'),
(5968, 'LIGIAMARA CHARLINE DIAS DE SOUZA', '5968', '123456', 'aluno'),
(5970, 'GUILHERME MARINI FRACARO', '5970', '123456', 'aluno'),
(5971, 'BRUNA PAULA DE PICOLI', '5971', '123456', 'aluno'),
(5973, 'ARIEL TOMAZ BONETTI', '5973', '123456', 'aluno'),
(5975, 'RYAN CARLOS LAZZAROTTI FERNANDES DA SILVA', '5975', '123456', 'aluno'),
(5976, 'CRISIANE REGINA SCHÖNEWEISS', '5976', '123456', 'aluno'),
(5977, 'SUANA ZARICHTA', '5977', '123456', 'aluno'),
(5979, 'JAMES KEVIN DOS ANJOS DALLAGNOL', '5979', '123456', 'aluno'),
(5982, 'GABRIEL RYCHCIK', '5982', '123456', 'aluno'),
(5983, 'RAUL ROVANI BECKER', '5983', '123456', 'aluno'),
(6024, 'CÁSSIO ANTÔNIO FLORES', '6024', '123456', 'aluno'),
(6025, 'RAFAEL DE OLIVEIRA GRACIANO', '6025', '123456', 'aluno'),
(6027, 'JOÃO MARCOS TRENTIN', '6027', '123456', 'aluno'),
(6028, 'VOLNEI FELIPE OLKOSKI PAZ', '6028', '123456', 'aluno'),
(6029, 'DIANE GAIATTO', '6029', '123456', 'aluno'),
(6030, 'ÉVERTON DIAS MACHADO', '6030', '123456', 'aluno'),
(6032, 'CARINE DE ALBUQUERQUE SEPINHIKI', '6032', '123456', 'aluno'),
(6033, 'VALENTINA CIGARAN PEREIRA', '6033', '123456', 'aluno'),
(6034, 'GRÉGORI CLAUDIOMIRO MARTINS DE ALMEIDA', '6034', '123456', 'aluno'),
(6036, 'LUCAS STRAPASSON BARBACOVI', '6036', '123456', 'aluno'),
(6037, 'ROBERTO KLUTSCHNIKOW', '6037', '123456', 'aluno'),
(6038, 'JÉSSICA CADORE', '6038', '123456', 'aluno'),
(6039, 'ALANA BORTOLI', '6039', '123456', 'aluno'),
(6040, 'VIVIANE CONFORTIN', '6040', '123456', 'aluno'),
(6041, 'RAFAEL ANTÔNIO DA SILVA RODRIGUES', '6041', '123456', 'aluno'),
(6043, 'LARISSA FERNANDA PEREIRA DE OLIVEIRA FREITAS', '6043', '123456', 'aluno'),
(6044, 'LUANA SANTOS CHAVES', '6044', '123456', 'aluno'),
(6049, 'CAROLINE NATALI SOARES', '6049', '123456', 'aluno'),
(6050, 'GABRIEL SOMENZI', '6050', '123456', 'aluno'),
(6051, 'BRUNA MAIARA LONGO', '6051', '123456', 'aluno'),
(6053, 'JANAÍNE MARIA KESSLER', '6053', '123456', 'aluno'),
(6054, 'GIAN CARLOS PEDROSO', '6054', '123456', 'aluno'),
(6055, 'RAFAEL CELSO DE OLIVEIRA', '6055', '123456', 'aluno'),
(6058, 'CAROLINE SCHNIPA CAMPESATTO', '6058', '123456', 'aluno'),
(6059, 'ALESSANDRA DO NASCIMENTO', '6059', '123456', 'aluno'),
(6063, 'ÉDISON JOSÉ FINGER', '6063', '123456', 'aluno'),
(6064, 'LUCIANA GIAQUINI', '6064', '123456', 'aluno'),
(6065, 'SILVAN CARLOS PUERARI', '6065', '123456', 'aluno'),
(6067, 'WILLIAM EMANUEL MACHADO', '6067', '123456', 'aluno'),
(6069, 'IVAN CARLOS LERIN', '6069', '123456', 'aluno'),
(6070, 'LARISSA CORRÊA', '6070', '123456', 'aluno'),
(6071, 'MATHEUS SPIELMANN MORETTO', '6071', '123456', 'aluno'),
(6079, 'YURI KUTTER MOCELLIN', '6079', '123456', 'aluno'),
(6080, 'SAMUEL MATEUS PADILHA DOS SANTOS', '6080', '123456', 'aluno'),
(6083, 'ROBERTA WARNAVA', '6083', '123456', 'aluno'),
(6086, 'YGOR MARCANZONI PERETO', '6086', '123456', 'aluno');

--
-- Indexes for dumped tables
--

--
-- Indexes for table `alternativas`
--
ALTER TABLE `alternativas`
  ADD PRIMARY KEY (`id`),
  ADD KEY `fk_alternativas_questoes1_idx` (`questao`);

--
-- Indexes for table `curso`
--
ALTER TABLE `curso`
  ADD PRIMARY KEY (`id`);

--
-- Indexes for table `disciplinas`
--
ALTER TABLE `disciplinas`
  ADD PRIMARY KEY (`id`),
  ADD KEY `professor_usuario_idx` (`professor`),
  ADD KEY `fk_disciplinas_curso1_idx` (`curso`);

--
-- Indexes for table `formularios`
--
ALTER TABLE `formularios`
  ADD PRIMARY KEY (`id`),
  ADD KEY `fk_provas_matriculas1_idx` (`aluno`,`disciplina`),
  ADD KEY `fk_provas_provas1_idx` (`prova`);

--
-- Indexes for table `itens_prova`
--
ALTER TABLE `itens_prova`
  ADD PRIMARY KEY (`id`),
  ADD KEY `fk_itens_prova_questoes1_idx` (`questao`),
  ADD KEY `fk_itens_prova_formularios1_idx` (`formulario`);

--
-- Indexes for table `matriculas`
--
ALTER TABLE `matriculas`
  ADD PRIMARY KEY (`aluno`,`disciplina`),
  ADD KEY `fk_alunos_has_disciplinas_disciplinas1_idx` (`disciplina`);

--
-- Indexes for table `periodo_letivo`
--
ALTER TABLE `periodo_letivo`
  ADD PRIMARY KEY (`id`);

--
-- Indexes for table `provas`
--
ALTER TABLE `provas`
  ADD PRIMARY KEY (`id`),
  ADD KEY `professor_usuario_idx` (`professor`),
  ADD KEY `fk_provas_periodo_letivo1_idx` (`periodo_letivo`);

--
-- Indexes for table `questoes`
--
ALTER TABLE `questoes`
  ADD PRIMARY KEY (`id`),
  ADD KEY `fk_questoes_disciplinas1_idx` (`disciplina`),
  ADD KEY `professor_usuario_idx` (`professor`),
  ADD KEY `fk_questoes_periodo_letivo1_idx` (`periodo_letivo`);

--
-- Indexes for table `respostas`
--
ALTER TABLE `respostas`
  ADD PRIMARY KEY (`item_prova`),
  ADD KEY `fk_prova_respondida_itens_prova1_idx` (`item_prova`),
  ADD KEY `fk_prova_respondida_alternativas1_idx` (`alternativa`),
  ADD KEY `fk_respostas_usuarios1_idx` (`aluno`);

--
-- Indexes for table `sessoes`
--
ALTER TABLE `sessoes`
  ADD PRIMARY KEY (`id`),
  ADD KEY `usuario_idx` (`usuario`);

--
-- Indexes for table `usuarios`
--
ALTER TABLE `usuarios`
  ADD PRIMARY KEY (`id`);

--
-- AUTO_INCREMENT for dumped tables
--

--
-- AUTO_INCREMENT for table `alternativas`
--
ALTER TABLE `alternativas`
  MODIFY `id` int(11) NOT NULL AUTO_INCREMENT;
--
-- AUTO_INCREMENT for table `disciplinas`
--
ALTER TABLE `disciplinas`
  MODIFY `id` int(10) UNSIGNED NOT NULL AUTO_INCREMENT, AUTO_INCREMENT=10299;
--
-- AUTO_INCREMENT for table `formularios`
--
ALTER TABLE `formularios`
  MODIFY `id` int(10) UNSIGNED NOT NULL AUTO_INCREMENT;
--
-- AUTO_INCREMENT for table `itens_prova`
--
ALTER TABLE `itens_prova`
  MODIFY `id` int(10) UNSIGNED NOT NULL AUTO_INCREMENT;
--
-- AUTO_INCREMENT for table `periodo_letivo`
--
ALTER TABLE `periodo_letivo`
  MODIFY `id` int(11) NOT NULL AUTO_INCREMENT, AUTO_INCREMENT=221;
--
-- AUTO_INCREMENT for table `provas`
--
ALTER TABLE `provas`
  MODIFY `id` int(11) NOT NULL AUTO_INCREMENT;
--
-- AUTO_INCREMENT for table `questoes`
--
ALTER TABLE `questoes`
  MODIFY `id` int(10) UNSIGNED NOT NULL AUTO_INCREMENT;
--
-- AUTO_INCREMENT for table `sessoes`
--
ALTER TABLE `sessoes`
  MODIFY `id` int(10) UNSIGNED NOT NULL AUTO_INCREMENT;
--
-- AUTO_INCREMENT for table `usuarios`
--
ALTER TABLE `usuarios`
  MODIFY `id` int(10) UNSIGNED NOT NULL AUTO_INCREMENT, AUTO_INCREMENT=6087;
--
-- Constraints for dumped tables
--

--
-- Limitadores para a tabela `alternativas`
--
ALTER TABLE `alternativas`
  ADD CONSTRAINT `fk_alternativas_questoes1` FOREIGN KEY (`questao`) REFERENCES `questoes` (`id`) ON DELETE NO ACTION ON UPDATE CASCADE;

--
-- Limitadores para a tabela `disciplinas`
--
ALTER TABLE `disciplinas`
  ADD CONSTRAINT `disciplina_professor_usuario` FOREIGN KEY (`professor`) REFERENCES `usuarios` (`id`) ON DELETE NO ACTION ON UPDATE NO ACTION,
  ADD CONSTRAINT `fk_disciplinas_curso1` FOREIGN KEY (`curso`) REFERENCES `curso` (`id`) ON DELETE NO ACTION ON UPDATE NO ACTION;

--
-- Limitadores para a tabela `formularios`
--
ALTER TABLE `formularios`
  ADD CONSTRAINT `fk_provas_matriculas1` FOREIGN KEY (`aluno`,`disciplina`) REFERENCES `matriculas` (`aluno`, `disciplina`) ON DELETE NO ACTION ON UPDATE CASCADE,
  ADD CONSTRAINT `fk_provas_provas1` FOREIGN KEY (`prova`) REFERENCES `provas` (`id`) ON DELETE NO ACTION ON UPDATE NO ACTION;

--
-- Limitadores para a tabela `itens_prova`
--
ALTER TABLE `itens_prova`
  ADD CONSTRAINT `fk_itens_prova_formularios1` FOREIGN KEY (`formulario`) REFERENCES `formularios` (`id`) ON DELETE NO ACTION ON UPDATE NO ACTION,
  ADD CONSTRAINT `fk_itens_prova_questoes1` FOREIGN KEY (`questao`) REFERENCES `questoes` (`id`) ON DELETE NO ACTION ON UPDATE CASCADE;

--
-- Limitadores para a tabela `matriculas`
--
ALTER TABLE `matriculas`
  ADD CONSTRAINT `fk_alunos_has_disciplinas_disciplinas1` FOREIGN KEY (`disciplina`) REFERENCES `disciplinas` (`id`) ON DELETE NO ACTION ON UPDATE CASCADE,
  ADD CONSTRAINT `matricula_aluno_usuario` FOREIGN KEY (`aluno`) REFERENCES `usuarios` (`id`) ON DELETE NO ACTION ON UPDATE NO ACTION;

--
-- Limitadores para a tabela `provas`
--
ALTER TABLE `provas`
  ADD CONSTRAINT `fk_provas_periodo_letivo1` FOREIGN KEY (`periodo_letivo`) REFERENCES `periodo_letivo` (`id`) ON DELETE NO ACTION ON UPDATE NO ACTION,
  ADD CONSTRAINT `prova_professor_usuario` FOREIGN KEY (`professor`) REFERENCES `usuarios` (`id`) ON DELETE NO ACTION ON UPDATE NO ACTION;

--
-- Limitadores para a tabela `questoes`
--
ALTER TABLE `questoes`
  ADD CONSTRAINT `fk_questoes_disciplinas1` FOREIGN KEY (`disciplina`) REFERENCES `disciplinas` (`id`) ON DELETE NO ACTION ON UPDATE CASCADE,
  ADD CONSTRAINT `fk_questoes_periodo_letivo1` FOREIGN KEY (`periodo_letivo`) REFERENCES `periodo_letivo` (`id`) ON DELETE NO ACTION ON UPDATE NO ACTION,
  ADD CONSTRAINT `questao_professor_usuario` FOREIGN KEY (`professor`) REFERENCES `usuarios` (`id`) ON DELETE NO ACTION ON UPDATE NO ACTION;

--
-- Limitadores para a tabela `respostas`
--
ALTER TABLE `respostas`
  ADD CONSTRAINT `fk_prova_respondida_alternativas1` FOREIGN KEY (`alternativa`) REFERENCES `alternativas` (`id`) ON UPDATE CASCADE,
  ADD CONSTRAINT `fk_prova_respondida_itens_prova1` FOREIGN KEY (`item_prova`) REFERENCES `itens_prova` (`id`) ON UPDATE CASCADE,
  ADD CONSTRAINT `fk_respostas_usuarios1` FOREIGN KEY (`aluno`) REFERENCES `usuarios` (`id`) ON DELETE NO ACTION ON UPDATE NO ACTION;

--
-- Limitadores para a tabela `sessoes`
--
ALTER TABLE `sessoes`
  ADD CONSTRAINT `usuario` FOREIGN KEY (`usuario`) REFERENCES `usuarios` (`id`) ON DELETE NO ACTION ON UPDATE NO ACTION;

/*!40101 SET CHARACTER_SET_CLIENT=@OLD_CHARACTER_SET_CLIENT */;
/*!40101 SET CHARACTER_SET_RESULTS=@OLD_CHARACTER_SET_RESULTS */;
/*!40101 SET COLLATION_CONNECTION=@OLD_COLLATION_CONNECTION */;
