#
# TABLE STRUCTURE FOR: alternativas
#

DROP TABLE IF EXISTS `alternativas`;

CREATE TABLE `alternativas` (
  `id` int(11) NOT NULL AUTO_INCREMENT,
  `descricao` varchar(45) NOT NULL,
  `correta` tinyint(4) NOT NULL DEFAULT '0',
  `questao` int(10) unsigned NOT NULL,
  PRIMARY KEY (`id`),
  KEY `fk_alternativas_questoes1_idx` (`questao`),
  CONSTRAINT `fk_alternativas_questoes1` FOREIGN KEY (`questao`) REFERENCES `questoes` (`id`) ON DELETE NO ACTION ON UPDATE CASCADE
) ENGINE=InnoDB AUTO_INCREMENT=207 DEFAULT CHARSET=utf8;

INSERT INTO `alternativas` (`id`, `descricao`, `correta`, `questao`) VALUES ('149', 'Tem entre 2 a 4 litros. São retirados 450 mil', '0', '58');
INSERT INTO `alternativas` (`id`, `descricao`, `correta`, `questao`) VALUES ('150', 'Tem entre 4 a 6 litros. São retirados 450 mil', '1', '58');
INSERT INTO `alternativas` (`id`, `descricao`, `correta`, `questao`) VALUES ('151', 'Tem 10 litros. São retirados 2 litros.', '0', '58');
INSERT INTO `alternativas` (`id`, `descricao`, `correta`, `questao`) VALUES ('152', 'Tem 7 litros. São retirados 1,5 litros.', '0', '58');
INSERT INTO `alternativas` (`id`, `descricao`, `correta`, `questao`) VALUES ('153', 'Tem 0,5 litros. São retirados 0,5 litros.', '0', '58');
INSERT INTO `alternativas` (`id`, `descricao`, `correta`, `questao`) VALUES ('154', 'Platão\r\n', '0', '59');
INSERT INTO `alternativas` (`id`, `descricao`, `correta`, `questao`) VALUES ('155', 'Galileu Galilei\r\n', '0', '59');
INSERT INTO `alternativas` (`id`, `descricao`, `correta`, `questao`) VALUES ('156', 'Descartes\r\n', '1', '59');
INSERT INTO `alternativas` (`id`, `descricao`, `correta`, `questao`) VALUES ('157', 'Sócrates\r\n', '0', '59');
INSERT INTO `alternativas` (`id`, `descricao`, `correta`, `questao`) VALUES ('158', 'Francis Bacon', '0', '59');
INSERT INTO `alternativas` (`id`, `descricao`, `correta`, `questao`) VALUES ('159', 'França', '0', '60');
INSERT INTO `alternativas` (`id`, `descricao`, `correta`, `questao`) VALUES ('160', 'Inglaterra', '0', '60');
INSERT INTO `alternativas` (`id`, `descricao`, `correta`, `questao`) VALUES ('161', 'Brasil', '1', '60');
INSERT INTO `alternativas` (`id`, `descricao`, `correta`, `questao`) VALUES ('162', 'Austrália', '0', '60');
INSERT INTO `alternativas` (`id`, `descricao`, `correta`, `questao`) VALUES ('163', 'Itália', '0', '60');
INSERT INTO `alternativas` (`id`, `descricao`, `correta`, `questao`) VALUES ('164', 'Região Norte', '0', '61');
INSERT INTO `alternativas` (`id`, `descricao`, `correta`, `questao`) VALUES ('165', 'Região Sul', '1', '61');
INSERT INTO `alternativas` (`id`, `descricao`, `correta`, `questao`) VALUES ('166', 'Região Nordeste', '0', '61');
INSERT INTO `alternativas` (`id`, `descricao`, `correta`, `questao`) VALUES ('167', 'Gaspar, Nicolau e Natanael', '0', '62');
INSERT INTO `alternativas` (`id`, `descricao`, `correta`, `questao`) VALUES ('168', 'Belchior, Gaspar e Baltazar\r\n', '1', '62');
INSERT INTO `alternativas` (`id`, `descricao`, `correta`, `questao`) VALUES ('169', 'Belchior, Gaspar e Nataniel\r\n', '0', '62');
INSERT INTO `alternativas` (`id`, `descricao`, `correta`, `questao`) VALUES ('170', 'Gabriel, Benjamim e Melchior\r\n', '0', '62');
INSERT INTO `alternativas` (`id`, `descricao`, `correta`, `questao`) VALUES ('171', 'Melchior, Noé e Galileu', '0', '62');
INSERT INTO `alternativas` (`id`, `descricao`, `correta`, `questao`) VALUES ('174', 'II e III, apenas.', '1', '65');
INSERT INTO `alternativas` (`id`, `descricao`, `correta`, `questao`) VALUES ('175', 'I e II, apenas.', '0', '65');
INSERT INTO `alternativas` (`id`, `descricao`, `correta`, `questao`) VALUES ('176', 'III, apenas.', '0', '65');
INSERT INTO `alternativas` (`id`, `descricao`, `correta`, `questao`) VALUES ('177', 'I, apenas.', '0', '65');
INSERT INTO `alternativas` (`id`, `descricao`, `correta`, `questao`) VALUES ('178', 'Sistema de Suporte à Decisão (SSD), Sistema d', '0', '66');
INSERT INTO `alternativas` (`id`, `descricao`, `correta`, `questao`) VALUES ('179', 'Sistema de Gerenciamento da Cadeia de Suprime', '0', '66');
INSERT INTO `alternativas` (`id`, `descricao`, `correta`, `questao`) VALUES ('180', 'Sistema de Informação Gerencial (SIG), Sistem', '0', '66');
INSERT INTO `alternativas` (`id`, `descricao`, `correta`, `questao`) VALUES ('181', 'Sistema de Processamento de Transação (SPT), ', '1', '66');
INSERT INTO `alternativas` (`id`, `descricao`, `correta`, `questao`) VALUES ('182', '3, 4, 2, 6, 1, 5', '1', '67');
INSERT INTO `alternativas` (`id`, `descricao`, `correta`, `questao`) VALUES ('183', '6, 5, 1, 4, 2, 3', '0', '67');
INSERT INTO `alternativas` (`id`, `descricao`, `correta`, `questao`) VALUES ('184', '4, 6, 5, 1, 3, 2', '0', '67');
INSERT INTO `alternativas` (`id`, `descricao`, `correta`, `questao`) VALUES ('185', '5, 3, 1, 6, 2, 4', '0', '67');
INSERT INTO `alternativas` (`id`, `descricao`, `correta`, `questao`) VALUES ('186', 'tste', '1', '71');
INSERT INTO `alternativas` (`id`, `descricao`, `correta`, `questao`) VALUES ('187', 'teste', '1', '72');
INSERT INTO `alternativas` (`id`, `descricao`, `correta`, `questao`) VALUES ('193', 'não teste', '0', '72');
INSERT INTO `alternativas` (`id`, `descricao`, `correta`, `questao`) VALUES ('194', 'b', '0', '72');
INSERT INTO `alternativas` (`id`, `descricao`, `correta`, `questao`) VALUES ('202', 'teste', '1', '75');
INSERT INTO `alternativas` (`id`, `descricao`, `correta`, `questao`) VALUES ('203', 'teste', '0', '75');
INSERT INTO `alternativas` (`id`, `descricao`, `correta`, `questao`) VALUES ('204', 'teste', '0', '75');
INSERT INTO `alternativas` (`id`, `descricao`, `correta`, `questao`) VALUES ('205', 'teste', '1', '76');
INSERT INTO `alternativas` (`id`, `descricao`, `correta`, `questao`) VALUES ('206', 'teste', '0', '76');


#
# TABLE STRUCTURE FOR: curso
#

DROP TABLE IF EXISTS `curso`;

CREATE TABLE `curso` (
  `id` int(11) NOT NULL,
  `nome` varchar(100) DEFAULT NULL,
  PRIMARY KEY (`id`)
) ENGINE=InnoDB DEFAULT CHARSET=utf8;

INSERT INTO `curso` (`id`, `nome`) VALUES ('0', 'TODOS');
INSERT INTO `curso` (`id`, `nome`) VALUES ('1', 'CURSO SUPERIOR DE ADMINISTRAÇÃO');
INSERT INTO `curso` (`id`, `nome`) VALUES ('2', 'CURSO DE TECNOLOGIA EM ANÁLISE E DESENVOLVIMENTO DE SISTEMAS');
INSERT INTO `curso` (`id`, `nome`) VALUES ('3', 'CURSO SUPERIOR DE CIÊNCIAS CONTÁBEIS');
INSERT INTO `curso` (`id`, `nome`) VALUES ('4', 'CURSO SUPERIOR DE PEDAGOGIA');
INSERT INTO `curso` (`id`, `nome`) VALUES ('5', 'CURSO SUPERIOR DE DESIGN');
INSERT INTO `curso` (`id`, `nome`) VALUES ('10', 'CURSO SUPERIOR DE TECNOLOGIA EM ELETRÔNICA INDUSTRIAL');


#
# TABLE STRUCTURE FOR: disciplinas
#

DROP TABLE IF EXISTS `disciplinas`;

CREATE TABLE `disciplinas` (
  `id` int(10) unsigned NOT NULL AUTO_INCREMENT,
  `nome` varchar(45) NOT NULL,
  `professor` int(10) unsigned NOT NULL,
  `situacao` varchar(45) DEFAULT 'ativo',
  `curso` int(11) NOT NULL,
  PRIMARY KEY (`id`),
  KEY `professor_usuario_idx` (`professor`),
  KEY `fk_disciplinas_curso1_idx` (`curso`),
  CONSTRAINT `disciplina_professor_usuario` FOREIGN KEY (`professor`) REFERENCES `usuarios` (`id`) ON DELETE NO ACTION ON UPDATE NO ACTION,
  CONSTRAINT `fk_disciplinas_curso1` FOREIGN KEY (`curso`) REFERENCES `curso` (`id`) ON DELETE NO ACTION ON UPDATE NO ACTION
) ENGINE=InnoDB AUTO_INCREMENT=401 DEFAULT CHARSET=utf8;

INSERT INTO `disciplinas` (`id`, `nome`, `professor`, `situacao`, `curso`) VALUES ('1', 'GESTÃO DE AGRONEGÓCIOS', '483', 'ativo', '1');
INSERT INTO `disciplinas` (`id`, `nome`, `professor`, `situacao`, `curso`) VALUES ('2', 'GESTÃO PÚBLICA', '484', 'ativo', '1');
INSERT INTO `disciplinas` (`id`, `nome`, `professor`, `situacao`, `curso`) VALUES ('3', 'LOGÍSTICA EMPRESARIAL II ', '485', 'ativo', '3');
INSERT INTO `disciplinas` (`id`, `nome`, `professor`, `situacao`, `curso`) VALUES ('4', 'CONTABILIDADE AVANÇADA', '486', 'ativo', '3');
INSERT INTO `disciplinas` (`id`, `nome`, `professor`, `situacao`, `curso`) VALUES ('5', 'CONTABILIDADE PÚBLICA', '487', 'ativo', '3');
INSERT INTO `disciplinas` (`id`, `nome`, `professor`, `situacao`, `curso`) VALUES ('6', 'EMPREENDEDORISMO  ', '488', 'ativo', '3');
INSERT INTO `disciplinas` (`id`, `nome`, `professor`, `situacao`, `curso`) VALUES ('7', 'ROTINAS TRABALHISTAS E PREVIDENCIÁRIAS', '489', 'ativo', '3');
INSERT INTO `disciplinas` (`id`, `nome`, `professor`, `situacao`, `curso`) VALUES ('8', 'SISTEMAS DE INFORMAÇÕES CONTÁBEIS  ', '488', 'ativo', '3');
INSERT INTO `disciplinas` (`id`, `nome`, `professor`, `situacao`, `curso`) VALUES ('9', 'ESTÁGIO CURRICULAR SUPERVISIONADO II  ', '490', 'ativo', '4');
INSERT INTO `disciplinas` (`id`, `nome`, `professor`, `situacao`, `curso`) VALUES ('10', 'TCCII  ', '491', 'ativo', '4');
INSERT INTO `disciplinas` (`id`, `nome`, `professor`, `situacao`, `curso`) VALUES ('11', 'EDUCAÇÃO NÃO FORMAL  ', '492', 'ativo', '4');
INSERT INTO `disciplinas` (`id`, `nome`, `professor`, `situacao`, `curso`) VALUES ('12', 'ESTÁGIO SUPERVISIONADO - ANOS INICIAIS', '493', 'ativo', '4');
INSERT INTO `disciplinas` (`id`, `nome`, `professor`, `situacao`, `curso`) VALUES ('13', 'LÍNGUA BRASILEIRA DE SINAIS - LIBRAS  ', '494', 'ativo', '4');
INSERT INTO `disciplinas` (`id`, `nome`, `professor`, `situacao`, `curso`) VALUES ('14', 'EDUCAÇÃO SEXUAL NAS ESCOLAS ', '495', 'ativo', '4');
INSERT INTO `disciplinas` (`id`, `nome`, `professor`, `situacao`, `curso`) VALUES ('15', 'LITERATURA INFANTIL  ', '496', 'ativo', '4');
INSERT INTO `disciplinas` (`id`, `nome`, `professor`, `situacao`, `curso`) VALUES ('16', 'METÓDOS E PROCESSOS DE AVALIAÇÃO', '492', 'ativo', '4');
INSERT INTO `disciplinas` (`id`, `nome`, `professor`, `situacao`, `curso`) VALUES ('17', 'FUNDAMENTOS E METODOLOGIAS DA ARTE ', '491', 'ativo', '4');
INSERT INTO `disciplinas` (`id`, `nome`, `professor`, `situacao`, `curso`) VALUES ('18', 'DIFICULDADES DE APRENDIZAGEM', '497', 'ativo', '4');
INSERT INTO `disciplinas` (`id`, `nome`, `professor`, `situacao`, `curso`) VALUES ('19', 'ESTÁGIO SUPEVISIONADO - GESTÃO PEDAGÓGICA ', '493', 'ativo', '3');
INSERT INTO `disciplinas` (`id`, `nome`, `professor`, `situacao`, `curso`) VALUES ('20', 'FILOSOFIA, ÉTICA E DIREITO HUMANOS ', '498', 'ativo', '1');
INSERT INTO `disciplinas` (`id`, `nome`, `professor`, `situacao`, `curso`) VALUES ('21', 'MARKETING  ', '499', 'ativo', '5');
INSERT INTO `disciplinas` (`id`, `nome`, `professor`, `situacao`, `curso`) VALUES ('22', 'SOCIOLOGIA APLICADA  ', '498', 'ativo', '5');
INSERT INTO `disciplinas` (`id`, `nome`, `professor`, `situacao`, `curso`) VALUES ('23', 'SINALÉTICA E TIPOGRAFIA  ', '500', 'ativo', '5');
INSERT INTO `disciplinas` (`id`, `nome`, `professor`, `situacao`, `curso`) VALUES ('24', 'ARQUITETURA DE COMPUTADORES ', '501', 'ativo', '2');
INSERT INTO `disciplinas` (`id`, `nome`, `professor`, `situacao`, `curso`) VALUES ('25', 'ENGENHARIA DE SOFTWARE I ', '502', 'ativo', '2');
INSERT INTO `disciplinas` (`id`, `nome`, `professor`, `situacao`, `curso`) VALUES ('26', 'LÓGICA DA PROGRAMAÇÃO I  ', '503', 'ativo', '2');
INSERT INTO `disciplinas` (`id`, `nome`, `professor`, `situacao`, `curso`) VALUES ('27', 'PROGRAMAÇÃO WEB I ', '499', 'ativo', '2');
INSERT INTO `disciplinas` (`id`, `nome`, `professor`, `situacao`, `curso`) VALUES ('28', 'FUNDAMENTOS DA LÍNGUA ORAL E ESCRITA  ', '493', 'ativo', '4');
INSERT INTO `disciplinas` (`id`, `nome`, `professor`, `situacao`, `curso`) VALUES ('29', 'FUNDAMENTOS E METODOLOGIA DA HISTÓRIA E GEOGR', '504', 'ativo', '4');
INSERT INTO `disciplinas` (`id`, `nome`, `professor`, `situacao`, `curso`) VALUES ('30', 'MECANISMOS E ESTRUTURAS  ', '505', 'ativo', '5');
INSERT INTO `disciplinas` (`id`, `nome`, `professor`, `situacao`, `curso`) VALUES ('31', 'PROCESSOS DE FABRICAÇÃO E MODELAGEM V ', '506', 'ativo', '5');
INSERT INTO `disciplinas` (`id`, `nome`, `professor`, `situacao`, `curso`) VALUES ('32', 'PROJETO V  ', '500', 'ativo', '5');
INSERT INTO `disciplinas` (`id`, `nome`, `professor`, `situacao`, `curso`) VALUES ('33', 'DESIGN MANAGEMENT ', '507', 'ativo', '5');
INSERT INTO `disciplinas` (`id`, `nome`, `professor`, `situacao`, `curso`) VALUES ('34', 'ANÁLISE DE CUSTOS ', '508', 'ativo', '1');
INSERT INTO `disciplinas` (`id`, `nome`, `professor`, `situacao`, `curso`) VALUES ('35', 'ADMINISTRAÇÃO  FINANCEIRA II', '483', 'ativo', '1');
INSERT INTO `disciplinas` (`id`, `nome`, `professor`, `situacao`, `curso`) VALUES ('36', 'PROJETO II ', '509', 'ativo', '10');
INSERT INTO `disciplinas` (`id`, `nome`, `professor`, `situacao`, `curso`) VALUES ('37', 'TRABALHO DE CONCLUSÃO DE CURSO  ', '509', 'ativo', '10');
INSERT INTO `disciplinas` (`id`, `nome`, `professor`, `situacao`, `curso`) VALUES ('38', 'ADMINISTRAÇÃO ESTRATÉGICA', '510', 'ativo', '1');
INSERT INTO `disciplinas` (`id`, `nome`, `professor`, `situacao`, `curso`) VALUES ('39', 'DESENVOLVIMENTO DO TCC - ESTÁGIO', '502', 'ativo', '2');
INSERT INTO `disciplinas` (`id`, `nome`, `professor`, `situacao`, `curso`) VALUES ('40', 'ADMINISTRAÇÃO MERCADOLÓGICA I', '511', 'ativo', '1');
INSERT INTO `disciplinas` (`id`, `nome`, `professor`, `situacao`, `curso`) VALUES ('41', 'ADMINISTRAÇÃO DA PRODUÇÃO E OPERAÇÕES I', '512', 'ativo', '1');
INSERT INTO `disciplinas` (`id`, `nome`, `professor`, `situacao`, `curso`) VALUES ('42', 'CONTABILIDADE DE CUSTOS I', '508', 'ativo', '1');
INSERT INTO `disciplinas` (`id`, `nome`, `professor`, `situacao`, `curso`) VALUES ('43', 'FINANÇAS EMPRESARIAS ', '483', 'ativo', '1');
INSERT INTO `disciplinas` (`id`, `nome`, `professor`, `situacao`, `curso`) VALUES ('44', 'CONTABILIDADE II  ', '486', 'ativo', '3');
INSERT INTO `disciplinas` (`id`, `nome`, `professor`, `situacao`, `curso`) VALUES ('45', 'DIREITO TRIBUTÁRIO', '490', 'ativo', '3');
INSERT INTO `disciplinas` (`id`, `nome`, `professor`, `situacao`, `curso`) VALUES ('46', 'ANTROPOLOGIA E EDUCAÇÃO  ', '498', 'ativo', '3');
INSERT INTO `disciplinas` (`id`, `nome`, `professor`, `situacao`, `curso`) VALUES ('47', 'DIDÁTICA E METODOLOGIAS DE ENSINO  ', '491', 'ativo', '4');
INSERT INTO `disciplinas` (`id`, `nome`, `professor`, `situacao`, `curso`) VALUES ('48', 'ÉTICA, CIDADANIA E DIREITOS HUMANOS', '491', 'ativo', '4');
INSERT INTO `disciplinas` (`id`, `nome`, `professor`, `situacao`, `curso`) VALUES ('49', 'PSICOLOGIA DO DESENVOLVIMENTO', '495', 'ativo', '4');
INSERT INTO `disciplinas` (`id`, `nome`, `professor`, `situacao`, `curso`) VALUES ('50', 'BANCO DE DADOS II ', '502', 'ativo', '4');
INSERT INTO `disciplinas` (`id`, `nome`, `professor`, `situacao`, `curso`) VALUES ('51', 'CONTABILIDADE APLICADA', '513', 'ativo', '2');
INSERT INTO `disciplinas` (`id`, `nome`, `professor`, `situacao`, `curso`) VALUES ('52', 'EMPREENDEDORISMO EM TI', '511', 'ativo', '2');
INSERT INTO `disciplinas` (`id`, `nome`, `professor`, `situacao`, `curso`) VALUES ('53', 'AUDITORIA E SEGURANÇA DE SISTEMAS  ', '514', 'ativo', '2');
INSERT INTO `disciplinas` (`id`, `nome`, `professor`, `situacao`, `curso`) VALUES ('54', 'SISTEMAS DE INFORMAÇÃO', '502', 'ativo', '2');
INSERT INTO `disciplinas` (`id`, `nome`, `professor`, `situacao`, `curso`) VALUES ('55', 'ANÁLISE DE CIRCUITOS II  ', '509', 'ativo', '2');
INSERT INTO `disciplinas` (`id`, `nome`, `professor`, `situacao`, `curso`) VALUES ('56', 'CÁLCULO DIFERENCIAL INTEGRAL', '515', 'ativo', '10');
INSERT INTO `disciplinas` (`id`, `nome`, `professor`, `situacao`, `curso`) VALUES ('57', 'ELETRÔNICA ANALÓGICA I', '509', 'ativo', '10');
INSERT INTO `disciplinas` (`id`, `nome`, `professor`, `situacao`, `curso`) VALUES ('58', 'MECÂNICA GERAL', '516', 'ativo', '10');
INSERT INTO `disciplinas` (`id`, `nome`, `professor`, `situacao`, `curso`) VALUES ('59', 'PROJETO INTERDISCIPLINAR I  ', '509', 'ativo', '10');
INSERT INTO `disciplinas` (`id`, `nome`, `professor`, `situacao`, `curso`) VALUES ('60', 'MATERIAIS APLICADOS AO DESIGN', '506', 'ativo', '10');
INSERT INTO `disciplinas` (`id`, `nome`, `professor`, `situacao`, `curso`) VALUES ('61', 'METODOLOGIA DA PESQUISA PROJETUAL  ', '504', 'ativo', '10');
INSERT INTO `disciplinas` (`id`, `nome`, `professor`, `situacao`, `curso`) VALUES ('62', 'PROJETO E MODELAGEM I', '517', 'ativo', '5');
INSERT INTO `disciplinas` (`id`, `nome`, `professor`, `situacao`, `curso`) VALUES ('63', 'DESENHO GEOMÉTRICO', '507', 'ativo', '5');
INSERT INTO `disciplinas` (`id`, `nome`, `professor`, `situacao`, `curso`) VALUES ('64', 'DESENHO ILUSTRATIVO  ', '518', 'ativo', '5');
INSERT INTO `disciplinas` (`id`, `nome`, `professor`, `situacao`, `curso`) VALUES ('65', 'FILOSOFIA, ÉTICA E DIREITOS HUMANOS', '498', 'ativo', '5');
INSERT INTO `disciplinas` (`id`, `nome`, `professor`, `situacao`, `curso`) VALUES ('66', 'TÉCNICAS DE NEGOCIAÇÃO EMPRESARIAL ', '495', 'ativo', '5');
INSERT INTO `disciplinas` (`id`, `nome`, `professor`, `situacao`, `curso`) VALUES ('67', 'GESTÃO DA QUALIDADE E PRODUTIVIDADE', '512', 'ativo', '1');
INSERT INTO `disciplinas` (`id`, `nome`, `professor`, `situacao`, `curso`) VALUES ('68', 'ESTÁGIO SUPERVISIONADO II', '510', 'ativo', '1');
INSERT INTO `disciplinas` (`id`, `nome`, `professor`, `situacao`, `curso`) VALUES ('69', 'ACIONAMENTOS ELÉTRICOS INDUSTRIAIS ', '519', 'ativo', '1');
INSERT INTO `disciplinas` (`id`, `nome`, `professor`, `situacao`, `curso`) VALUES ('70', 'PROJETO INTERDISCIPLINAR III', '509', 'ativo', '1');
INSERT INTO `disciplinas` (`id`, `nome`, `professor`, `situacao`, `curso`) VALUES ('71', 'HIDRÁULICA E PNEUMÁTICA  ', '516', 'ativo', '10');
INSERT INTO `disciplinas` (`id`, `nome`, `professor`, `situacao`, `curso`) VALUES ('72', 'MÁQUINAS ELÉTRICAS', '519', 'ativo', '10');
INSERT INTO `disciplinas` (`id`, `nome`, `professor`, `situacao`, `curso`) VALUES ('73', 'SEGURANÇA DO TRABALHO', '520', 'ativo', '10');
INSERT INTO `disciplinas` (`id`, `nome`, `professor`, `situacao`, `curso`) VALUES ('74', 'INSTALAÇÕES ELÉTRICAS', '519', 'ativo', '10');
INSERT INTO `disciplinas` (`id`, `nome`, `professor`, `situacao`, `curso`) VALUES ('75', 'ELETRÔNICA DE POTÊNCIA II', '509', 'ativo', '10');
INSERT INTO `disciplinas` (`id`, `nome`, `professor`, `situacao`, `curso`) VALUES ('76', 'PRÁTICAS PROFISSIONAIS - ESTÁGIO II', '500', 'ativo', '10');
INSERT INTO `disciplinas` (`id`, `nome`, `professor`, `situacao`, `curso`) VALUES ('77', 'TRABALHO DE CONCLUSÃO DE CURSO II  ', '507', 'ativo', '10');
INSERT INTO `disciplinas` (`id`, `nome`, `professor`, `situacao`, `curso`) VALUES ('78', 'COMUNICAÇÃO EMPRESARIAL  ', '492', 'ativo', '5');
INSERT INTO `disciplinas` (`id`, `nome`, `professor`, `situacao`, `curso`) VALUES ('79', 'DIREITO PÚBLICO E PRIVADO', '521', 'ativo', '5');
INSERT INTO `disciplinas` (`id`, `nome`, `professor`, `situacao`, `curso`) VALUES ('80', 'ECONOMIA I ', '513', 'ativo', '1');
INSERT INTO `disciplinas` (`id`, `nome`, `professor`, `situacao`, `curso`) VALUES ('81', 'ESTATÍSTICA APLICADA ', '515', 'ativo', '1');
INSERT INTO `disciplinas` (`id`, `nome`, `professor`, `situacao`, `curso`) VALUES ('82', 'SOCIOLOGIA DAS ORGANIZAÇÕES ', '498', 'ativo', '1');
INSERT INTO `disciplinas` (`id`, `nome`, `professor`, `situacao`, `curso`) VALUES ('83', 'COMPUTAÇÃO GRÁFICA I ', '505', 'ativo', '1');
INSERT INTO `disciplinas` (`id`, `nome`, `professor`, `situacao`, `curso`) VALUES ('84', 'TEORIA DA COMUNICAÇÃO E SEMIÓTICA  ', '507', 'ativo', '1');
INSERT INTO `disciplinas` (`id`, `nome`, `professor`, `situacao`, `curso`) VALUES ('85', 'PROJETO E MODELAGEM III  ', '517', 'ativo', '1');
INSERT INTO `disciplinas` (`id`, `nome`, `professor`, `situacao`, `curso`) VALUES ('86', 'EXPRESSÃO E PRODUÇÃO GRÁFICA', '517', 'ativo', '5');
INSERT INTO `disciplinas` (`id`, `nome`, `professor`, `situacao`, `curso`) VALUES ('87', 'CONTABILIDADE GERENCIAL  ', '508', 'ativo', '5');
INSERT INTO `disciplinas` (`id`, `nome`, `professor`, `situacao`, `curso`) VALUES ('88', 'AUDITORIA II  ', '488', 'ativo', '5');
INSERT INTO `disciplinas` (`id`, `nome`, `professor`, `situacao`, `curso`) VALUES ('89', 'CONTABILIDADE TRIBUTÁRIA II ', '522', 'ativo', '5');
INSERT INTO `disciplinas` (`id`, `nome`, `professor`, `situacao`, `curso`) VALUES ('90', 'PESQUISA EM CONTABILIDADE', '523', 'ativo', '3');
INSERT INTO `disciplinas` (`id`, `nome`, `professor`, `situacao`, `curso`) VALUES ('91', 'TÓPICOS CONTEMPORÂNEOS EM CONTABILIDADE', '488', 'ativo', '3');
INSERT INTO `disciplinas` (`id`, `nome`, `professor`, `situacao`, `curso`) VALUES ('92', 'MERCADO FINANCEIRO E DE CAPITAIS', '485', 'ativo', '3');
INSERT INTO `disciplinas` (`id`, `nome`, `professor`, `situacao`, `curso`) VALUES ('93', 'ELETRÔNICA DIGITAL II', '524', 'ativo', '3');
INSERT INTO `disciplinas` (`id`, `nome`, `professor`, `situacao`, `curso`) VALUES ('94', 'DIDÁTICA E METODOLOGIA DA EDUCAÇÃO INFANTIL  ', '493', 'ativo', '3');
INSERT INTO `disciplinas` (`id`, `nome`, `professor`, `situacao`, `curso`) VALUES ('95', 'EDUCAÇÃO INCLUSIVA', '497', 'ativo', '3');
INSERT INTO `disciplinas` (`id`, `nome`, `professor`, `situacao`, `curso`) VALUES ('96', 'PROGRAMAÇÃO ORIENTADA A OBJETO I', '503', 'ativo', '10');
INSERT INTO `disciplinas` (`id`, `nome`, `professor`, `situacao`, `curso`) VALUES ('97', 'ESTÁGIO CURRICULAR SUPERVISIONADO I', '490', 'ativo', '4');
INSERT INTO `disciplinas` (`id`, `nome`, `professor`, `situacao`, `curso`) VALUES ('98', 'GESTÃO II  ', '510', 'ativo', '4');
INSERT INTO `disciplinas` (`id`, `nome`, `professor`, `situacao`, `curso`) VALUES ('99', 'FUNDAMENTOS DE ROBÓTICA  ', '519', 'ativo', '2');
INSERT INTO `disciplinas` (`id`, `nome`, `professor`, `situacao`, `curso`) VALUES ('100', 'PLANEJAMENTO EDUCACIONAL ', '497', 'ativo', '3');
INSERT INTO `disciplinas` (`id`, `nome`, `professor`, `situacao`, `curso`) VALUES ('101', 'PRÁTICA PEDAGÓGICA IV', '493', 'ativo', '3');
INSERT INTO `disciplinas` (`id`, `nome`, `professor`, `situacao`, `curso`) VALUES ('102', 'ESCOLA E ORGANIZAÇÃO CURRICULAR ', '498', 'ativo', '3');
INSERT INTO `disciplinas` (`id`, `nome`, `professor`, `situacao`, `curso`) VALUES ('103', 'MICROPROCESSADORES E MICROCONTROLADORES I ', '524', 'ativo', '10');
INSERT INTO `disciplinas` (`id`, `nome`, `professor`, `situacao`, `curso`) VALUES ('104', 'REDES E SERVIDORES', '501', 'ativo', '10');
INSERT INTO `disciplinas` (`id`, `nome`, `professor`, `situacao`, `curso`) VALUES ('105', 'GERÊNCIA DE PROJETOS ', '499', 'ativo', '4');
INSERT INTO `disciplinas` (`id`, `nome`, `professor`, `situacao`, `curso`) VALUES ('106', 'ESTRUTURA DE DADOS', '499', 'ativo', '4');
INSERT INTO `disciplinas` (`id`, `nome`, `professor`, `situacao`, `curso`) VALUES ('107', 'CONTABILIDADE IV  ', '487', 'ativo', '4');
INSERT INTO `disciplinas` (`id`, `nome`, `professor`, `situacao`, `curso`) VALUES ('108', 'FINANÇAS EMPRESARIAIS', '483', 'ativo', '10');
INSERT INTO `disciplinas` (`id`, `nome`, `professor`, `situacao`, `curso`) VALUES ('200', 'GESTÃO PÚBLICA', '484', 'ativo', '1');
INSERT INTO `disciplinas` (`id`, `nome`, `professor`, `situacao`, `curso`) VALUES ('300', 'GESTÃO DE AGRONEGÓCIOS', '483', 'ativo', '1');


#
# TABLE STRUCTURE FOR: formularios
#

DROP TABLE IF EXISTS `formularios`;

CREATE TABLE `formularios` (
  `id` int(10) unsigned NOT NULL AUTO_INCREMENT,
  `aluno` int(10) unsigned NOT NULL,
  `disciplina` int(10) unsigned NOT NULL,
  `prova` int(11) NOT NULL,
  `situacao` enum('em andamento','finalizada') NOT NULL,
  PRIMARY KEY (`id`),
  KEY `fk_provas_matriculas1_idx` (`aluno`,`disciplina`),
  KEY `fk_provas_provas1_idx` (`prova`),
  CONSTRAINT `fk_provas_matriculas1` FOREIGN KEY (`aluno`, `disciplina`) REFERENCES `matriculas` (`aluno`, `disciplina`) ON DELETE NO ACTION ON UPDATE CASCADE,
  CONSTRAINT `fk_provas_provas1` FOREIGN KEY (`prova`) REFERENCES `provas` (`id`) ON DELETE NO ACTION ON UPDATE NO ACTION
) ENGINE=InnoDB AUTO_INCREMENT=2 DEFAULT CHARSET=utf8;

INSERT INTO `formularios` (`id`, `aluno`, `disciplina`, `prova`, `situacao`) VALUES ('1', '153', '52', '7', 'em andamento');


#
# TABLE STRUCTURE FOR: itens_prova
#

DROP TABLE IF EXISTS `itens_prova`;

CREATE TABLE `itens_prova` (
  `id` int(10) unsigned NOT NULL AUTO_INCREMENT,
  `questao` int(10) unsigned NOT NULL,
  `formulario` int(10) unsigned NOT NULL,
  PRIMARY KEY (`id`),
  KEY `fk_itens_prova_questoes1_idx` (`questao`),
  KEY `fk_itens_prova_formularios1_idx` (`formulario`),
  CONSTRAINT `fk_itens_prova_formularios1` FOREIGN KEY (`formulario`) REFERENCES `formularios` (`id`) ON DELETE NO ACTION ON UPDATE NO ACTION,
  CONSTRAINT `fk_itens_prova_questoes1` FOREIGN KEY (`questao`) REFERENCES `questoes` (`id`) ON DELETE NO ACTION ON UPDATE CASCADE
) ENGINE=InnoDB AUTO_INCREMENT=5 DEFAULT CHARSET=utf8;

INSERT INTO `itens_prova` (`id`, `questao`, `formulario`) VALUES ('1', '65', '1');
INSERT INTO `itens_prova` (`id`, `questao`, `formulario`) VALUES ('2', '66', '1');
INSERT INTO `itens_prova` (`id`, `questao`, `formulario`) VALUES ('3', '67', '1');
INSERT INTO `itens_prova` (`id`, `questao`, `formulario`) VALUES ('4', '62', '1');


#
# TABLE STRUCTURE FOR: matriculas
#

DROP TABLE IF EXISTS `matriculas`;

CREATE TABLE `matriculas` (
  `aluno` int(10) unsigned NOT NULL,
  `disciplina` int(10) unsigned NOT NULL,
  PRIMARY KEY (`aluno`,`disciplina`),
  KEY `fk_alunos_has_disciplinas_disciplinas1_idx` (`disciplina`),
  CONSTRAINT `fk_alunos_has_disciplinas_disciplinas1` FOREIGN KEY (`disciplina`) REFERENCES `disciplinas` (`id`) ON DELETE NO ACTION ON UPDATE CASCADE,
  CONSTRAINT `matricula_aluno_usuario` FOREIGN KEY (`aluno`) REFERENCES `usuarios` (`id`) ON DELETE NO ACTION ON UPDATE NO ACTION
) ENGINE=InnoDB DEFAULT CHARSET=utf8;

INSERT INTO `matriculas` (`aluno`, `disciplina`) VALUES ('1', '1');
INSERT INTO `matriculas` (`aluno`, `disciplina`) VALUES ('1', '2');
INSERT INTO `matriculas` (`aluno`, `disciplina`) VALUES ('1', '3');
INSERT INTO `matriculas` (`aluno`, `disciplina`) VALUES ('2', '4');
INSERT INTO `matriculas` (`aluno`, `disciplina`) VALUES ('2', '5');
INSERT INTO `matriculas` (`aluno`, `disciplina`) VALUES ('2', '6');
INSERT INTO `matriculas` (`aluno`, `disciplina`) VALUES ('2', '7');
INSERT INTO `matriculas` (`aluno`, `disciplina`) VALUES ('2', '8');
INSERT INTO `matriculas` (`aluno`, `disciplina`) VALUES ('2', '9');
INSERT INTO `matriculas` (`aluno`, `disciplina`) VALUES ('3', '10');
INSERT INTO `matriculas` (`aluno`, `disciplina`) VALUES ('3', '11');
INSERT INTO `matriculas` (`aluno`, `disciplina`) VALUES ('3', '12');
INSERT INTO `matriculas` (`aluno`, `disciplina`) VALUES ('3', '13');
INSERT INTO `matriculas` (`aluno`, `disciplina`) VALUES ('3', '14');
INSERT INTO `matriculas` (`aluno`, `disciplina`) VALUES ('4', '13');
INSERT INTO `matriculas` (`aluno`, `disciplina`) VALUES ('4', '15');
INSERT INTO `matriculas` (`aluno`, `disciplina`) VALUES ('4', '16');
INSERT INTO `matriculas` (`aluno`, `disciplina`) VALUES ('4', '17');
INSERT INTO `matriculas` (`aluno`, `disciplina`) VALUES ('4', '18');
INSERT INTO `matriculas` (`aluno`, `disciplina`) VALUES ('4', '19');
INSERT INTO `matriculas` (`aluno`, `disciplina`) VALUES ('5', '20');
INSERT INTO `matriculas` (`aluno`, `disciplina`) VALUES ('6', '21');
INSERT INTO `matriculas` (`aluno`, `disciplina`) VALUES ('6', '22');
INSERT INTO `matriculas` (`aluno`, `disciplina`) VALUES ('6', '23');
INSERT INTO `matriculas` (`aluno`, `disciplina`) VALUES ('7', '24');
INSERT INTO `matriculas` (`aluno`, `disciplina`) VALUES ('7', '25');
INSERT INTO `matriculas` (`aluno`, `disciplina`) VALUES ('7', '26');
INSERT INTO `matriculas` (`aluno`, `disciplina`) VALUES ('7', '27');
INSERT INTO `matriculas` (`aluno`, `disciplina`) VALUES ('8', '13');
INSERT INTO `matriculas` (`aluno`, `disciplina`) VALUES ('8', '15');
INSERT INTO `matriculas` (`aluno`, `disciplina`) VALUES ('8', '16');
INSERT INTO `matriculas` (`aluno`, `disciplina`) VALUES ('8', '18');
INSERT INTO `matriculas` (`aluno`, `disciplina`) VALUES ('8', '19');
INSERT INTO `matriculas` (`aluno`, `disciplina`) VALUES ('8', '28');
INSERT INTO `matriculas` (`aluno`, `disciplina`) VALUES ('8', '29');
INSERT INTO `matriculas` (`aluno`, `disciplina`) VALUES ('9', '21');
INSERT INTO `matriculas` (`aluno`, `disciplina`) VALUES ('9', '30');
INSERT INTO `matriculas` (`aluno`, `disciplina`) VALUES ('9', '31');
INSERT INTO `matriculas` (`aluno`, `disciplina`) VALUES ('9', '32');
INSERT INTO `matriculas` (`aluno`, `disciplina`) VALUES ('9', '33');
INSERT INTO `matriculas` (`aluno`, `disciplina`) VALUES ('10', '34');
INSERT INTO `matriculas` (`aluno`, `disciplina`) VALUES ('10', '35');
INSERT INTO `matriculas` (`aluno`, `disciplina`) VALUES ('11', '36');
INSERT INTO `matriculas` (`aluno`, `disciplina`) VALUES ('11', '37');
INSERT INTO `matriculas` (`aluno`, `disciplina`) VALUES ('12', '2');
INSERT INTO `matriculas` (`aluno`, `disciplina`) VALUES ('12', '3');
INSERT INTO `matriculas` (`aluno`, `disciplina`) VALUES ('12', '34');
INSERT INTO `matriculas` (`aluno`, `disciplina`) VALUES ('12', '35');
INSERT INTO `matriculas` (`aluno`, `disciplina`) VALUES ('12', '38');
INSERT INTO `matriculas` (`aluno`, `disciplina`) VALUES ('13', '39');
INSERT INTO `matriculas` (`aluno`, `disciplina`) VALUES ('14', '36');
INSERT INTO `matriculas` (`aluno`, `disciplina`) VALUES ('14', '37');
INSERT INTO `matriculas` (`aluno`, `disciplina`) VALUES ('15', '40');
INSERT INTO `matriculas` (`aluno`, `disciplina`) VALUES ('15', '41');
INSERT INTO `matriculas` (`aluno`, `disciplina`) VALUES ('15', '42');
INSERT INTO `matriculas` (`aluno`, `disciplina`) VALUES ('15', '43');
INSERT INTO `matriculas` (`aluno`, `disciplina`) VALUES ('16', '20');
INSERT INTO `matriculas` (`aluno`, `disciplina`) VALUES ('16', '42');
INSERT INTO `matriculas` (`aluno`, `disciplina`) VALUES ('16', '44');
INSERT INTO `matriculas` (`aluno`, `disciplina`) VALUES ('16', '46');
INSERT INTO `matriculas` (`aluno`, `disciplina`) VALUES ('17', '28');
INSERT INTO `matriculas` (`aluno`, `disciplina`) VALUES ('17', '47');
INSERT INTO `matriculas` (`aluno`, `disciplina`) VALUES ('17', '48');
INSERT INTO `matriculas` (`aluno`, `disciplina`) VALUES ('17', '49');
INSERT INTO `matriculas` (`aluno`, `disciplina`) VALUES ('17', '50');
INSERT INTO `matriculas` (`aluno`, `disciplina`) VALUES ('18', '24');
INSERT INTO `matriculas` (`aluno`, `disciplina`) VALUES ('18', '51');
INSERT INTO `matriculas` (`aluno`, `disciplina`) VALUES ('18', '52');
INSERT INTO `matriculas` (`aluno`, `disciplina`) VALUES ('18', '53');
INSERT INTO `matriculas` (`aluno`, `disciplina`) VALUES ('19', '39');
INSERT INTO `matriculas` (`aluno`, `disciplina`) VALUES ('19', '53');
INSERT INTO `matriculas` (`aluno`, `disciplina`) VALUES ('19', '54');
INSERT INTO `matriculas` (`aluno`, `disciplina`) VALUES ('19', '55');
INSERT INTO `matriculas` (`aluno`, `disciplina`) VALUES ('20', '49');
INSERT INTO `matriculas` (`aluno`, `disciplina`) VALUES ('20', '56');
INSERT INTO `matriculas` (`aluno`, `disciplina`) VALUES ('20', '57');
INSERT INTO `matriculas` (`aluno`, `disciplina`) VALUES ('20', '58');
INSERT INTO `matriculas` (`aluno`, `disciplina`) VALUES ('20', '60');
INSERT INTO `matriculas` (`aluno`, `disciplina`) VALUES ('20', '61');
INSERT INTO `matriculas` (`aluno`, `disciplina`) VALUES ('21', '62');
INSERT INTO `matriculas` (`aluno`, `disciplina`) VALUES ('21', '63');
INSERT INTO `matriculas` (`aluno`, `disciplina`) VALUES ('21', '64');
INSERT INTO `matriculas` (`aluno`, `disciplina`) VALUES ('21', '65');
INSERT INTO `matriculas` (`aluno`, `disciplina`) VALUES ('21', '66');
INSERT INTO `matriculas` (`aluno`, `disciplina`) VALUES ('22', '40');
INSERT INTO `matriculas` (`aluno`, `disciplina`) VALUES ('22', '41');
INSERT INTO `matriculas` (`aluno`, `disciplina`) VALUES ('22', '42');
INSERT INTO `matriculas` (`aluno`, `disciplina`) VALUES ('22', '43');
INSERT INTO `matriculas` (`aluno`, `disciplina`) VALUES ('22', '67');
INSERT INTO `matriculas` (`aluno`, `disciplina`) VALUES ('23', '1');
INSERT INTO `matriculas` (`aluno`, `disciplina`) VALUES ('23', '68');
INSERT INTO `matriculas` (`aluno`, `disciplina`) VALUES ('23', '69');
INSERT INTO `matriculas` (`aluno`, `disciplina`) VALUES ('23', '70');
INSERT INTO `matriculas` (`aluno`, `disciplina`) VALUES ('24', '1');
INSERT INTO `matriculas` (`aluno`, `disciplina`) VALUES ('24', '68');
INSERT INTO `matriculas` (`aluno`, `disciplina`) VALUES ('24', '69');
INSERT INTO `matriculas` (`aluno`, `disciplina`) VALUES ('24', '70');
INSERT INTO `matriculas` (`aluno`, `disciplina`) VALUES ('25', '1');
INSERT INTO `matriculas` (`aluno`, `disciplina`) VALUES ('25', '68');
INSERT INTO `matriculas` (`aluno`, `disciplina`) VALUES ('25', '69');
INSERT INTO `matriculas` (`aluno`, `disciplina`) VALUES ('25', '70');
INSERT INTO `matriculas` (`aluno`, `disciplina`) VALUES ('26', '56');
INSERT INTO `matriculas` (`aluno`, `disciplina`) VALUES ('26', '57');
INSERT INTO `matriculas` (`aluno`, `disciplina`) VALUES ('26', '58');
INSERT INTO `matriculas` (`aluno`, `disciplina`) VALUES ('26', '61');
INSERT INTO `matriculas` (`aluno`, `disciplina`) VALUES ('27', '62');
INSERT INTO `matriculas` (`aluno`, `disciplina`) VALUES ('27', '63');
INSERT INTO `matriculas` (`aluno`, `disciplina`) VALUES ('27', '64');
INSERT INTO `matriculas` (`aluno`, `disciplina`) VALUES ('27', '65');
INSERT INTO `matriculas` (`aluno`, `disciplina`) VALUES ('27', '66');
INSERT INTO `matriculas` (`aluno`, `disciplina`) VALUES ('28', '10');
INSERT INTO `matriculas` (`aluno`, `disciplina`) VALUES ('28', '11');
INSERT INTO `matriculas` (`aluno`, `disciplina`) VALUES ('28', '12');
INSERT INTO `matriculas` (`aluno`, `disciplina`) VALUES ('28', '14');
INSERT INTO `matriculas` (`aluno`, `disciplina`) VALUES ('29', '57');
INSERT INTO `matriculas` (`aluno`, `disciplina`) VALUES ('29', '58');
INSERT INTO `matriculas` (`aluno`, `disciplina`) VALUES ('29', '71');
INSERT INTO `matriculas` (`aluno`, `disciplina`) VALUES ('29', '72');
INSERT INTO `matriculas` (`aluno`, `disciplina`) VALUES ('29', '73');
INSERT INTO `matriculas` (`aluno`, `disciplina`) VALUES ('29', '74');
INSERT INTO `matriculas` (`aluno`, `disciplina`) VALUES ('30', '40');
INSERT INTO `matriculas` (`aluno`, `disciplina`) VALUES ('30', '41');
INSERT INTO `matriculas` (`aluno`, `disciplina`) VALUES ('30', '42');
INSERT INTO `matriculas` (`aluno`, `disciplina`) VALUES ('30', '43');
INSERT INTO `matriculas` (`aluno`, `disciplina`) VALUES ('30', '67');
INSERT INTO `matriculas` (`aluno`, `disciplina`) VALUES ('31', '75');
INSERT INTO `matriculas` (`aluno`, `disciplina`) VALUES ('31', '76');
INSERT INTO `matriculas` (`aluno`, `disciplina`) VALUES ('31', '77');
INSERT INTO `matriculas` (`aluno`, `disciplina`) VALUES ('32', '22');
INSERT INTO `matriculas` (`aluno`, `disciplina`) VALUES ('32', '78');
INSERT INTO `matriculas` (`aluno`, `disciplina`) VALUES ('32', '79');
INSERT INTO `matriculas` (`aluno`, `disciplina`) VALUES ('33', '44');
INSERT INTO `matriculas` (`aluno`, `disciplina`) VALUES ('33', '81');
INSERT INTO `matriculas` (`aluno`, `disciplina`) VALUES ('33', '82');
INSERT INTO `matriculas` (`aluno`, `disciplina`) VALUES ('33', '83');
INSERT INTO `matriculas` (`aluno`, `disciplina`) VALUES ('33', '84');
INSERT INTO `matriculas` (`aluno`, `disciplina`) VALUES ('33', '85');
INSERT INTO `matriculas` (`aluno`, `disciplina`) VALUES ('34', '1');
INSERT INTO `matriculas` (`aluno`, `disciplina`) VALUES ('34', '68');
INSERT INTO `matriculas` (`aluno`, `disciplina`) VALUES ('34', '69');
INSERT INTO `matriculas` (`aluno`, `disciplina`) VALUES ('34', '70');
INSERT INTO `matriculas` (`aluno`, `disciplina`) VALUES ('35', '23');
INSERT INTO `matriculas` (`aluno`, `disciplina`) VALUES ('35', '86');
INSERT INTO `matriculas` (`aluno`, `disciplina`) VALUES ('35', '87');
INSERT INTO `matriculas` (`aluno`, `disciplina`) VALUES ('35', '88');
INSERT INTO `matriculas` (`aluno`, `disciplina`) VALUES ('35', '89');
INSERT INTO `matriculas` (`aluno`, `disciplina`) VALUES ('36', '21');
INSERT INTO `matriculas` (`aluno`, `disciplina`) VALUES ('36', '30');
INSERT INTO `matriculas` (`aluno`, `disciplina`) VALUES ('36', '31');
INSERT INTO `matriculas` (`aluno`, `disciplina`) VALUES ('36', '32');
INSERT INTO `matriculas` (`aluno`, `disciplina`) VALUES ('36', '33');
INSERT INTO `matriculas` (`aluno`, `disciplina`) VALUES ('37', '1');
INSERT INTO `matriculas` (`aluno`, `disciplina`) VALUES ('37', '69');
INSERT INTO `matriculas` (`aluno`, `disciplina`) VALUES ('37', '70');
INSERT INTO `matriculas` (`aluno`, `disciplina`) VALUES ('38', '10');
INSERT INTO `matriculas` (`aluno`, `disciplina`) VALUES ('38', '11');
INSERT INTO `matriculas` (`aluno`, `disciplina`) VALUES ('38', '12');
INSERT INTO `matriculas` (`aluno`, `disciplina`) VALUES ('38', '13');
INSERT INTO `matriculas` (`aluno`, `disciplina`) VALUES ('38', '14');
INSERT INTO `matriculas` (`aluno`, `disciplina`) VALUES ('39', '39');
INSERT INTO `matriculas` (`aluno`, `disciplina`) VALUES ('40', '90');
INSERT INTO `matriculas` (`aluno`, `disciplina`) VALUES ('40', '91');
INSERT INTO `matriculas` (`aluno`, `disciplina`) VALUES ('40', '92');
INSERT INTO `matriculas` (`aluno`, `disciplina`) VALUES ('40', '93');
INSERT INTO `matriculas` (`aluno`, `disciplina`) VALUES ('40', '94');
INSERT INTO `matriculas` (`aluno`, `disciplina`) VALUES ('40', '95');
INSERT INTO `matriculas` (`aluno`, `disciplina`) VALUES ('41', '62');
INSERT INTO `matriculas` (`aluno`, `disciplina`) VALUES ('41', '63');
INSERT INTO `matriculas` (`aluno`, `disciplina`) VALUES ('41', '64');
INSERT INTO `matriculas` (`aluno`, `disciplina`) VALUES ('41', '65');
INSERT INTO `matriculas` (`aluno`, `disciplina`) VALUES ('41', '66');
INSERT INTO `matriculas` (`aluno`, `disciplina`) VALUES ('42', '36');
INSERT INTO `matriculas` (`aluno`, `disciplina`) VALUES ('42', '37');
INSERT INTO `matriculas` (`aluno`, `disciplina`) VALUES ('43', '1');
INSERT INTO `matriculas` (`aluno`, `disciplina`) VALUES ('43', '68');
INSERT INTO `matriculas` (`aluno`, `disciplina`) VALUES ('43', '69');
INSERT INTO `matriculas` (`aluno`, `disciplina`) VALUES ('43', '70');
INSERT INTO `matriculas` (`aluno`, `disciplina`) VALUES ('44', '21');
INSERT INTO `matriculas` (`aluno`, `disciplina`) VALUES ('44', '30');
INSERT INTO `matriculas` (`aluno`, `disciplina`) VALUES ('45', '1');
INSERT INTO `matriculas` (`aluno`, `disciplina`) VALUES ('45', '68');
INSERT INTO `matriculas` (`aluno`, `disciplina`) VALUES ('45', '70');
INSERT INTO `matriculas` (`aluno`, `disciplina`) VALUES ('46', '1');
INSERT INTO `matriculas` (`aluno`, `disciplina`) VALUES ('46', '68');
INSERT INTO `matriculas` (`aluno`, `disciplina`) VALUES ('46', '69');
INSERT INTO `matriculas` (`aluno`, `disciplina`) VALUES ('46', '70');
INSERT INTO `matriculas` (`aluno`, `disciplina`) VALUES ('47', '4');
INSERT INTO `matriculas` (`aluno`, `disciplina`) VALUES ('47', '5');
INSERT INTO `matriculas` (`aluno`, `disciplina`) VALUES ('47', '6');
INSERT INTO `matriculas` (`aluno`, `disciplina`) VALUES ('47', '7');
INSERT INTO `matriculas` (`aluno`, `disciplina`) VALUES ('47', '8');
INSERT INTO `matriculas` (`aluno`, `disciplina`) VALUES ('47', '9');
INSERT INTO `matriculas` (`aluno`, `disciplina`) VALUES ('48', '22');
INSERT INTO `matriculas` (`aluno`, `disciplina`) VALUES ('48', '78');
INSERT INTO `matriculas` (`aluno`, `disciplina`) VALUES ('48', '79');
INSERT INTO `matriculas` (`aluno`, `disciplina`) VALUES ('49', '22');
INSERT INTO `matriculas` (`aluno`, `disciplina`) VALUES ('49', '78');
INSERT INTO `matriculas` (`aluno`, `disciplina`) VALUES ('49', '79');
INSERT INTO `matriculas` (`aluno`, `disciplina`) VALUES ('50', '4');
INSERT INTO `matriculas` (`aluno`, `disciplina`) VALUES ('50', '5');
INSERT INTO `matriculas` (`aluno`, `disciplina`) VALUES ('50', '6');
INSERT INTO `matriculas` (`aluno`, `disciplina`) VALUES ('50', '7');
INSERT INTO `matriculas` (`aluno`, `disciplina`) VALUES ('50', '8');
INSERT INTO `matriculas` (`aluno`, `disciplina`) VALUES ('50', '9');
INSERT INTO `matriculas` (`aluno`, `disciplina`) VALUES ('51', '22');
INSERT INTO `matriculas` (`aluno`, `disciplina`) VALUES ('51', '78');
INSERT INTO `matriculas` (`aluno`, `disciplina`) VALUES ('51', '79');
INSERT INTO `matriculas` (`aluno`, `disciplina`) VALUES ('52', '1');
INSERT INTO `matriculas` (`aluno`, `disciplina`) VALUES ('52', '68');
INSERT INTO `matriculas` (`aluno`, `disciplina`) VALUES ('52', '69');
INSERT INTO `matriculas` (`aluno`, `disciplina`) VALUES ('52', '70');
INSERT INTO `matriculas` (`aluno`, `disciplina`) VALUES ('53', '22');
INSERT INTO `matriculas` (`aluno`, `disciplina`) VALUES ('53', '78');
INSERT INTO `matriculas` (`aluno`, `disciplina`) VALUES ('53', '79');
INSERT INTO `matriculas` (`aluno`, `disciplina`) VALUES ('54', '10');
INSERT INTO `matriculas` (`aluno`, `disciplina`) VALUES ('54', '11');
INSERT INTO `matriculas` (`aluno`, `disciplina`) VALUES ('54', '12');
INSERT INTO `matriculas` (`aluno`, `disciplina`) VALUES ('54', '13');
INSERT INTO `matriculas` (`aluno`, `disciplina`) VALUES ('54', '14');
INSERT INTO `matriculas` (`aluno`, `disciplina`) VALUES ('55', '22');
INSERT INTO `matriculas` (`aluno`, `disciplina`) VALUES ('55', '78');
INSERT INTO `matriculas` (`aluno`, `disciplina`) VALUES ('55', '79');
INSERT INTO `matriculas` (`aluno`, `disciplina`) VALUES ('56', '22');
INSERT INTO `matriculas` (`aluno`, `disciplina`) VALUES ('56', '78');
INSERT INTO `matriculas` (`aluno`, `disciplina`) VALUES ('56', '79');
INSERT INTO `matriculas` (`aluno`, `disciplina`) VALUES ('57', '4');
INSERT INTO `matriculas` (`aluno`, `disciplina`) VALUES ('57', '5');
INSERT INTO `matriculas` (`aluno`, `disciplina`) VALUES ('57', '6');
INSERT INTO `matriculas` (`aluno`, `disciplina`) VALUES ('57', '7');
INSERT INTO `matriculas` (`aluno`, `disciplina`) VALUES ('57', '8');
INSERT INTO `matriculas` (`aluno`, `disciplina`) VALUES ('57', '9');
INSERT INTO `matriculas` (`aluno`, `disciplina`) VALUES ('58', '4');
INSERT INTO `matriculas` (`aluno`, `disciplina`) VALUES ('58', '5');
INSERT INTO `matriculas` (`aluno`, `disciplina`) VALUES ('58', '6');
INSERT INTO `matriculas` (`aluno`, `disciplina`) VALUES ('58', '7');
INSERT INTO `matriculas` (`aluno`, `disciplina`) VALUES ('58', '8');
INSERT INTO `matriculas` (`aluno`, `disciplina`) VALUES ('58', '9');
INSERT INTO `matriculas` (`aluno`, `disciplina`) VALUES ('59', '22');
INSERT INTO `matriculas` (`aluno`, `disciplina`) VALUES ('59', '78');
INSERT INTO `matriculas` (`aluno`, `disciplina`) VALUES ('59', '79');
INSERT INTO `matriculas` (`aluno`, `disciplina`) VALUES ('60', '4');
INSERT INTO `matriculas` (`aluno`, `disciplina`) VALUES ('60', '5');
INSERT INTO `matriculas` (`aluno`, `disciplina`) VALUES ('60', '6');
INSERT INTO `matriculas` (`aluno`, `disciplina`) VALUES ('60', '7');
INSERT INTO `matriculas` (`aluno`, `disciplina`) VALUES ('60', '8');
INSERT INTO `matriculas` (`aluno`, `disciplina`) VALUES ('60', '9');
INSERT INTO `matriculas` (`aluno`, `disciplina`) VALUES ('61', '1');
INSERT INTO `matriculas` (`aluno`, `disciplina`) VALUES ('61', '68');
INSERT INTO `matriculas` (`aluno`, `disciplina`) VALUES ('61', '69');
INSERT INTO `matriculas` (`aluno`, `disciplina`) VALUES ('61', '70');
INSERT INTO `matriculas` (`aluno`, `disciplina`) VALUES ('62', '1');
INSERT INTO `matriculas` (`aluno`, `disciplina`) VALUES ('62', '68');
INSERT INTO `matriculas` (`aluno`, `disciplina`) VALUES ('62', '69');
INSERT INTO `matriculas` (`aluno`, `disciplina`) VALUES ('62', '70');
INSERT INTO `matriculas` (`aluno`, `disciplina`) VALUES ('63', '1');
INSERT INTO `matriculas` (`aluno`, `disciplina`) VALUES ('63', '68');
INSERT INTO `matriculas` (`aluno`, `disciplina`) VALUES ('63', '70');
INSERT INTO `matriculas` (`aluno`, `disciplina`) VALUES ('64', '4');
INSERT INTO `matriculas` (`aluno`, `disciplina`) VALUES ('64', '5');
INSERT INTO `matriculas` (`aluno`, `disciplina`) VALUES ('64', '6');
INSERT INTO `matriculas` (`aluno`, `disciplina`) VALUES ('64', '7');
INSERT INTO `matriculas` (`aluno`, `disciplina`) VALUES ('64', '8');
INSERT INTO `matriculas` (`aluno`, `disciplina`) VALUES ('64', '9');
INSERT INTO `matriculas` (`aluno`, `disciplina`) VALUES ('65', '1');
INSERT INTO `matriculas` (`aluno`, `disciplina`) VALUES ('65', '68');
INSERT INTO `matriculas` (`aluno`, `disciplina`) VALUES ('65', '69');
INSERT INTO `matriculas` (`aluno`, `disciplina`) VALUES ('65', '70');
INSERT INTO `matriculas` (`aluno`, `disciplina`) VALUES ('66', '10');
INSERT INTO `matriculas` (`aluno`, `disciplina`) VALUES ('66', '11');
INSERT INTO `matriculas` (`aluno`, `disciplina`) VALUES ('66', '12');
INSERT INTO `matriculas` (`aluno`, `disciplina`) VALUES ('66', '13');
INSERT INTO `matriculas` (`aluno`, `disciplina`) VALUES ('66', '14');
INSERT INTO `matriculas` (`aluno`, `disciplina`) VALUES ('67', '4');
INSERT INTO `matriculas` (`aluno`, `disciplina`) VALUES ('67', '5');
INSERT INTO `matriculas` (`aluno`, `disciplina`) VALUES ('67', '6');
INSERT INTO `matriculas` (`aluno`, `disciplina`) VALUES ('67', '7');
INSERT INTO `matriculas` (`aluno`, `disciplina`) VALUES ('67', '8');
INSERT INTO `matriculas` (`aluno`, `disciplina`) VALUES ('67', '9');
INSERT INTO `matriculas` (`aluno`, `disciplina`) VALUES ('68', '1');
INSERT INTO `matriculas` (`aluno`, `disciplina`) VALUES ('68', '68');
INSERT INTO `matriculas` (`aluno`, `disciplina`) VALUES ('68', '69');
INSERT INTO `matriculas` (`aluno`, `disciplina`) VALUES ('68', '70');
INSERT INTO `matriculas` (`aluno`, `disciplina`) VALUES ('69', '1');
INSERT INTO `matriculas` (`aluno`, `disciplina`) VALUES ('69', '40');
INSERT INTO `matriculas` (`aluno`, `disciplina`) VALUES ('69', '68');
INSERT INTO `matriculas` (`aluno`, `disciplina`) VALUES ('69', '69');
INSERT INTO `matriculas` (`aluno`, `disciplina`) VALUES ('70', '1');
INSERT INTO `matriculas` (`aluno`, `disciplina`) VALUES ('70', '68');
INSERT INTO `matriculas` (`aluno`, `disciplina`) VALUES ('70', '69');
INSERT INTO `matriculas` (`aluno`, `disciplina`) VALUES ('70', '70');
INSERT INTO `matriculas` (`aluno`, `disciplina`) VALUES ('71', '4');
INSERT INTO `matriculas` (`aluno`, `disciplina`) VALUES ('71', '5');
INSERT INTO `matriculas` (`aluno`, `disciplina`) VALUES ('71', '6');
INSERT INTO `matriculas` (`aluno`, `disciplina`) VALUES ('71', '7');
INSERT INTO `matriculas` (`aluno`, `disciplina`) VALUES ('71', '8');
INSERT INTO `matriculas` (`aluno`, `disciplina`) VALUES ('71', '9');
INSERT INTO `matriculas` (`aluno`, `disciplina`) VALUES ('72', '10');
INSERT INTO `matriculas` (`aluno`, `disciplina`) VALUES ('72', '11');
INSERT INTO `matriculas` (`aluno`, `disciplina`) VALUES ('72', '12');
INSERT INTO `matriculas` (`aluno`, `disciplina`) VALUES ('72', '13');
INSERT INTO `matriculas` (`aluno`, `disciplina`) VALUES ('72', '14');
INSERT INTO `matriculas` (`aluno`, `disciplina`) VALUES ('73', '36');
INSERT INTO `matriculas` (`aluno`, `disciplina`) VALUES ('73', '37');
INSERT INTO `matriculas` (`aluno`, `disciplina`) VALUES ('73', '96');
INSERT INTO `matriculas` (`aluno`, `disciplina`) VALUES ('74', '10');
INSERT INTO `matriculas` (`aluno`, `disciplina`) VALUES ('74', '11');
INSERT INTO `matriculas` (`aluno`, `disciplina`) VALUES ('74', '12');
INSERT INTO `matriculas` (`aluno`, `disciplina`) VALUES ('74', '13');
INSERT INTO `matriculas` (`aluno`, `disciplina`) VALUES ('74', '14');
INSERT INTO `matriculas` (`aluno`, `disciplina`) VALUES ('75', '4');
INSERT INTO `matriculas` (`aluno`, `disciplina`) VALUES ('75', '5');
INSERT INTO `matriculas` (`aluno`, `disciplina`) VALUES ('75', '6');
INSERT INTO `matriculas` (`aluno`, `disciplina`) VALUES ('75', '7');
INSERT INTO `matriculas` (`aluno`, `disciplina`) VALUES ('75', '8');
INSERT INTO `matriculas` (`aluno`, `disciplina`) VALUES ('75', '9');
INSERT INTO `matriculas` (`aluno`, `disciplina`) VALUES ('76', '10');
INSERT INTO `matriculas` (`aluno`, `disciplina`) VALUES ('76', '11');
INSERT INTO `matriculas` (`aluno`, `disciplina`) VALUES ('76', '12');
INSERT INTO `matriculas` (`aluno`, `disciplina`) VALUES ('76', '13');
INSERT INTO `matriculas` (`aluno`, `disciplina`) VALUES ('76', '14');
INSERT INTO `matriculas` (`aluno`, `disciplina`) VALUES ('77', '10');
INSERT INTO `matriculas` (`aluno`, `disciplina`) VALUES ('77', '11');
INSERT INTO `matriculas` (`aluno`, `disciplina`) VALUES ('77', '12');
INSERT INTO `matriculas` (`aluno`, `disciplina`) VALUES ('77', '13');
INSERT INTO `matriculas` (`aluno`, `disciplina`) VALUES ('77', '14');
INSERT INTO `matriculas` (`aluno`, `disciplina`) VALUES ('78', '4');
INSERT INTO `matriculas` (`aluno`, `disciplina`) VALUES ('78', '5');
INSERT INTO `matriculas` (`aluno`, `disciplina`) VALUES ('78', '6');
INSERT INTO `matriculas` (`aluno`, `disciplina`) VALUES ('78', '8');
INSERT INTO `matriculas` (`aluno`, `disciplina`) VALUES ('78', '9');
INSERT INTO `matriculas` (`aluno`, `disciplina`) VALUES ('79', '10');
INSERT INTO `matriculas` (`aluno`, `disciplina`) VALUES ('79', '11');
INSERT INTO `matriculas` (`aluno`, `disciplina`) VALUES ('79', '12');
INSERT INTO `matriculas` (`aluno`, `disciplina`) VALUES ('79', '13');
INSERT INTO `matriculas` (`aluno`, `disciplina`) VALUES ('79', '14');
INSERT INTO `matriculas` (`aluno`, `disciplina`) VALUES ('80', '4');
INSERT INTO `matriculas` (`aluno`, `disciplina`) VALUES ('80', '5');
INSERT INTO `matriculas` (`aluno`, `disciplina`) VALUES ('80', '6');
INSERT INTO `matriculas` (`aluno`, `disciplina`) VALUES ('80', '7');
INSERT INTO `matriculas` (`aluno`, `disciplina`) VALUES ('80', '8');
INSERT INTO `matriculas` (`aluno`, `disciplina`) VALUES ('80', '9');
INSERT INTO `matriculas` (`aluno`, `disciplina`) VALUES ('81', '10');
INSERT INTO `matriculas` (`aluno`, `disciplina`) VALUES ('81', '11');
INSERT INTO `matriculas` (`aluno`, `disciplina`) VALUES ('81', '12');
INSERT INTO `matriculas` (`aluno`, `disciplina`) VALUES ('81', '13');
INSERT INTO `matriculas` (`aluno`, `disciplina`) VALUES ('81', '14');
INSERT INTO `matriculas` (`aluno`, `disciplina`) VALUES ('82', '4');
INSERT INTO `matriculas` (`aluno`, `disciplina`) VALUES ('82', '5');
INSERT INTO `matriculas` (`aluno`, `disciplina`) VALUES ('82', '6');
INSERT INTO `matriculas` (`aluno`, `disciplina`) VALUES ('82', '7');
INSERT INTO `matriculas` (`aluno`, `disciplina`) VALUES ('82', '8');
INSERT INTO `matriculas` (`aluno`, `disciplina`) VALUES ('82', '9');
INSERT INTO `matriculas` (`aluno`, `disciplina`) VALUES ('83', '21');
INSERT INTO `matriculas` (`aluno`, `disciplina`) VALUES ('83', '30');
INSERT INTO `matriculas` (`aluno`, `disciplina`) VALUES ('83', '31');
INSERT INTO `matriculas` (`aluno`, `disciplina`) VALUES ('83', '32');
INSERT INTO `matriculas` (`aluno`, `disciplina`) VALUES ('83', '33');
INSERT INTO `matriculas` (`aluno`, `disciplina`) VALUES ('84', '21');
INSERT INTO `matriculas` (`aluno`, `disciplina`) VALUES ('84', '30');
INSERT INTO `matriculas` (`aluno`, `disciplina`) VALUES ('84', '31');
INSERT INTO `matriculas` (`aluno`, `disciplina`) VALUES ('84', '32');
INSERT INTO `matriculas` (`aluno`, `disciplina`) VALUES ('84', '33');
INSERT INTO `matriculas` (`aluno`, `disciplina`) VALUES ('85', '4');
INSERT INTO `matriculas` (`aluno`, `disciplina`) VALUES ('85', '5');
INSERT INTO `matriculas` (`aluno`, `disciplina`) VALUES ('85', '6');
INSERT INTO `matriculas` (`aluno`, `disciplina`) VALUES ('85', '7');
INSERT INTO `matriculas` (`aluno`, `disciplina`) VALUES ('85', '8');
INSERT INTO `matriculas` (`aluno`, `disciplina`) VALUES ('85', '9');
INSERT INTO `matriculas` (`aluno`, `disciplina`) VALUES ('86', '10');
INSERT INTO `matriculas` (`aluno`, `disciplina`) VALUES ('86', '11');
INSERT INTO `matriculas` (`aluno`, `disciplina`) VALUES ('86', '12');
INSERT INTO `matriculas` (`aluno`, `disciplina`) VALUES ('86', '13');
INSERT INTO `matriculas` (`aluno`, `disciplina`) VALUES ('86', '14');
INSERT INTO `matriculas` (`aluno`, `disciplina`) VALUES ('87', '4');
INSERT INTO `matriculas` (`aluno`, `disciplina`) VALUES ('87', '5');
INSERT INTO `matriculas` (`aluno`, `disciplina`) VALUES ('87', '6');
INSERT INTO `matriculas` (`aluno`, `disciplina`) VALUES ('87', '7');
INSERT INTO `matriculas` (`aluno`, `disciplina`) VALUES ('87', '8');
INSERT INTO `matriculas` (`aluno`, `disciplina`) VALUES ('87', '9');
INSERT INTO `matriculas` (`aluno`, `disciplina`) VALUES ('88', '22');
INSERT INTO `matriculas` (`aluno`, `disciplina`) VALUES ('88', '78');
INSERT INTO `matriculas` (`aluno`, `disciplina`) VALUES ('88', '79');
INSERT INTO `matriculas` (`aluno`, `disciplina`) VALUES ('89', '10');
INSERT INTO `matriculas` (`aluno`, `disciplina`) VALUES ('89', '11');
INSERT INTO `matriculas` (`aluno`, `disciplina`) VALUES ('89', '12');
INSERT INTO `matriculas` (`aluno`, `disciplina`) VALUES ('89', '13');
INSERT INTO `matriculas` (`aluno`, `disciplina`) VALUES ('89', '14');
INSERT INTO `matriculas` (`aluno`, `disciplina`) VALUES ('90', '4');
INSERT INTO `matriculas` (`aluno`, `disciplina`) VALUES ('90', '5');
INSERT INTO `matriculas` (`aluno`, `disciplina`) VALUES ('90', '6');
INSERT INTO `matriculas` (`aluno`, `disciplina`) VALUES ('90', '7');
INSERT INTO `matriculas` (`aluno`, `disciplina`) VALUES ('90', '8');
INSERT INTO `matriculas` (`aluno`, `disciplina`) VALUES ('90', '9');
INSERT INTO `matriculas` (`aluno`, `disciplina`) VALUES ('91', '10');
INSERT INTO `matriculas` (`aluno`, `disciplina`) VALUES ('91', '12');
INSERT INTO `matriculas` (`aluno`, `disciplina`) VALUES ('91', '14');
INSERT INTO `matriculas` (`aluno`, `disciplina`) VALUES ('91', '29');
INSERT INTO `matriculas` (`aluno`, `disciplina`) VALUES ('91', '97');
INSERT INTO `matriculas` (`aluno`, `disciplina`) VALUES ('91', '98');
INSERT INTO `matriculas` (`aluno`, `disciplina`) VALUES ('92', '51');
INSERT INTO `matriculas` (`aluno`, `disciplina`) VALUES ('92', '99');
INSERT INTO `matriculas` (`aluno`, `disciplina`) VALUES ('93', '1');
INSERT INTO `matriculas` (`aluno`, `disciplina`) VALUES ('93', '68');
INSERT INTO `matriculas` (`aluno`, `disciplina`) VALUES ('93', '69');
INSERT INTO `matriculas` (`aluno`, `disciplina`) VALUES ('93', '70');
INSERT INTO `matriculas` (`aluno`, `disciplina`) VALUES ('94', '70');
INSERT INTO `matriculas` (`aluno`, `disciplina`) VALUES ('95', '39');
INSERT INTO `matriculas` (`aluno`, `disciplina`) VALUES ('96', '75');
INSERT INTO `matriculas` (`aluno`, `disciplina`) VALUES ('96', '76');
INSERT INTO `matriculas` (`aluno`, `disciplina`) VALUES ('96', '77');
INSERT INTO `matriculas` (`aluno`, `disciplina`) VALUES ('97', '4');
INSERT INTO `matriculas` (`aluno`, `disciplina`) VALUES ('97', '5');
INSERT INTO `matriculas` (`aluno`, `disciplina`) VALUES ('97', '6');
INSERT INTO `matriculas` (`aluno`, `disciplina`) VALUES ('97', '7');
INSERT INTO `matriculas` (`aluno`, `disciplina`) VALUES ('97', '9');
INSERT INTO `matriculas` (`aluno`, `disciplina`) VALUES ('97', '84');
INSERT INTO `matriculas` (`aluno`, `disciplina`) VALUES ('98', '4');
INSERT INTO `matriculas` (`aluno`, `disciplina`) VALUES ('98', '5');
INSERT INTO `matriculas` (`aluno`, `disciplina`) VALUES ('98', '6');
INSERT INTO `matriculas` (`aluno`, `disciplina`) VALUES ('98', '7');
INSERT INTO `matriculas` (`aluno`, `disciplina`) VALUES ('98', '8');
INSERT INTO `matriculas` (`aluno`, `disciplina`) VALUES ('98', '101');
INSERT INTO `matriculas` (`aluno`, `disciplina`) VALUES ('99', '22');
INSERT INTO `matriculas` (`aluno`, `disciplina`) VALUES ('99', '78');
INSERT INTO `matriculas` (`aluno`, `disciplina`) VALUES ('99', '79');
INSERT INTO `matriculas` (`aluno`, `disciplina`) VALUES ('100', '22');
INSERT INTO `matriculas` (`aluno`, `disciplina`) VALUES ('100', '78');
INSERT INTO `matriculas` (`aluno`, `disciplina`) VALUES ('100', '79');
INSERT INTO `matriculas` (`aluno`, `disciplina`) VALUES ('101', '22');
INSERT INTO `matriculas` (`aluno`, `disciplina`) VALUES ('101', '78');
INSERT INTO `matriculas` (`aluno`, `disciplina`) VALUES ('101', '79');
INSERT INTO `matriculas` (`aluno`, `disciplina`) VALUES ('102', '10');
INSERT INTO `matriculas` (`aluno`, `disciplina`) VALUES ('102', '11');
INSERT INTO `matriculas` (`aluno`, `disciplina`) VALUES ('102', '12');
INSERT INTO `matriculas` (`aluno`, `disciplina`) VALUES ('102', '13');
INSERT INTO `matriculas` (`aluno`, `disciplina`) VALUES ('102', '14');
INSERT INTO `matriculas` (`aluno`, `disciplina`) VALUES ('103', '1');
INSERT INTO `matriculas` (`aluno`, `disciplina`) VALUES ('103', '68');
INSERT INTO `matriculas` (`aluno`, `disciplina`) VALUES ('103', '69');
INSERT INTO `matriculas` (`aluno`, `disciplina`) VALUES ('103', '70');
INSERT INTO `matriculas` (`aluno`, `disciplina`) VALUES ('104', '1');
INSERT INTO `matriculas` (`aluno`, `disciplina`) VALUES ('104', '68');
INSERT INTO `matriculas` (`aluno`, `disciplina`) VALUES ('104', '70');
INSERT INTO `matriculas` (`aluno`, `disciplina`) VALUES ('105', '39');
INSERT INTO `matriculas` (`aluno`, `disciplina`) VALUES ('106', '1');
INSERT INTO `matriculas` (`aluno`, `disciplina`) VALUES ('106', '68');
INSERT INTO `matriculas` (`aluno`, `disciplina`) VALUES ('106', '69');
INSERT INTO `matriculas` (`aluno`, `disciplina`) VALUES ('106', '70');
INSERT INTO `matriculas` (`aluno`, `disciplina`) VALUES ('107', '22');
INSERT INTO `matriculas` (`aluno`, `disciplina`) VALUES ('107', '78');
INSERT INTO `matriculas` (`aluno`, `disciplina`) VALUES ('107', '79');
INSERT INTO `matriculas` (`aluno`, `disciplina`) VALUES ('108', '10');
INSERT INTO `matriculas` (`aluno`, `disciplina`) VALUES ('108', '12');
INSERT INTO `matriculas` (`aluno`, `disciplina`) VALUES ('108', '14');
INSERT INTO `matriculas` (`aluno`, `disciplina`) VALUES ('108', '29');
INSERT INTO `matriculas` (`aluno`, `disciplina`) VALUES ('108', '97');
INSERT INTO `matriculas` (`aluno`, `disciplina`) VALUES ('108', '98');
INSERT INTO `matriculas` (`aluno`, `disciplina`) VALUES ('109', '10');
INSERT INTO `matriculas` (`aluno`, `disciplina`) VALUES ('109', '11');
INSERT INTO `matriculas` (`aluno`, `disciplina`) VALUES ('109', '12');
INSERT INTO `matriculas` (`aluno`, `disciplina`) VALUES ('109', '13');
INSERT INTO `matriculas` (`aluno`, `disciplina`) VALUES ('109', '14');
INSERT INTO `matriculas` (`aluno`, `disciplina`) VALUES ('110', '1');
INSERT INTO `matriculas` (`aluno`, `disciplina`) VALUES ('110', '2');
INSERT INTO `matriculas` (`aluno`, `disciplina`) VALUES ('110', '34');
INSERT INTO `matriculas` (`aluno`, `disciplina`) VALUES ('110', '67');
INSERT INTO `matriculas` (`aluno`, `disciplina`) VALUES ('111', '10');
INSERT INTO `matriculas` (`aluno`, `disciplina`) VALUES ('111', '11');
INSERT INTO `matriculas` (`aluno`, `disciplina`) VALUES ('111', '12');
INSERT INTO `matriculas` (`aluno`, `disciplina`) VALUES ('111', '13');
INSERT INTO `matriculas` (`aluno`, `disciplina`) VALUES ('111', '14');
INSERT INTO `matriculas` (`aluno`, `disciplina`) VALUES ('112', '44');
INSERT INTO `matriculas` (`aluno`, `disciplina`) VALUES ('112', '82');
INSERT INTO `matriculas` (`aluno`, `disciplina`) VALUES ('112', '83');
INSERT INTO `matriculas` (`aluno`, `disciplina`) VALUES ('113', '73');
INSERT INTO `matriculas` (`aluno`, `disciplina`) VALUES ('113', '74');
INSERT INTO `matriculas` (`aluno`, `disciplina`) VALUES ('113', '76');
INSERT INTO `matriculas` (`aluno`, `disciplina`) VALUES ('114', '4');
INSERT INTO `matriculas` (`aluno`, `disciplina`) VALUES ('114', '5');
INSERT INTO `matriculas` (`aluno`, `disciplina`) VALUES ('114', '6');
INSERT INTO `matriculas` (`aluno`, `disciplina`) VALUES ('114', '7');
INSERT INTO `matriculas` (`aluno`, `disciplina`) VALUES ('114', '8');
INSERT INTO `matriculas` (`aluno`, `disciplina`) VALUES ('114', '9');
INSERT INTO `matriculas` (`aluno`, `disciplina`) VALUES ('115', '39');
INSERT INTO `matriculas` (`aluno`, `disciplina`) VALUES ('115', '53');
INSERT INTO `matriculas` (`aluno`, `disciplina`) VALUES ('115', '54');
INSERT INTO `matriculas` (`aluno`, `disciplina`) VALUES ('115', '55');
INSERT INTO `matriculas` (`aluno`, `disciplina`) VALUES ('116', '55');
INSERT INTO `matriculas` (`aluno`, `disciplina`) VALUES ('117', '4');
INSERT INTO `matriculas` (`aluno`, `disciplina`) VALUES ('117', '5');
INSERT INTO `matriculas` (`aluno`, `disciplina`) VALUES ('117', '6');
INSERT INTO `matriculas` (`aluno`, `disciplina`) VALUES ('117', '7');
INSERT INTO `matriculas` (`aluno`, `disciplina`) VALUES ('117', '8');
INSERT INTO `matriculas` (`aluno`, `disciplina`) VALUES ('117', '9');
INSERT INTO `matriculas` (`aluno`, `disciplina`) VALUES ('117', '85');
INSERT INTO `matriculas` (`aluno`, `disciplina`) VALUES ('118', '4');
INSERT INTO `matriculas` (`aluno`, `disciplina`) VALUES ('118', '5');
INSERT INTO `matriculas` (`aluno`, `disciplina`) VALUES ('118', '6');
INSERT INTO `matriculas` (`aluno`, `disciplina`) VALUES ('118', '7');
INSERT INTO `matriculas` (`aluno`, `disciplina`) VALUES ('118', '8');
INSERT INTO `matriculas` (`aluno`, `disciplina`) VALUES ('118', '9');
INSERT INTO `matriculas` (`aluno`, `disciplina`) VALUES ('118', '91');
INSERT INTO `matriculas` (`aluno`, `disciplina`) VALUES ('119', '2');
INSERT INTO `matriculas` (`aluno`, `disciplina`) VALUES ('119', '3');
INSERT INTO `matriculas` (`aluno`, `disciplina`) VALUES ('119', '34');
INSERT INTO `matriculas` (`aluno`, `disciplina`) VALUES ('119', '35');
INSERT INTO `matriculas` (`aluno`, `disciplina`) VALUES ('119', '38');
INSERT INTO `matriculas` (`aluno`, `disciplina`) VALUES ('120', '4');
INSERT INTO `matriculas` (`aluno`, `disciplina`) VALUES ('120', '5');
INSERT INTO `matriculas` (`aluno`, `disciplina`) VALUES ('120', '6');
INSERT INTO `matriculas` (`aluno`, `disciplina`) VALUES ('120', '7');
INSERT INTO `matriculas` (`aluno`, `disciplina`) VALUES ('120', '8');
INSERT INTO `matriculas` (`aluno`, `disciplina`) VALUES ('120', '9');
INSERT INTO `matriculas` (`aluno`, `disciplina`) VALUES ('120', '85');
INSERT INTO `matriculas` (`aluno`, `disciplina`) VALUES ('121', '1');
INSERT INTO `matriculas` (`aluno`, `disciplina`) VALUES ('121', '68');
INSERT INTO `matriculas` (`aluno`, `disciplina`) VALUES ('121', '69');
INSERT INTO `matriculas` (`aluno`, `disciplina`) VALUES ('121', '70');
INSERT INTO `matriculas` (`aluno`, `disciplina`) VALUES ('122', '4');
INSERT INTO `matriculas` (`aluno`, `disciplina`) VALUES ('122', '5');
INSERT INTO `matriculas` (`aluno`, `disciplina`) VALUES ('122', '6');
INSERT INTO `matriculas` (`aluno`, `disciplina`) VALUES ('122', '7');
INSERT INTO `matriculas` (`aluno`, `disciplina`) VALUES ('122', '8');
INSERT INTO `matriculas` (`aluno`, `disciplina`) VALUES ('122', '9');
INSERT INTO `matriculas` (`aluno`, `disciplina`) VALUES ('122', '85');
INSERT INTO `matriculas` (`aluno`, `disciplina`) VALUES ('123', '4');
INSERT INTO `matriculas` (`aluno`, `disciplina`) VALUES ('123', '5');
INSERT INTO `matriculas` (`aluno`, `disciplina`) VALUES ('123', '6');
INSERT INTO `matriculas` (`aluno`, `disciplina`) VALUES ('123', '7');
INSERT INTO `matriculas` (`aluno`, `disciplina`) VALUES ('123', '8');
INSERT INTO `matriculas` (`aluno`, `disciplina`) VALUES ('123', '9');
INSERT INTO `matriculas` (`aluno`, `disciplina`) VALUES ('124', '21');
INSERT INTO `matriculas` (`aluno`, `disciplina`) VALUES ('124', '30');
INSERT INTO `matriculas` (`aluno`, `disciplina`) VALUES ('124', '31');
INSERT INTO `matriculas` (`aluno`, `disciplina`) VALUES ('124', '32');
INSERT INTO `matriculas` (`aluno`, `disciplina`) VALUES ('124', '33');
INSERT INTO `matriculas` (`aluno`, `disciplina`) VALUES ('125', '6');
INSERT INTO `matriculas` (`aluno`, `disciplina`) VALUES ('125', '8');
INSERT INTO `matriculas` (`aluno`, `disciplina`) VALUES ('125', '44');
INSERT INTO `matriculas` (`aluno`, `disciplina`) VALUES ('125', '90');
INSERT INTO `matriculas` (`aluno`, `disciplina`) VALUES ('125', '91');
INSERT INTO `matriculas` (`aluno`, `disciplina`) VALUES ('125', '93');
INSERT INTO `matriculas` (`aluno`, `disciplina`) VALUES ('125', '94');
INSERT INTO `matriculas` (`aluno`, `disciplina`) VALUES ('125', '95');
INSERT INTO `matriculas` (`aluno`, `disciplina`) VALUES ('126', '90');
INSERT INTO `matriculas` (`aluno`, `disciplina`) VALUES ('126', '91');
INSERT INTO `matriculas` (`aluno`, `disciplina`) VALUES ('126', '92');
INSERT INTO `matriculas` (`aluno`, `disciplina`) VALUES ('126', '93');
INSERT INTO `matriculas` (`aluno`, `disciplina`) VALUES ('126', '94');
INSERT INTO `matriculas` (`aluno`, `disciplina`) VALUES ('126', '95');
INSERT INTO `matriculas` (`aluno`, `disciplina`) VALUES ('127', '21');
INSERT INTO `matriculas` (`aluno`, `disciplina`) VALUES ('127', '30');
INSERT INTO `matriculas` (`aluno`, `disciplina`) VALUES ('127', '31');
INSERT INTO `matriculas` (`aluno`, `disciplina`) VALUES ('127', '32');
INSERT INTO `matriculas` (`aluno`, `disciplina`) VALUES ('127', '33');
INSERT INTO `matriculas` (`aluno`, `disciplina`) VALUES ('128', '86');
INSERT INTO `matriculas` (`aluno`, `disciplina`) VALUES ('128', '87');
INSERT INTO `matriculas` (`aluno`, `disciplina`) VALUES ('128', '88');
INSERT INTO `matriculas` (`aluno`, `disciplina`) VALUES ('128', '89');
INSERT INTO `matriculas` (`aluno`, `disciplina`) VALUES ('129', '21');
INSERT INTO `matriculas` (`aluno`, `disciplina`) VALUES ('129', '30');
INSERT INTO `matriculas` (`aluno`, `disciplina`) VALUES ('129', '31');
INSERT INTO `matriculas` (`aluno`, `disciplina`) VALUES ('129', '32');
INSERT INTO `matriculas` (`aluno`, `disciplina`) VALUES ('129', '33');
INSERT INTO `matriculas` (`aluno`, `disciplina`) VALUES ('130', '13');
INSERT INTO `matriculas` (`aluno`, `disciplina`) VALUES ('130', '15');
INSERT INTO `matriculas` (`aluno`, `disciplina`) VALUES ('130', '16');
INSERT INTO `matriculas` (`aluno`, `disciplina`) VALUES ('130', '17');
INSERT INTO `matriculas` (`aluno`, `disciplina`) VALUES ('130', '18');
INSERT INTO `matriculas` (`aluno`, `disciplina`) VALUES ('130', '19');
INSERT INTO `matriculas` (`aluno`, `disciplina`) VALUES ('131', '90');
INSERT INTO `matriculas` (`aluno`, `disciplina`) VALUES ('131', '91');
INSERT INTO `matriculas` (`aluno`, `disciplina`) VALUES ('131', '92');
INSERT INTO `matriculas` (`aluno`, `disciplina`) VALUES ('131', '93');
INSERT INTO `matriculas` (`aluno`, `disciplina`) VALUES ('131', '94');
INSERT INTO `matriculas` (`aluno`, `disciplina`) VALUES ('131', '95');
INSERT INTO `matriculas` (`aluno`, `disciplina`) VALUES ('132', '21');
INSERT INTO `matriculas` (`aluno`, `disciplina`) VALUES ('132', '30');
INSERT INTO `matriculas` (`aluno`, `disciplina`) VALUES ('132', '31');
INSERT INTO `matriculas` (`aluno`, `disciplina`) VALUES ('132', '32');
INSERT INTO `matriculas` (`aluno`, `disciplina`) VALUES ('132', '33');
INSERT INTO `matriculas` (`aluno`, `disciplina`) VALUES ('133', '2');
INSERT INTO `matriculas` (`aluno`, `disciplina`) VALUES ('133', '3');
INSERT INTO `matriculas` (`aluno`, `disciplina`) VALUES ('133', '34');
INSERT INTO `matriculas` (`aluno`, `disciplina`) VALUES ('133', '35');
INSERT INTO `matriculas` (`aluno`, `disciplina`) VALUES ('133', '38');
INSERT INTO `matriculas` (`aluno`, `disciplina`) VALUES ('134', '39');
INSERT INTO `matriculas` (`aluno`, `disciplina`) VALUES ('134', '53');
INSERT INTO `matriculas` (`aluno`, `disciplina`) VALUES ('134', '54');
INSERT INTO `matriculas` (`aluno`, `disciplina`) VALUES ('134', '55');
INSERT INTO `matriculas` (`aluno`, `disciplina`) VALUES ('135', '13');
INSERT INTO `matriculas` (`aluno`, `disciplina`) VALUES ('135', '15');
INSERT INTO `matriculas` (`aluno`, `disciplina`) VALUES ('135', '16');
INSERT INTO `matriculas` (`aluno`, `disciplina`) VALUES ('135', '17');
INSERT INTO `matriculas` (`aluno`, `disciplina`) VALUES ('135', '18');
INSERT INTO `matriculas` (`aluno`, `disciplina`) VALUES ('135', '19');
INSERT INTO `matriculas` (`aluno`, `disciplina`) VALUES ('136', '90');
INSERT INTO `matriculas` (`aluno`, `disciplina`) VALUES ('136', '91');
INSERT INTO `matriculas` (`aluno`, `disciplina`) VALUES ('136', '92');
INSERT INTO `matriculas` (`aluno`, `disciplina`) VALUES ('136', '93');
INSERT INTO `matriculas` (`aluno`, `disciplina`) VALUES ('136', '94');
INSERT INTO `matriculas` (`aluno`, `disciplina`) VALUES ('136', '95');
INSERT INTO `matriculas` (`aluno`, `disciplina`) VALUES ('137', '74');
INSERT INTO `matriculas` (`aluno`, `disciplina`) VALUES ('137', '75');
INSERT INTO `matriculas` (`aluno`, `disciplina`) VALUES ('137', '76');
INSERT INTO `matriculas` (`aluno`, `disciplina`) VALUES ('137', '103');
INSERT INTO `matriculas` (`aluno`, `disciplina`) VALUES ('137', '104');
INSERT INTO `matriculas` (`aluno`, `disciplina`) VALUES ('138', '90');
INSERT INTO `matriculas` (`aluno`, `disciplina`) VALUES ('138', '91');
INSERT INTO `matriculas` (`aluno`, `disciplina`) VALUES ('138', '92');
INSERT INTO `matriculas` (`aluno`, `disciplina`) VALUES ('138', '93');
INSERT INTO `matriculas` (`aluno`, `disciplina`) VALUES ('138', '94');
INSERT INTO `matriculas` (`aluno`, `disciplina`) VALUES ('138', '95');
INSERT INTO `matriculas` (`aluno`, `disciplina`) VALUES ('139', '2');
INSERT INTO `matriculas` (`aluno`, `disciplina`) VALUES ('139', '34');
INSERT INTO `matriculas` (`aluno`, `disciplina`) VALUES ('139', '35');
INSERT INTO `matriculas` (`aluno`, `disciplina`) VALUES ('139', '38');
INSERT INTO `matriculas` (`aluno`, `disciplina`) VALUES ('139', '69');
INSERT INTO `matriculas` (`aluno`, `disciplina`) VALUES ('140', '13');
INSERT INTO `matriculas` (`aluno`, `disciplina`) VALUES ('140', '15');
INSERT INTO `matriculas` (`aluno`, `disciplina`) VALUES ('140', '16');
INSERT INTO `matriculas` (`aluno`, `disciplina`) VALUES ('140', '17');
INSERT INTO `matriculas` (`aluno`, `disciplina`) VALUES ('140', '18');
INSERT INTO `matriculas` (`aluno`, `disciplina`) VALUES ('140', '19');
INSERT INTO `matriculas` (`aluno`, `disciplina`) VALUES ('141', '40');
INSERT INTO `matriculas` (`aluno`, `disciplina`) VALUES ('141', '41');
INSERT INTO `matriculas` (`aluno`, `disciplina`) VALUES ('141', '42');
INSERT INTO `matriculas` (`aluno`, `disciplina`) VALUES ('141', '43');
INSERT INTO `matriculas` (`aluno`, `disciplina`) VALUES ('141', '67');
INSERT INTO `matriculas` (`aluno`, `disciplina`) VALUES ('142', '40');
INSERT INTO `matriculas` (`aluno`, `disciplina`) VALUES ('142', '41');
INSERT INTO `matriculas` (`aluno`, `disciplina`) VALUES ('142', '42');
INSERT INTO `matriculas` (`aluno`, `disciplina`) VALUES ('142', '43');
INSERT INTO `matriculas` (`aluno`, `disciplina`) VALUES ('142', '67');
INSERT INTO `matriculas` (`aluno`, `disciplina`) VALUES ('143', '39');
INSERT INTO `matriculas` (`aluno`, `disciplina`) VALUES ('143', '53');
INSERT INTO `matriculas` (`aluno`, `disciplina`) VALUES ('143', '54');
INSERT INTO `matriculas` (`aluno`, `disciplina`) VALUES ('143', '55');
INSERT INTO `matriculas` (`aluno`, `disciplina`) VALUES ('144', '90');
INSERT INTO `matriculas` (`aluno`, `disciplina`) VALUES ('144', '91');
INSERT INTO `matriculas` (`aluno`, `disciplina`) VALUES ('144', '92');
INSERT INTO `matriculas` (`aluno`, `disciplina`) VALUES ('144', '93');
INSERT INTO `matriculas` (`aluno`, `disciplina`) VALUES ('144', '94');
INSERT INTO `matriculas` (`aluno`, `disciplina`) VALUES ('144', '95');
INSERT INTO `matriculas` (`aluno`, `disciplina`) VALUES ('145', '90');
INSERT INTO `matriculas` (`aluno`, `disciplina`) VALUES ('145', '91');
INSERT INTO `matriculas` (`aluno`, `disciplina`) VALUES ('145', '92');
INSERT INTO `matriculas` (`aluno`, `disciplina`) VALUES ('145', '93');
INSERT INTO `matriculas` (`aluno`, `disciplina`) VALUES ('145', '94');
INSERT INTO `matriculas` (`aluno`, `disciplina`) VALUES ('145', '95');
INSERT INTO `matriculas` (`aluno`, `disciplina`) VALUES ('146', '13');
INSERT INTO `matriculas` (`aluno`, `disciplina`) VALUES ('146', '15');
INSERT INTO `matriculas` (`aluno`, `disciplina`) VALUES ('146', '16');
INSERT INTO `matriculas` (`aluno`, `disciplina`) VALUES ('146', '17');
INSERT INTO `matriculas` (`aluno`, `disciplina`) VALUES ('146', '18');
INSERT INTO `matriculas` (`aluno`, `disciplina`) VALUES ('146', '19');
INSERT INTO `matriculas` (`aluno`, `disciplina`) VALUES ('147', '21');
INSERT INTO `matriculas` (`aluno`, `disciplina`) VALUES ('147', '30');
INSERT INTO `matriculas` (`aluno`, `disciplina`) VALUES ('147', '31');
INSERT INTO `matriculas` (`aluno`, `disciplina`) VALUES ('147', '32');
INSERT INTO `matriculas` (`aluno`, `disciplina`) VALUES ('147', '33');
INSERT INTO `matriculas` (`aluno`, `disciplina`) VALUES ('148', '39');
INSERT INTO `matriculas` (`aluno`, `disciplina`) VALUES ('148', '53');
INSERT INTO `matriculas` (`aluno`, `disciplina`) VALUES ('148', '54');
INSERT INTO `matriculas` (`aluno`, `disciplina`) VALUES ('148', '55');
INSERT INTO `matriculas` (`aluno`, `disciplina`) VALUES ('149', '36');
INSERT INTO `matriculas` (`aluno`, `disciplina`) VALUES ('149', '37');
INSERT INTO `matriculas` (`aluno`, `disciplina`) VALUES ('149', '75');
INSERT INTO `matriculas` (`aluno`, `disciplina`) VALUES ('149', '76');
INSERT INTO `matriculas` (`aluno`, `disciplina`) VALUES ('149', '77');
INSERT INTO `matriculas` (`aluno`, `disciplina`) VALUES ('149', '103');
INSERT INTO `matriculas` (`aluno`, `disciplina`) VALUES ('149', '104');
INSERT INTO `matriculas` (`aluno`, `disciplina`) VALUES ('150', '44');
INSERT INTO `matriculas` (`aluno`, `disciplina`) VALUES ('150', '90');
INSERT INTO `matriculas` (`aluno`, `disciplina`) VALUES ('150', '91');
INSERT INTO `matriculas` (`aluno`, `disciplina`) VALUES ('150', '92');
INSERT INTO `matriculas` (`aluno`, `disciplina`) VALUES ('150', '93');
INSERT INTO `matriculas` (`aluno`, `disciplina`) VALUES ('150', '94');
INSERT INTO `matriculas` (`aluno`, `disciplina`) VALUES ('150', '95');
INSERT INTO `matriculas` (`aluno`, `disciplina`) VALUES ('151', '90');
INSERT INTO `matriculas` (`aluno`, `disciplina`) VALUES ('151', '91');
INSERT INTO `matriculas` (`aluno`, `disciplina`) VALUES ('151', '92');
INSERT INTO `matriculas` (`aluno`, `disciplina`) VALUES ('151', '93');
INSERT INTO `matriculas` (`aluno`, `disciplina`) VALUES ('151', '94');
INSERT INTO `matriculas` (`aluno`, `disciplina`) VALUES ('151', '95');
INSERT INTO `matriculas` (`aluno`, `disciplina`) VALUES ('152', '21');
INSERT INTO `matriculas` (`aluno`, `disciplina`) VALUES ('152', '30');
INSERT INTO `matriculas` (`aluno`, `disciplina`) VALUES ('152', '31');
INSERT INTO `matriculas` (`aluno`, `disciplina`) VALUES ('152', '32');
INSERT INTO `matriculas` (`aluno`, `disciplina`) VALUES ('152', '33');
INSERT INTO `matriculas` (`aluno`, `disciplina`) VALUES ('153', '39');
INSERT INTO `matriculas` (`aluno`, `disciplina`) VALUES ('153', '52');
INSERT INTO `matriculas` (`aluno`, `disciplina`) VALUES ('153', '53');
INSERT INTO `matriculas` (`aluno`, `disciplina`) VALUES ('153', '54');
INSERT INTO `matriculas` (`aluno`, `disciplina`) VALUES ('154', '90');
INSERT INTO `matriculas` (`aluno`, `disciplina`) VALUES ('154', '91');
INSERT INTO `matriculas` (`aluno`, `disciplina`) VALUES ('154', '92');
INSERT INTO `matriculas` (`aluno`, `disciplina`) VALUES ('154', '93');
INSERT INTO `matriculas` (`aluno`, `disciplina`) VALUES ('154', '94');
INSERT INTO `matriculas` (`aluno`, `disciplina`) VALUES ('154', '95');
INSERT INTO `matriculas` (`aluno`, `disciplina`) VALUES ('155', '39');
INSERT INTO `matriculas` (`aluno`, `disciplina`) VALUES ('155', '53');
INSERT INTO `matriculas` (`aluno`, `disciplina`) VALUES ('155', '54');
INSERT INTO `matriculas` (`aluno`, `disciplina`) VALUES ('155', '55');
INSERT INTO `matriculas` (`aluno`, `disciplina`) VALUES ('156', '2');
INSERT INTO `matriculas` (`aluno`, `disciplina`) VALUES ('156', '3');
INSERT INTO `matriculas` (`aluno`, `disciplina`) VALUES ('156', '34');
INSERT INTO `matriculas` (`aluno`, `disciplina`) VALUES ('156', '35');
INSERT INTO `matriculas` (`aluno`, `disciplina`) VALUES ('156', '38');
INSERT INTO `matriculas` (`aluno`, `disciplina`) VALUES ('157', '75');
INSERT INTO `matriculas` (`aluno`, `disciplina`) VALUES ('157', '76');
INSERT INTO `matriculas` (`aluno`, `disciplina`) VALUES ('157', '103');
INSERT INTO `matriculas` (`aluno`, `disciplina`) VALUES ('157', '104');
INSERT INTO `matriculas` (`aluno`, `disciplina`) VALUES ('158', '56');
INSERT INTO `matriculas` (`aluno`, `disciplina`) VALUES ('158', '57');
INSERT INTO `matriculas` (`aluno`, `disciplina`) VALUES ('158', '74');
INSERT INTO `matriculas` (`aluno`, `disciplina`) VALUES ('158', '75');
INSERT INTO `matriculas` (`aluno`, `disciplina`) VALUES ('158', '104');
INSERT INTO `matriculas` (`aluno`, `disciplina`) VALUES ('159', '36');
INSERT INTO `matriculas` (`aluno`, `disciplina`) VALUES ('159', '37');
INSERT INTO `matriculas` (`aluno`, `disciplina`) VALUES ('159', '75');
INSERT INTO `matriculas` (`aluno`, `disciplina`) VALUES ('159', '76');
INSERT INTO `matriculas` (`aluno`, `disciplina`) VALUES ('159', '77');
INSERT INTO `matriculas` (`aluno`, `disciplina`) VALUES ('159', '103');
INSERT INTO `matriculas` (`aluno`, `disciplina`) VALUES ('159', '104');
INSERT INTO `matriculas` (`aluno`, `disciplina`) VALUES ('160', '2');
INSERT INTO `matriculas` (`aluno`, `disciplina`) VALUES ('160', '3');
INSERT INTO `matriculas` (`aluno`, `disciplina`) VALUES ('160', '34');
INSERT INTO `matriculas` (`aluno`, `disciplina`) VALUES ('160', '35');
INSERT INTO `matriculas` (`aluno`, `disciplina`) VALUES ('160', '38');
INSERT INTO `matriculas` (`aluno`, `disciplina`) VALUES ('161', '39');
INSERT INTO `matriculas` (`aluno`, `disciplina`) VALUES ('161', '53');
INSERT INTO `matriculas` (`aluno`, `disciplina`) VALUES ('161', '54');
INSERT INTO `matriculas` (`aluno`, `disciplina`) VALUES ('161', '55');
INSERT INTO `matriculas` (`aluno`, `disciplina`) VALUES ('162', '90');
INSERT INTO `matriculas` (`aluno`, `disciplina`) VALUES ('162', '91');
INSERT INTO `matriculas` (`aluno`, `disciplina`) VALUES ('162', '92');
INSERT INTO `matriculas` (`aluno`, `disciplina`) VALUES ('162', '93');
INSERT INTO `matriculas` (`aluno`, `disciplina`) VALUES ('162', '94');
INSERT INTO `matriculas` (`aluno`, `disciplina`) VALUES ('162', '95');
INSERT INTO `matriculas` (`aluno`, `disciplina`) VALUES ('163', '13');
INSERT INTO `matriculas` (`aluno`, `disciplina`) VALUES ('163', '15');
INSERT INTO `matriculas` (`aluno`, `disciplina`) VALUES ('163', '16');
INSERT INTO `matriculas` (`aluno`, `disciplina`) VALUES ('163', '17');
INSERT INTO `matriculas` (`aluno`, `disciplina`) VALUES ('163', '18');
INSERT INTO `matriculas` (`aluno`, `disciplina`) VALUES ('163', '19');
INSERT INTO `matriculas` (`aluno`, `disciplina`) VALUES ('164', '13');
INSERT INTO `matriculas` (`aluno`, `disciplina`) VALUES ('164', '15');
INSERT INTO `matriculas` (`aluno`, `disciplina`) VALUES ('164', '16');
INSERT INTO `matriculas` (`aluno`, `disciplina`) VALUES ('164', '17');
INSERT INTO `matriculas` (`aluno`, `disciplina`) VALUES ('164', '18');
INSERT INTO `matriculas` (`aluno`, `disciplina`) VALUES ('164', '19');
INSERT INTO `matriculas` (`aluno`, `disciplina`) VALUES ('165', '29');
INSERT INTO `matriculas` (`aluno`, `disciplina`) VALUES ('165', '97');
INSERT INTO `matriculas` (`aluno`, `disciplina`) VALUES ('165', '98');
INSERT INTO `matriculas` (`aluno`, `disciplina`) VALUES ('165', '105');
INSERT INTO `matriculas` (`aluno`, `disciplina`) VALUES ('165', '106');
INSERT INTO `matriculas` (`aluno`, `disciplina`) VALUES ('165', '107');
INSERT INTO `matriculas` (`aluno`, `disciplina`) VALUES ('166', '53');
INSERT INTO `matriculas` (`aluno`, `disciplina`) VALUES ('166', '54');
INSERT INTO `matriculas` (`aluno`, `disciplina`) VALUES ('166', '55');
INSERT INTO `matriculas` (`aluno`, `disciplina`) VALUES ('167', '75');
INSERT INTO `matriculas` (`aluno`, `disciplina`) VALUES ('167', '76');
INSERT INTO `matriculas` (`aluno`, `disciplina`) VALUES ('167', '77');
INSERT INTO `matriculas` (`aluno`, `disciplina`) VALUES ('167', '103');
INSERT INTO `matriculas` (`aluno`, `disciplina`) VALUES ('167', '104');
INSERT INTO `matriculas` (`aluno`, `disciplina`) VALUES ('168', '2');
INSERT INTO `matriculas` (`aluno`, `disciplina`) VALUES ('168', '3');
INSERT INTO `matriculas` (`aluno`, `disciplina`) VALUES ('168', '34');
INSERT INTO `matriculas` (`aluno`, `disciplina`) VALUES ('168', '35');
INSERT INTO `matriculas` (`aluno`, `disciplina`) VALUES ('168', '38');
INSERT INTO `matriculas` (`aluno`, `disciplina`) VALUES ('169', '90');
INSERT INTO `matriculas` (`aluno`, `disciplina`) VALUES ('169', '91');
INSERT INTO `matriculas` (`aluno`, `disciplina`) VALUES ('169', '92');
INSERT INTO `matriculas` (`aluno`, `disciplina`) VALUES ('169', '93');
INSERT INTO `matriculas` (`aluno`, `disciplina`) VALUES ('169', '94');
INSERT INTO `matriculas` (`aluno`, `disciplina`) VALUES ('169', '95');
INSERT INTO `matriculas` (`aluno`, `disciplina`) VALUES ('170', '90');
INSERT INTO `matriculas` (`aluno`, `disciplina`) VALUES ('170', '91');
INSERT INTO `matriculas` (`aluno`, `disciplina`) VALUES ('170', '92');
INSERT INTO `matriculas` (`aluno`, `disciplina`) VALUES ('170', '93');
INSERT INTO `matriculas` (`aluno`, `disciplina`) VALUES ('170', '94');
INSERT INTO `matriculas` (`aluno`, `disciplina`) VALUES ('170', '95');
INSERT INTO `matriculas` (`aluno`, `disciplina`) VALUES ('171', '36');
INSERT INTO `matriculas` (`aluno`, `disciplina`) VALUES ('171', '37');
INSERT INTO `matriculas` (`aluno`, `disciplina`) VALUES ('171', '75');
INSERT INTO `matriculas` (`aluno`, `disciplina`) VALUES ('171', '76');
INSERT INTO `matriculas` (`aluno`, `disciplina`) VALUES ('171', '77');
INSERT INTO `matriculas` (`aluno`, `disciplina`) VALUES ('171', '103');
INSERT INTO `matriculas` (`aluno`, `disciplina`) VALUES ('171', '104');
INSERT INTO `matriculas` (`aluno`, `disciplina`) VALUES ('172', '2');
INSERT INTO `matriculas` (`aluno`, `disciplina`) VALUES ('172', '3');
INSERT INTO `matriculas` (`aluno`, `disciplina`) VALUES ('172', '34');
INSERT INTO `matriculas` (`aluno`, `disciplina`) VALUES ('172', '35');
INSERT INTO `matriculas` (`aluno`, `disciplina`) VALUES ('172', '38');
INSERT INTO `matriculas` (`aluno`, `disciplina`) VALUES ('173', '74');
INSERT INTO `matriculas` (`aluno`, `disciplina`) VALUES ('173', '75');
INSERT INTO `matriculas` (`aluno`, `disciplina`) VALUES ('173', '103');
INSERT INTO `matriculas` (`aluno`, `disciplina`) VALUES ('173', '108');
INSERT INTO `matriculas` (`aluno`, `disciplina`) VALUES ('174', '27');
INSERT INTO `matriculas` (`aluno`, `disciplina`) VALUES ('174', '53');
INSERT INTO `matriculas` (`aluno`, `disciplina`) VALUES ('174', '54');
INSERT INTO `matriculas` (`aluno`, `disciplina`) VALUES ('174', '55');
INSERT INTO `matriculas` (`aluno`, `disciplina`) VALUES ('175', '21');
INSERT INTO `matriculas` (`aluno`, `disciplina`) VALUES ('175', '30');
INSERT INTO `matriculas` (`aluno`, `disciplina`) VALUES ('175', '31');
INSERT INTO `matriculas` (`aluno`, `disciplina`) VALUES ('175', '32');
INSERT INTO `matriculas` (`aluno`, `disciplina`) VALUES ('175', '33');
INSERT INTO `matriculas` (`aluno`, `disciplina`) VALUES ('176', '53');
INSERT INTO `matriculas` (`aluno`, `disciplina`) VALUES ('176', '54');
INSERT INTO `matriculas` (`aluno`, `disciplina`) VALUES ('176', '55');
INSERT INTO `matriculas` (`aluno`, `disciplina`) VALUES ('177', '75');
INSERT INTO `matriculas` (`aluno`, `disciplina`) VALUES ('177', '76');
INSERT INTO `matriculas` (`aluno`, `disciplina`) VALUES ('177', '77');
INSERT INTO `matriculas` (`aluno`, `disciplina`) VALUES ('177', '103');
INSERT INTO `matriculas` (`aluno`, `disciplina`) VALUES ('177', '104');
INSERT INTO `matriculas` (`aluno`, `disciplina`) VALUES ('178', '2');
INSERT INTO `matriculas` (`aluno`, `disciplina`) VALUES ('178', '3');
INSERT INTO `matriculas` (`aluno`, `disciplina`) VALUES ('178', '34');
INSERT INTO `matriculas` (`aluno`, `disciplina`) VALUES ('178', '35');
INSERT INTO `matriculas` (`aluno`, `disciplina`) VALUES ('178', '38');
INSERT INTO `matriculas` (`aluno`, `disciplina`) VALUES ('179', '2');
INSERT INTO `matriculas` (`aluno`, `disciplina`) VALUES ('179', '3');
INSERT INTO `matriculas` (`aluno`, `disciplina`) VALUES ('179', '34');
INSERT INTO `matriculas` (`aluno`, `disciplina`) VALUES ('179', '35');
INSERT INTO `matriculas` (`aluno`, `disciplina`) VALUES ('179', '38');
INSERT INTO `matriculas` (`aluno`, `disciplina`) VALUES ('180', '71');
INSERT INTO `matriculas` (`aluno`, `disciplina`) VALUES ('180', '74');
INSERT INTO `matriculas` (`aluno`, `disciplina`) VALUES ('180', '75');
INSERT INTO `matriculas` (`aluno`, `disciplina`) VALUES ('180', '108');
INSERT INTO `matriculas` (`aluno`, `disciplina`) VALUES ('181', '21');
INSERT INTO `matriculas` (`aluno`, `disciplina`) VALUES ('181', '30');
INSERT INTO `matriculas` (`aluno`, `disciplina`) VALUES ('181', '31');
INSERT INTO `matriculas` (`aluno`, `disciplina`) VALUES ('181', '32');
INSERT INTO `matriculas` (`aluno`, `disciplina`) VALUES ('181', '33');
INSERT INTO `matriculas` (`aluno`, `disciplina`) VALUES ('182', '2');
INSERT INTO `matriculas` (`aluno`, `disciplina`) VALUES ('182', '3');
INSERT INTO `matriculas` (`aluno`, `disciplina`) VALUES ('182', '34');
INSERT INTO `matriculas` (`aluno`, `disciplina`) VALUES ('182', '35');
INSERT INTO `matriculas` (`aluno`, `disciplina`) VALUES ('182', '38');
INSERT INTO `matriculas` (`aluno`, `disciplina`) VALUES ('183', '1');
INSERT INTO `matriculas` (`aluno`, `disciplina`) VALUES ('183', '35');
INSERT INTO `matriculas` (`aluno`, `disciplina`) VALUES ('183', '69');
INSERT INTO `matriculas` (`aluno`, `disciplina`) VALUES ('184', '2');
INSERT INTO `matriculas` (`aluno`, `disciplina`) VALUES ('184', '34');
INSERT INTO `matriculas` (`aluno`, `disciplina`) VALUES ('184', '35');
INSERT INTO `matriculas` (`aluno`, `disciplina`) VALUES ('184', '69');
INSERT INTO `matriculas` (`aluno`, `disciplina`) VALUES ('185', '75');
INSERT INTO `matriculas` (`aluno`, `disciplina`) VALUES ('185', '76');
INSERT INTO `matriculas` (`aluno`, `disciplina`) VALUES ('185', '77');
INSERT INTO `matriculas` (`aluno`, `disciplina`) VALUES ('185', '96');
INSERT INTO `matriculas` (`aluno`, `disciplina`) VALUES ('185', '103');
INSERT INTO `matriculas` (`aluno`, `disciplina`) VALUES ('186', '21');
INSERT INTO `matriculas` (`aluno`, `disciplina`) VALUES ('186', '30');
INSERT INTO `matriculas` (`aluno`, `disciplina`) VALUES ('186', '31');
INSERT INTO `matriculas` (`aluno`, `disciplina`) VALUES ('186', '32');
INSERT INTO `matriculas` (`aluno`, `disciplina`) VALUES ('186', '33');
INSERT INTO `matriculas` (`aluno`, `disciplina`) VALUES ('187', '90');
INSERT INTO `matriculas` (`aluno`, `disciplina`) VALUES ('187', '91');
INSERT INTO `matriculas` (`aluno`, `disciplina`) VALUES ('187', '92');
INSERT INTO `matriculas` (`aluno`, `disciplina`) VALUES ('187', '93');
INSERT INTO `matriculas` (`aluno`, `disciplina`) VALUES ('187', '94');
INSERT INTO `matriculas` (`aluno`, `disciplina`) VALUES ('187', '95');
INSERT INTO `matriculas` (`aluno`, `disciplina`) VALUES ('188', '75');
INSERT INTO `matriculas` (`aluno`, `disciplina`) VALUES ('188', '76');
INSERT INTO `matriculas` (`aluno`, `disciplina`) VALUES ('188', '77');
INSERT INTO `matriculas` (`aluno`, `disciplina`) VALUES ('188', '103');
INSERT INTO `matriculas` (`aluno`, `disciplina`) VALUES ('188', '104');
INSERT INTO `matriculas` (`aluno`, `disciplina`) VALUES ('189', '36');
INSERT INTO `matriculas` (`aluno`, `disciplina`) VALUES ('189', '75');
INSERT INTO `matriculas` (`aluno`, `disciplina`) VALUES ('189', '76');
INSERT INTO `matriculas` (`aluno`, `disciplina`) VALUES ('189', '77');
INSERT INTO `matriculas` (`aluno`, `disciplina`) VALUES ('189', '103');
INSERT INTO `matriculas` (`aluno`, `disciplina`) VALUES ('189', '104');
INSERT INTO `matriculas` (`aluno`, `disciplina`) VALUES ('190', '51');
INSERT INTO `matriculas` (`aluno`, `disciplina`) VALUES ('190', '99');
INSERT INTO `matriculas` (`aluno`, `disciplina`) VALUES ('190', '109');
INSERT INTO `matriculas` (`aluno`, `disciplina`) VALUES ('190', '110');
INSERT INTO `matriculas` (`aluno`, `disciplina`) VALUES ('190', '111');
INSERT INTO `matriculas` (`aluno`, `disciplina`) VALUES ('191', '13');
INSERT INTO `matriculas` (`aluno`, `disciplina`) VALUES ('191', '15');
INSERT INTO `matriculas` (`aluno`, `disciplina`) VALUES ('191', '16');
INSERT INTO `matriculas` (`aluno`, `disciplina`) VALUES ('191', '17');
INSERT INTO `matriculas` (`aluno`, `disciplina`) VALUES ('191', '18');
INSERT INTO `matriculas` (`aluno`, `disciplina`) VALUES ('192', '2');
INSERT INTO `matriculas` (`aluno`, `disciplina`) VALUES ('192', '3');
INSERT INTO `matriculas` (`aluno`, `disciplina`) VALUES ('192', '34');
INSERT INTO `matriculas` (`aluno`, `disciplina`) VALUES ('192', '35');
INSERT INTO `matriculas` (`aluno`, `disciplina`) VALUES ('192', '38');
INSERT INTO `matriculas` (`aluno`, `disciplina`) VALUES ('193', '2');
INSERT INTO `matriculas` (`aluno`, `disciplina`) VALUES ('193', '3');
INSERT INTO `matriculas` (`aluno`, `disciplina`) VALUES ('193', '34');
INSERT INTO `matriculas` (`aluno`, `disciplina`) VALUES ('193', '35');
INSERT INTO `matriculas` (`aluno`, `disciplina`) VALUES ('193', '38');
INSERT INTO `matriculas` (`aluno`, `disciplina`) VALUES ('194', '3');
INSERT INTO `matriculas` (`aluno`, `disciplina`) VALUES ('194', '34');
INSERT INTO `matriculas` (`aluno`, `disciplina`) VALUES ('194', '35');
INSERT INTO `matriculas` (`aluno`, `disciplina`) VALUES ('194', '38');
INSERT INTO `matriculas` (`aluno`, `disciplina`) VALUES ('195', '21');
INSERT INTO `matriculas` (`aluno`, `disciplina`) VALUES ('195', '30');
INSERT INTO `matriculas` (`aluno`, `disciplina`) VALUES ('195', '31');
INSERT INTO `matriculas` (`aluno`, `disciplina`) VALUES ('195', '32');
INSERT INTO `matriculas` (`aluno`, `disciplina`) VALUES ('195', '33');
INSERT INTO `matriculas` (`aluno`, `disciplina`) VALUES ('196', '39');
INSERT INTO `matriculas` (`aluno`, `disciplina`) VALUES ('196', '53');
INSERT INTO `matriculas` (`aluno`, `disciplina`) VALUES ('196', '55');
INSERT INTO `matriculas` (`aluno`, `disciplina`) VALUES ('197', '21');
INSERT INTO `matriculas` (`aluno`, `disciplina`) VALUES ('197', '30');
INSERT INTO `matriculas` (`aluno`, `disciplina`) VALUES ('197', '31');
INSERT INTO `matriculas` (`aluno`, `disciplina`) VALUES ('197', '32');
INSERT INTO `matriculas` (`aluno`, `disciplina`) VALUES ('197', '33');
INSERT INTO `matriculas` (`aluno`, `disciplina`) VALUES ('198', '36');
INSERT INTO `matriculas` (`aluno`, `disciplina`) VALUES ('198', '75');
INSERT INTO `matriculas` (`aluno`, `disciplina`) VALUES ('198', '76');
INSERT INTO `matriculas` (`aluno`, `disciplina`) VALUES ('198', '77');
INSERT INTO `matriculas` (`aluno`, `disciplina`) VALUES ('198', '103');
INSERT INTO `matriculas` (`aluno`, `disciplina`) VALUES ('198', '104');
INSERT INTO `matriculas` (`aluno`, `disciplina`) VALUES ('199', '13');
INSERT INTO `matriculas` (`aluno`, `disciplina`) VALUES ('199', '15');
INSERT INTO `matriculas` (`aluno`, `disciplina`) VALUES ('199', '16');
INSERT INTO `matriculas` (`aluno`, `disciplina`) VALUES ('199', '17');
INSERT INTO `matriculas` (`aluno`, `disciplina`) VALUES ('199', '18');
INSERT INTO `matriculas` (`aluno`, `disciplina`) VALUES ('199', '19');
INSERT INTO `matriculas` (`aluno`, `disciplina`) VALUES ('200', '13');
INSERT INTO `matriculas` (`aluno`, `disciplina`) VALUES ('200', '15');
INSERT INTO `matriculas` (`aluno`, `disciplina`) VALUES ('200', '16');
INSERT INTO `matriculas` (`aluno`, `disciplina`) VALUES ('200', '17');
INSERT INTO `matriculas` (`aluno`, `disciplina`) VALUES ('200', '18');
INSERT INTO `matriculas` (`aluno`, `disciplina`) VALUES ('200', '19');
INSERT INTO `matriculas` (`aluno`, `disciplina`) VALUES ('201', '21');
INSERT INTO `matriculas` (`aluno`, `disciplina`) VALUES ('201', '30');
INSERT INTO `matriculas` (`aluno`, `disciplina`) VALUES ('201', '31');
INSERT INTO `matriculas` (`aluno`, `disciplina`) VALUES ('201', '32');
INSERT INTO `matriculas` (`aluno`, `disciplina`) VALUES ('201', '33');
INSERT INTO `matriculas` (`aluno`, `disciplina`) VALUES ('202', '4');
INSERT INTO `matriculas` (`aluno`, `disciplina`) VALUES ('202', '5');
INSERT INTO `matriculas` (`aluno`, `disciplina`) VALUES ('202', '7');
INSERT INTO `matriculas` (`aluno`, `disciplina`) VALUES ('202', '9');
INSERT INTO `matriculas` (`aluno`, `disciplina`) VALUES ('202', '101');
INSERT INTO `matriculas` (`aluno`, `disciplina`) VALUES ('203', '34');
INSERT INTO `matriculas` (`aluno`, `disciplina`) VALUES ('203', '35');
INSERT INTO `matriculas` (`aluno`, `disciplina`) VALUES ('204', '1');
INSERT INTO `matriculas` (`aluno`, `disciplina`) VALUES ('204', '35');
INSERT INTO `matriculas` (`aluno`, `disciplina`) VALUES ('204', '44');
INSERT INTO `matriculas` (`aluno`, `disciplina`) VALUES ('205', '19');
INSERT INTO `matriculas` (`aluno`, `disciplina`) VALUES ('205', '28');
INSERT INTO `matriculas` (`aluno`, `disciplina`) VALUES ('205', '29');
INSERT INTO `matriculas` (`aluno`, `disciplina`) VALUES ('205', '50');
INSERT INTO `matriculas` (`aluno`, `disciplina`) VALUES ('205', '97');
INSERT INTO `matriculas` (`aluno`, `disciplina`) VALUES ('205', '107');
INSERT INTO `matriculas` (`aluno`, `disciplina`) VALUES ('206', '35');
INSERT INTO `matriculas` (`aluno`, `disciplina`) VALUES ('207', '11');
INSERT INTO `matriculas` (`aluno`, `disciplina`) VALUES ('207', '14');
INSERT INTO `matriculas` (`aluno`, `disciplina`) VALUES ('207', '17');
INSERT INTO `matriculas` (`aluno`, `disciplina`) VALUES ('207', '18');
INSERT INTO `matriculas` (`aluno`, `disciplina`) VALUES ('208', '51');
INSERT INTO `matriculas` (`aluno`, `disciplina`) VALUES ('208', '99');
INSERT INTO `matriculas` (`aluno`, `disciplina`) VALUES ('208', '109');
INSERT INTO `matriculas` (`aluno`, `disciplina`) VALUES ('208', '110');
INSERT INTO `matriculas` (`aluno`, `disciplina`) VALUES ('208', '111');
INSERT INTO `matriculas` (`aluno`, `disciplina`) VALUES ('209', '20');
INSERT INTO `matriculas` (`aluno`, `disciplina`) VALUES ('209', '42');
INSERT INTO `matriculas` (`aluno`, `disciplina`) VALUES ('209', '46');
INSERT INTO `matriculas` (`aluno`, `disciplina`) VALUES ('209', '112');
INSERT INTO `matriculas` (`aluno`, `disciplina`) VALUES ('209', '113');
INSERT INTO `matriculas` (`aluno`, `disciplina`) VALUES ('210', '40');
INSERT INTO `matriculas` (`aluno`, `disciplina`) VALUES ('210', '41');
INSERT INTO `matriculas` (`aluno`, `disciplina`) VALUES ('210', '42');
INSERT INTO `matriculas` (`aluno`, `disciplina`) VALUES ('210', '43');
INSERT INTO `matriculas` (`aluno`, `disciplina`) VALUES ('210', '67');
INSERT INTO `matriculas` (`aluno`, `disciplina`) VALUES ('211', '29');
INSERT INTO `matriculas` (`aluno`, `disciplina`) VALUES ('211', '97');
INSERT INTO `matriculas` (`aluno`, `disciplina`) VALUES ('211', '98');
INSERT INTO `matriculas` (`aluno`, `disciplina`) VALUES ('211', '105');
INSERT INTO `matriculas` (`aluno`, `disciplina`) VALUES ('211', '106');
INSERT INTO `matriculas` (`aluno`, `disciplina`) VALUES ('211', '107');
INSERT INTO `matriculas` (`aluno`, `disciplina`) VALUES ('212', '20');
INSERT INTO `matriculas` (`aluno`, `disciplina`) VALUES ('212', '42');
INSERT INTO `matriculas` (`aluno`, `disciplina`) VALUES ('212', '46');
INSERT INTO `matriculas` (`aluno`, `disciplina`) VALUES ('212', '112');
INSERT INTO `matriculas` (`aluno`, `disciplina`) VALUES ('212', '113');
INSERT INTO `matriculas` (`aluno`, `disciplina`) VALUES ('213', '40');
INSERT INTO `matriculas` (`aluno`, `disciplina`) VALUES ('213', '41');
INSERT INTO `matriculas` (`aluno`, `disciplina`) VALUES ('213', '42');
INSERT INTO `matriculas` (`aluno`, `disciplina`) VALUES ('213', '43');
INSERT INTO `matriculas` (`aluno`, `disciplina`) VALUES ('213', '67');
INSERT INTO `matriculas` (`aluno`, `disciplina`) VALUES ('214', '29');
INSERT INTO `matriculas` (`aluno`, `disciplina`) VALUES ('214', '97');
INSERT INTO `matriculas` (`aluno`, `disciplina`) VALUES ('214', '98');
INSERT INTO `matriculas` (`aluno`, `disciplina`) VALUES ('214', '105');
INSERT INTO `matriculas` (`aluno`, `disciplina`) VALUES ('214', '106');
INSERT INTO `matriculas` (`aluno`, `disciplina`) VALUES ('214', '107');
INSERT INTO `matriculas` (`aluno`, `disciplina`) VALUES ('215', '40');
INSERT INTO `matriculas` (`aluno`, `disciplina`) VALUES ('215', '41');
INSERT INTO `matriculas` (`aluno`, `disciplina`) VALUES ('215', '42');
INSERT INTO `matriculas` (`aluno`, `disciplina`) VALUES ('215', '43');
INSERT INTO `matriculas` (`aluno`, `disciplina`) VALUES ('215', '67');
INSERT INTO `matriculas` (`aluno`, `disciplina`) VALUES ('216', '29');
INSERT INTO `matriculas` (`aluno`, `disciplina`) VALUES ('216', '98');
INSERT INTO `matriculas` (`aluno`, `disciplina`) VALUES ('216', '105');
INSERT INTO `matriculas` (`aluno`, `disciplina`) VALUES ('216', '106');
INSERT INTO `matriculas` (`aluno`, `disciplina`) VALUES ('216', '107');
INSERT INTO `matriculas` (`aluno`, `disciplina`) VALUES ('217', '71');
INSERT INTO `matriculas` (`aluno`, `disciplina`) VALUES ('217', '72');
INSERT INTO `matriculas` (`aluno`, `disciplina`) VALUES ('217', '73');
INSERT INTO `matriculas` (`aluno`, `disciplina`) VALUES ('217', '74');
INSERT INTO `matriculas` (`aluno`, `disciplina`) VALUES ('217', '96');
INSERT INTO `matriculas` (`aluno`, `disciplina`) VALUES ('217', '108');
INSERT INTO `matriculas` (`aluno`, `disciplina`) VALUES ('218', '29');
INSERT INTO `matriculas` (`aluno`, `disciplina`) VALUES ('218', '97');
INSERT INTO `matriculas` (`aluno`, `disciplina`) VALUES ('218', '98');
INSERT INTO `matriculas` (`aluno`, `disciplina`) VALUES ('218', '105');
INSERT INTO `matriculas` (`aluno`, `disciplina`) VALUES ('218', '106');
INSERT INTO `matriculas` (`aluno`, `disciplina`) VALUES ('218', '107');
INSERT INTO `matriculas` (`aluno`, `disciplina`) VALUES ('219', '29');
INSERT INTO `matriculas` (`aluno`, `disciplina`) VALUES ('219', '97');
INSERT INTO `matriculas` (`aluno`, `disciplina`) VALUES ('219', '98');
INSERT INTO `matriculas` (`aluno`, `disciplina`) VALUES ('219', '105');
INSERT INTO `matriculas` (`aluno`, `disciplina`) VALUES ('219', '106');
INSERT INTO `matriculas` (`aluno`, `disciplina`) VALUES ('219', '107');
INSERT INTO `matriculas` (`aluno`, `disciplina`) VALUES ('220', '71');
INSERT INTO `matriculas` (`aluno`, `disciplina`) VALUES ('220', '72');
INSERT INTO `matriculas` (`aluno`, `disciplina`) VALUES ('220', '73');
INSERT INTO `matriculas` (`aluno`, `disciplina`) VALUES ('220', '74');
INSERT INTO `matriculas` (`aluno`, `disciplina`) VALUES ('220', '96');
INSERT INTO `matriculas` (`aluno`, `disciplina`) VALUES ('220', '108');
INSERT INTO `matriculas` (`aluno`, `disciplina`) VALUES ('221', '71');
INSERT INTO `matriculas` (`aluno`, `disciplina`) VALUES ('221', '72');
INSERT INTO `matriculas` (`aluno`, `disciplina`) VALUES ('221', '73');
INSERT INTO `matriculas` (`aluno`, `disciplina`) VALUES ('221', '74');
INSERT INTO `matriculas` (`aluno`, `disciplina`) VALUES ('221', '96');
INSERT INTO `matriculas` (`aluno`, `disciplina`) VALUES ('221', '108');
INSERT INTO `matriculas` (`aluno`, `disciplina`) VALUES ('222', '71');
INSERT INTO `matriculas` (`aluno`, `disciplina`) VALUES ('222', '72');
INSERT INTO `matriculas` (`aluno`, `disciplina`) VALUES ('222', '73');
INSERT INTO `matriculas` (`aluno`, `disciplina`) VALUES ('222', '74');
INSERT INTO `matriculas` (`aluno`, `disciplina`) VALUES ('222', '96');
INSERT INTO `matriculas` (`aluno`, `disciplina`) VALUES ('222', '108');
INSERT INTO `matriculas` (`aluno`, `disciplina`) VALUES ('223', '40');
INSERT INTO `matriculas` (`aluno`, `disciplina`) VALUES ('223', '41');
INSERT INTO `matriculas` (`aluno`, `disciplina`) VALUES ('223', '42');
INSERT INTO `matriculas` (`aluno`, `disciplina`) VALUES ('223', '43');
INSERT INTO `matriculas` (`aluno`, `disciplina`) VALUES ('223', '67');
INSERT INTO `matriculas` (`aluno`, `disciplina`) VALUES ('224', '20');
INSERT INTO `matriculas` (`aluno`, `disciplina`) VALUES ('224', '42');
INSERT INTO `matriculas` (`aluno`, `disciplina`) VALUES ('224', '46');
INSERT INTO `matriculas` (`aluno`, `disciplina`) VALUES ('224', '112');
INSERT INTO `matriculas` (`aluno`, `disciplina`) VALUES ('224', '113');
INSERT INTO `matriculas` (`aluno`, `disciplina`) VALUES ('225', '29');
INSERT INTO `matriculas` (`aluno`, `disciplina`) VALUES ('225', '97');
INSERT INTO `matriculas` (`aluno`, `disciplina`) VALUES ('225', '98');
INSERT INTO `matriculas` (`aluno`, `disciplina`) VALUES ('225', '105');
INSERT INTO `matriculas` (`aluno`, `disciplina`) VALUES ('225', '106');
INSERT INTO `matriculas` (`aluno`, `disciplina`) VALUES ('225', '107');
INSERT INTO `matriculas` (`aluno`, `disciplina`) VALUES ('226', '20');
INSERT INTO `matriculas` (`aluno`, `disciplina`) VALUES ('226', '42');
INSERT INTO `matriculas` (`aluno`, `disciplina`) VALUES ('226', '46');
INSERT INTO `matriculas` (`aluno`, `disciplina`) VALUES ('226', '112');
INSERT INTO `matriculas` (`aluno`, `disciplina`) VALUES ('226', '113');
INSERT INTO `matriculas` (`aluno`, `disciplina`) VALUES ('227', '20');
INSERT INTO `matriculas` (`aluno`, `disciplina`) VALUES ('227', '42');
INSERT INTO `matriculas` (`aluno`, `disciplina`) VALUES ('227', '46');
INSERT INTO `matriculas` (`aluno`, `disciplina`) VALUES ('227', '112');
INSERT INTO `matriculas` (`aluno`, `disciplina`) VALUES ('227', '113');
INSERT INTO `matriculas` (`aluno`, `disciplina`) VALUES ('228', '20');
INSERT INTO `matriculas` (`aluno`, `disciplina`) VALUES ('228', '42');
INSERT INTO `matriculas` (`aluno`, `disciplina`) VALUES ('228', '46');
INSERT INTO `matriculas` (`aluno`, `disciplina`) VALUES ('228', '112');
INSERT INTO `matriculas` (`aluno`, `disciplina`) VALUES ('228', '113');
INSERT INTO `matriculas` (`aluno`, `disciplina`) VALUES ('229', '40');
INSERT INTO `matriculas` (`aluno`, `disciplina`) VALUES ('229', '41');
INSERT INTO `matriculas` (`aluno`, `disciplina`) VALUES ('229', '42');
INSERT INTO `matriculas` (`aluno`, `disciplina`) VALUES ('229', '43');
INSERT INTO `matriculas` (`aluno`, `disciplina`) VALUES ('229', '67');
INSERT INTO `matriculas` (`aluno`, `disciplina`) VALUES ('230', '44');
INSERT INTO `matriculas` (`aluno`, `disciplina`) VALUES ('230', '81');
INSERT INTO `matriculas` (`aluno`, `disciplina`) VALUES ('230', '82');
INSERT INTO `matriculas` (`aluno`, `disciplina`) VALUES ('230', '83');
INSERT INTO `matriculas` (`aluno`, `disciplina`) VALUES ('230', '84');
INSERT INTO `matriculas` (`aluno`, `disciplina`) VALUES ('230', '85');
INSERT INTO `matriculas` (`aluno`, `disciplina`) VALUES ('231', '23');
INSERT INTO `matriculas` (`aluno`, `disciplina`) VALUES ('231', '86');
INSERT INTO `matriculas` (`aluno`, `disciplina`) VALUES ('231', '87');
INSERT INTO `matriculas` (`aluno`, `disciplina`) VALUES ('231', '88');
INSERT INTO `matriculas` (`aluno`, `disciplina`) VALUES ('231', '89');
INSERT INTO `matriculas` (`aluno`, `disciplina`) VALUES ('232', '40');
INSERT INTO `matriculas` (`aluno`, `disciplina`) VALUES ('232', '41');
INSERT INTO `matriculas` (`aluno`, `disciplina`) VALUES ('232', '42');
INSERT INTO `matriculas` (`aluno`, `disciplina`) VALUES ('232', '43');
INSERT INTO `matriculas` (`aluno`, `disciplina`) VALUES ('232', '67');
INSERT INTO `matriculas` (`aluno`, `disciplina`) VALUES ('233', '23');
INSERT INTO `matriculas` (`aluno`, `disciplina`) VALUES ('233', '86');
INSERT INTO `matriculas` (`aluno`, `disciplina`) VALUES ('233', '87');
INSERT INTO `matriculas` (`aluno`, `disciplina`) VALUES ('233', '88');
INSERT INTO `matriculas` (`aluno`, `disciplina`) VALUES ('233', '89');
INSERT INTO `matriculas` (`aluno`, `disciplina`) VALUES ('234', '40');
INSERT INTO `matriculas` (`aluno`, `disciplina`) VALUES ('234', '41');
INSERT INTO `matriculas` (`aluno`, `disciplina`) VALUES ('234', '42');
INSERT INTO `matriculas` (`aluno`, `disciplina`) VALUES ('234', '43');
INSERT INTO `matriculas` (`aluno`, `disciplina`) VALUES ('234', '67');
INSERT INTO `matriculas` (`aluno`, `disciplina`) VALUES ('235', '20');
INSERT INTO `matriculas` (`aluno`, `disciplina`) VALUES ('235', '42');
INSERT INTO `matriculas` (`aluno`, `disciplina`) VALUES ('235', '46');
INSERT INTO `matriculas` (`aluno`, `disciplina`) VALUES ('235', '112');
INSERT INTO `matriculas` (`aluno`, `disciplina`) VALUES ('235', '113');
INSERT INTO `matriculas` (`aluno`, `disciplina`) VALUES ('236', '20');
INSERT INTO `matriculas` (`aluno`, `disciplina`) VALUES ('236', '42');
INSERT INTO `matriculas` (`aluno`, `disciplina`) VALUES ('236', '46');
INSERT INTO `matriculas` (`aluno`, `disciplina`) VALUES ('236', '112');
INSERT INTO `matriculas` (`aluno`, `disciplina`) VALUES ('236', '113');
INSERT INTO `matriculas` (`aluno`, `disciplina`) VALUES ('237', '20');
INSERT INTO `matriculas` (`aluno`, `disciplina`) VALUES ('237', '42');
INSERT INTO `matriculas` (`aluno`, `disciplina`) VALUES ('237', '46');
INSERT INTO `matriculas` (`aluno`, `disciplina`) VALUES ('237', '112');
INSERT INTO `matriculas` (`aluno`, `disciplina`) VALUES ('237', '113');
INSERT INTO `matriculas` (`aluno`, `disciplina`) VALUES ('238', '29');
INSERT INTO `matriculas` (`aluno`, `disciplina`) VALUES ('238', '97');
INSERT INTO `matriculas` (`aluno`, `disciplina`) VALUES ('238', '98');
INSERT INTO `matriculas` (`aluno`, `disciplina`) VALUES ('238', '105');
INSERT INTO `matriculas` (`aluno`, `disciplina`) VALUES ('238', '106');
INSERT INTO `matriculas` (`aluno`, `disciplina`) VALUES ('238', '107');
INSERT INTO `matriculas` (`aluno`, `disciplina`) VALUES ('239', '23');
INSERT INTO `matriculas` (`aluno`, `disciplina`) VALUES ('239', '86');
INSERT INTO `matriculas` (`aluno`, `disciplina`) VALUES ('239', '87');
INSERT INTO `matriculas` (`aluno`, `disciplina`) VALUES ('239', '88');
INSERT INTO `matriculas` (`aluno`, `disciplina`) VALUES ('239', '89');
INSERT INTO `matriculas` (`aluno`, `disciplina`) VALUES ('240', '40');
INSERT INTO `matriculas` (`aluno`, `disciplina`) VALUES ('240', '41');
INSERT INTO `matriculas` (`aluno`, `disciplina`) VALUES ('240', '42');
INSERT INTO `matriculas` (`aluno`, `disciplina`) VALUES ('240', '43');
INSERT INTO `matriculas` (`aluno`, `disciplina`) VALUES ('240', '67');
INSERT INTO `matriculas` (`aluno`, `disciplina`) VALUES ('241', '40');
INSERT INTO `matriculas` (`aluno`, `disciplina`) VALUES ('241', '41');
INSERT INTO `matriculas` (`aluno`, `disciplina`) VALUES ('241', '42');
INSERT INTO `matriculas` (`aluno`, `disciplina`) VALUES ('241', '43');
INSERT INTO `matriculas` (`aluno`, `disciplina`) VALUES ('241', '67');
INSERT INTO `matriculas` (`aluno`, `disciplina`) VALUES ('242', '51');
INSERT INTO `matriculas` (`aluno`, `disciplina`) VALUES ('242', '99');
INSERT INTO `matriculas` (`aluno`, `disciplina`) VALUES ('242', '109');
INSERT INTO `matriculas` (`aluno`, `disciplina`) VALUES ('242', '110');
INSERT INTO `matriculas` (`aluno`, `disciplina`) VALUES ('242', '111');
INSERT INTO `matriculas` (`aluno`, `disciplina`) VALUES ('243', '51');
INSERT INTO `matriculas` (`aluno`, `disciplina`) VALUES ('243', '99');
INSERT INTO `matriculas` (`aluno`, `disciplina`) VALUES ('243', '109');
INSERT INTO `matriculas` (`aluno`, `disciplina`) VALUES ('243', '110');
INSERT INTO `matriculas` (`aluno`, `disciplina`) VALUES ('243', '111');
INSERT INTO `matriculas` (`aluno`, `disciplina`) VALUES ('244', '20');
INSERT INTO `matriculas` (`aluno`, `disciplina`) VALUES ('244', '42');
INSERT INTO `matriculas` (`aluno`, `disciplina`) VALUES ('244', '46');
INSERT INTO `matriculas` (`aluno`, `disciplina`) VALUES ('244', '112');
INSERT INTO `matriculas` (`aluno`, `disciplina`) VALUES ('244', '113');
INSERT INTO `matriculas` (`aluno`, `disciplina`) VALUES ('245', '51');
INSERT INTO `matriculas` (`aluno`, `disciplina`) VALUES ('245', '99');
INSERT INTO `matriculas` (`aluno`, `disciplina`) VALUES ('245', '109');
INSERT INTO `matriculas` (`aluno`, `disciplina`) VALUES ('245', '110');
INSERT INTO `matriculas` (`aluno`, `disciplina`) VALUES ('245', '111');
INSERT INTO `matriculas` (`aluno`, `disciplina`) VALUES ('246', '29');
INSERT INTO `matriculas` (`aluno`, `disciplina`) VALUES ('246', '97');
INSERT INTO `matriculas` (`aluno`, `disciplina`) VALUES ('246', '98');
INSERT INTO `matriculas` (`aluno`, `disciplina`) VALUES ('246', '105');
INSERT INTO `matriculas` (`aluno`, `disciplina`) VALUES ('246', '106');
INSERT INTO `matriculas` (`aluno`, `disciplina`) VALUES ('246', '107');
INSERT INTO `matriculas` (`aluno`, `disciplina`) VALUES ('247', '29');
INSERT INTO `matriculas` (`aluno`, `disciplina`) VALUES ('247', '97');
INSERT INTO `matriculas` (`aluno`, `disciplina`) VALUES ('247', '98');
INSERT INTO `matriculas` (`aluno`, `disciplina`) VALUES ('247', '105');
INSERT INTO `matriculas` (`aluno`, `disciplina`) VALUES ('247', '106');
INSERT INTO `matriculas` (`aluno`, `disciplina`) VALUES ('247', '107');
INSERT INTO `matriculas` (`aluno`, `disciplina`) VALUES ('248', '40');
INSERT INTO `matriculas` (`aluno`, `disciplina`) VALUES ('248', '41');
INSERT INTO `matriculas` (`aluno`, `disciplina`) VALUES ('248', '42');
INSERT INTO `matriculas` (`aluno`, `disciplina`) VALUES ('248', '43');
INSERT INTO `matriculas` (`aluno`, `disciplina`) VALUES ('248', '67');
INSERT INTO `matriculas` (`aluno`, `disciplina`) VALUES ('249', '71');
INSERT INTO `matriculas` (`aluno`, `disciplina`) VALUES ('249', '72');
INSERT INTO `matriculas` (`aluno`, `disciplina`) VALUES ('249', '73');
INSERT INTO `matriculas` (`aluno`, `disciplina`) VALUES ('249', '74');
INSERT INTO `matriculas` (`aluno`, `disciplina`) VALUES ('249', '96');
INSERT INTO `matriculas` (`aluno`, `disciplina`) VALUES ('249', '108');
INSERT INTO `matriculas` (`aluno`, `disciplina`) VALUES ('250', '51');
INSERT INTO `matriculas` (`aluno`, `disciplina`) VALUES ('250', '99');
INSERT INTO `matriculas` (`aluno`, `disciplina`) VALUES ('250', '109');
INSERT INTO `matriculas` (`aluno`, `disciplina`) VALUES ('250', '110');
INSERT INTO `matriculas` (`aluno`, `disciplina`) VALUES ('250', '111');
INSERT INTO `matriculas` (`aluno`, `disciplina`) VALUES ('251', '5');
INSERT INTO `matriculas` (`aluno`, `disciplina`) VALUES ('251', '90');
INSERT INTO `matriculas` (`aluno`, `disciplina`) VALUES ('251', '91');
INSERT INTO `matriculas` (`aluno`, `disciplina`) VALUES ('251', '92');
INSERT INTO `matriculas` (`aluno`, `disciplina`) VALUES ('251', '94');
INSERT INTO `matriculas` (`aluno`, `disciplina`) VALUES ('252', '51');
INSERT INTO `matriculas` (`aluno`, `disciplina`) VALUES ('252', '99');
INSERT INTO `matriculas` (`aluno`, `disciplina`) VALUES ('252', '109');
INSERT INTO `matriculas` (`aluno`, `disciplina`) VALUES ('252', '110');
INSERT INTO `matriculas` (`aluno`, `disciplina`) VALUES ('252', '111');
INSERT INTO `matriculas` (`aluno`, `disciplina`) VALUES ('253', '29');
INSERT INTO `matriculas` (`aluno`, `disciplina`) VALUES ('253', '97');
INSERT INTO `matriculas` (`aluno`, `disciplina`) VALUES ('253', '98');
INSERT INTO `matriculas` (`aluno`, `disciplina`) VALUES ('253', '105');
INSERT INTO `matriculas` (`aluno`, `disciplina`) VALUES ('253', '106');
INSERT INTO `matriculas` (`aluno`, `disciplina`) VALUES ('253', '107');
INSERT INTO `matriculas` (`aluno`, `disciplina`) VALUES ('254', '29');
INSERT INTO `matriculas` (`aluno`, `disciplina`) VALUES ('254', '97');
INSERT INTO `matriculas` (`aluno`, `disciplina`) VALUES ('254', '98');
INSERT INTO `matriculas` (`aluno`, `disciplina`) VALUES ('254', '105');
INSERT INTO `matriculas` (`aluno`, `disciplina`) VALUES ('254', '106');
INSERT INTO `matriculas` (`aluno`, `disciplina`) VALUES ('254', '107');
INSERT INTO `matriculas` (`aluno`, `disciplina`) VALUES ('255', '20');
INSERT INTO `matriculas` (`aluno`, `disciplina`) VALUES ('255', '42');
INSERT INTO `matriculas` (`aluno`, `disciplina`) VALUES ('255', '46');
INSERT INTO `matriculas` (`aluno`, `disciplina`) VALUES ('255', '112');
INSERT INTO `matriculas` (`aluno`, `disciplina`) VALUES ('255', '113');
INSERT INTO `matriculas` (`aluno`, `disciplina`) VALUES ('256', '20');
INSERT INTO `matriculas` (`aluno`, `disciplina`) VALUES ('256', '42');
INSERT INTO `matriculas` (`aluno`, `disciplina`) VALUES ('256', '46');
INSERT INTO `matriculas` (`aluno`, `disciplina`) VALUES ('256', '112');
INSERT INTO `matriculas` (`aluno`, `disciplina`) VALUES ('256', '113');
INSERT INTO `matriculas` (`aluno`, `disciplina`) VALUES ('257', '23');
INSERT INTO `matriculas` (`aluno`, `disciplina`) VALUES ('257', '86');
INSERT INTO `matriculas` (`aluno`, `disciplina`) VALUES ('257', '87');
INSERT INTO `matriculas` (`aluno`, `disciplina`) VALUES ('257', '88');
INSERT INTO `matriculas` (`aluno`, `disciplina`) VALUES ('257', '89');
INSERT INTO `matriculas` (`aluno`, `disciplina`) VALUES ('258', '23');
INSERT INTO `matriculas` (`aluno`, `disciplina`) VALUES ('258', '86');
INSERT INTO `matriculas` (`aluno`, `disciplina`) VALUES ('258', '87');
INSERT INTO `matriculas` (`aluno`, `disciplina`) VALUES ('258', '88');
INSERT INTO `matriculas` (`aluno`, `disciplina`) VALUES ('258', '89');
INSERT INTO `matriculas` (`aluno`, `disciplina`) VALUES ('259', '40');
INSERT INTO `matriculas` (`aluno`, `disciplina`) VALUES ('259', '41');
INSERT INTO `matriculas` (`aluno`, `disciplina`) VALUES ('259', '42');
INSERT INTO `matriculas` (`aluno`, `disciplina`) VALUES ('259', '43');
INSERT INTO `matriculas` (`aluno`, `disciplina`) VALUES ('259', '67');
INSERT INTO `matriculas` (`aluno`, `disciplina`) VALUES ('260', '29');
INSERT INTO `matriculas` (`aluno`, `disciplina`) VALUES ('260', '97');
INSERT INTO `matriculas` (`aluno`, `disciplina`) VALUES ('260', '98');
INSERT INTO `matriculas` (`aluno`, `disciplina`) VALUES ('260', '105');
INSERT INTO `matriculas` (`aluno`, `disciplina`) VALUES ('260', '106');
INSERT INTO `matriculas` (`aluno`, `disciplina`) VALUES ('260', '107');
INSERT INTO `matriculas` (`aluno`, `disciplina`) VALUES ('261', '20');
INSERT INTO `matriculas` (`aluno`, `disciplina`) VALUES ('261', '42');
INSERT INTO `matriculas` (`aluno`, `disciplina`) VALUES ('261', '46');
INSERT INTO `matriculas` (`aluno`, `disciplina`) VALUES ('261', '112');
INSERT INTO `matriculas` (`aluno`, `disciplina`) VALUES ('261', '113');
INSERT INTO `matriculas` (`aluno`, `disciplina`) VALUES ('262', '20');
INSERT INTO `matriculas` (`aluno`, `disciplina`) VALUES ('262', '42');
INSERT INTO `matriculas` (`aluno`, `disciplina`) VALUES ('262', '46');
INSERT INTO `matriculas` (`aluno`, `disciplina`) VALUES ('262', '112');
INSERT INTO `matriculas` (`aluno`, `disciplina`) VALUES ('262', '113');
INSERT INTO `matriculas` (`aluno`, `disciplina`) VALUES ('263', '29');
INSERT INTO `matriculas` (`aluno`, `disciplina`) VALUES ('263', '97');
INSERT INTO `matriculas` (`aluno`, `disciplina`) VALUES ('263', '98');
INSERT INTO `matriculas` (`aluno`, `disciplina`) VALUES ('263', '105');
INSERT INTO `matriculas` (`aluno`, `disciplina`) VALUES ('263', '106');
INSERT INTO `matriculas` (`aluno`, `disciplina`) VALUES ('263', '107');
INSERT INTO `matriculas` (`aluno`, `disciplina`) VALUES ('264', '29');
INSERT INTO `matriculas` (`aluno`, `disciplina`) VALUES ('264', '97');
INSERT INTO `matriculas` (`aluno`, `disciplina`) VALUES ('264', '98');
INSERT INTO `matriculas` (`aluno`, `disciplina`) VALUES ('264', '105');
INSERT INTO `matriculas` (`aluno`, `disciplina`) VALUES ('264', '106');
INSERT INTO `matriculas` (`aluno`, `disciplina`) VALUES ('264', '107');
INSERT INTO `matriculas` (`aluno`, `disciplina`) VALUES ('265', '29');
INSERT INTO `matriculas` (`aluno`, `disciplina`) VALUES ('265', '97');
INSERT INTO `matriculas` (`aluno`, `disciplina`) VALUES ('265', '98');
INSERT INTO `matriculas` (`aluno`, `disciplina`) VALUES ('265', '105');
INSERT INTO `matriculas` (`aluno`, `disciplina`) VALUES ('265', '106');
INSERT INTO `matriculas` (`aluno`, `disciplina`) VALUES ('265', '107');
INSERT INTO `matriculas` (`aluno`, `disciplina`) VALUES ('266', '29');
INSERT INTO `matriculas` (`aluno`, `disciplina`) VALUES ('266', '97');
INSERT INTO `matriculas` (`aluno`, `disciplina`) VALUES ('266', '98');
INSERT INTO `matriculas` (`aluno`, `disciplina`) VALUES ('266', '105');
INSERT INTO `matriculas` (`aluno`, `disciplina`) VALUES ('266', '106');
INSERT INTO `matriculas` (`aluno`, `disciplina`) VALUES ('266', '107');
INSERT INTO `matriculas` (`aluno`, `disciplina`) VALUES ('267', '20');
INSERT INTO `matriculas` (`aluno`, `disciplina`) VALUES ('267', '42');
INSERT INTO `matriculas` (`aluno`, `disciplina`) VALUES ('267', '46');
INSERT INTO `matriculas` (`aluno`, `disciplina`) VALUES ('267', '112');
INSERT INTO `matriculas` (`aluno`, `disciplina`) VALUES ('267', '113');
INSERT INTO `matriculas` (`aluno`, `disciplina`) VALUES ('268', '29');
INSERT INTO `matriculas` (`aluno`, `disciplina`) VALUES ('268', '98');
INSERT INTO `matriculas` (`aluno`, `disciplina`) VALUES ('268', '105');
INSERT INTO `matriculas` (`aluno`, `disciplina`) VALUES ('268', '106');
INSERT INTO `matriculas` (`aluno`, `disciplina`) VALUES ('268', '107');
INSERT INTO `matriculas` (`aluno`, `disciplina`) VALUES ('269', '23');
INSERT INTO `matriculas` (`aluno`, `disciplina`) VALUES ('269', '86');
INSERT INTO `matriculas` (`aluno`, `disciplina`) VALUES ('269', '87');
INSERT INTO `matriculas` (`aluno`, `disciplina`) VALUES ('269', '88');
INSERT INTO `matriculas` (`aluno`, `disciplina`) VALUES ('269', '89');
INSERT INTO `matriculas` (`aluno`, `disciplina`) VALUES ('270', '24');
INSERT INTO `matriculas` (`aluno`, `disciplina`) VALUES ('270', '25');
INSERT INTO `matriculas` (`aluno`, `disciplina`) VALUES ('270', '26');
INSERT INTO `matriculas` (`aluno`, `disciplina`) VALUES ('270', '27');
INSERT INTO `matriculas` (`aluno`, `disciplina`) VALUES ('270', '52');
INSERT INTO `matriculas` (`aluno`, `disciplina`) VALUES ('271', '20');
INSERT INTO `matriculas` (`aluno`, `disciplina`) VALUES ('271', '42');
INSERT INTO `matriculas` (`aluno`, `disciplina`) VALUES ('271', '46');
INSERT INTO `matriculas` (`aluno`, `disciplina`) VALUES ('271', '112');
INSERT INTO `matriculas` (`aluno`, `disciplina`) VALUES ('271', '113');
INSERT INTO `matriculas` (`aluno`, `disciplina`) VALUES ('272', '40');
INSERT INTO `matriculas` (`aluno`, `disciplina`) VALUES ('272', '41');
INSERT INTO `matriculas` (`aluno`, `disciplina`) VALUES ('272', '42');
INSERT INTO `matriculas` (`aluno`, `disciplina`) VALUES ('272', '43');
INSERT INTO `matriculas` (`aluno`, `disciplina`) VALUES ('273', '51');
INSERT INTO `matriculas` (`aluno`, `disciplina`) VALUES ('273', '99');
INSERT INTO `matriculas` (`aluno`, `disciplina`) VALUES ('273', '109');
INSERT INTO `matriculas` (`aluno`, `disciplina`) VALUES ('273', '110');
INSERT INTO `matriculas` (`aluno`, `disciplina`) VALUES ('273', '111');
INSERT INTO `matriculas` (`aluno`, `disciplina`) VALUES ('274', '40');
INSERT INTO `matriculas` (`aluno`, `disciplina`) VALUES ('274', '41');
INSERT INTO `matriculas` (`aluno`, `disciplina`) VALUES ('274', '42');
INSERT INTO `matriculas` (`aluno`, `disciplina`) VALUES ('274', '43');
INSERT INTO `matriculas` (`aluno`, `disciplina`) VALUES ('274', '67');
INSERT INTO `matriculas` (`aluno`, `disciplina`) VALUES ('275', '51');
INSERT INTO `matriculas` (`aluno`, `disciplina`) VALUES ('275', '99');
INSERT INTO `matriculas` (`aluno`, `disciplina`) VALUES ('275', '109');
INSERT INTO `matriculas` (`aluno`, `disciplina`) VALUES ('275', '110');
INSERT INTO `matriculas` (`aluno`, `disciplina`) VALUES ('275', '111');
INSERT INTO `matriculas` (`aluno`, `disciplina`) VALUES ('276', '71');
INSERT INTO `matriculas` (`aluno`, `disciplina`) VALUES ('276', '72');
INSERT INTO `matriculas` (`aluno`, `disciplina`) VALUES ('276', '73');
INSERT INTO `matriculas` (`aluno`, `disciplina`) VALUES ('276', '74');
INSERT INTO `matriculas` (`aluno`, `disciplina`) VALUES ('276', '96');
INSERT INTO `matriculas` (`aluno`, `disciplina`) VALUES ('276', '108');
INSERT INTO `matriculas` (`aluno`, `disciplina`) VALUES ('277', '51');
INSERT INTO `matriculas` (`aluno`, `disciplina`) VALUES ('277', '99');
INSERT INTO `matriculas` (`aluno`, `disciplina`) VALUES ('277', '109');
INSERT INTO `matriculas` (`aluno`, `disciplina`) VALUES ('277', '110');
INSERT INTO `matriculas` (`aluno`, `disciplina`) VALUES ('277', '111');
INSERT INTO `matriculas` (`aluno`, `disciplina`) VALUES ('278', '23');
INSERT INTO `matriculas` (`aluno`, `disciplina`) VALUES ('278', '86');
INSERT INTO `matriculas` (`aluno`, `disciplina`) VALUES ('278', '87');
INSERT INTO `matriculas` (`aluno`, `disciplina`) VALUES ('278', '88');
INSERT INTO `matriculas` (`aluno`, `disciplina`) VALUES ('278', '89');
INSERT INTO `matriculas` (`aluno`, `disciplina`) VALUES ('279', '29');
INSERT INTO `matriculas` (`aluno`, `disciplina`) VALUES ('279', '97');
INSERT INTO `matriculas` (`aluno`, `disciplina`) VALUES ('279', '98');
INSERT INTO `matriculas` (`aluno`, `disciplina`) VALUES ('279', '105');
INSERT INTO `matriculas` (`aluno`, `disciplina`) VALUES ('279', '106');
INSERT INTO `matriculas` (`aluno`, `disciplina`) VALUES ('279', '107');
INSERT INTO `matriculas` (`aluno`, `disciplina`) VALUES ('280', '71');
INSERT INTO `matriculas` (`aluno`, `disciplina`) VALUES ('280', '72');
INSERT INTO `matriculas` (`aluno`, `disciplina`) VALUES ('280', '73');
INSERT INTO `matriculas` (`aluno`, `disciplina`) VALUES ('280', '74');
INSERT INTO `matriculas` (`aluno`, `disciplina`) VALUES ('280', '96');
INSERT INTO `matriculas` (`aluno`, `disciplina`) VALUES ('280', '108');
INSERT INTO `matriculas` (`aluno`, `disciplina`) VALUES ('281', '70');
INSERT INTO `matriculas` (`aluno`, `disciplina`) VALUES ('282', '27');
INSERT INTO `matriculas` (`aluno`, `disciplina`) VALUES ('282', '99');
INSERT INTO `matriculas` (`aluno`, `disciplina`) VALUES ('282', '109');
INSERT INTO `matriculas` (`aluno`, `disciplina`) VALUES ('282', '110');
INSERT INTO `matriculas` (`aluno`, `disciplina`) VALUES ('282', '111');
INSERT INTO `matriculas` (`aluno`, `disciplina`) VALUES ('283', '29');
INSERT INTO `matriculas` (`aluno`, `disciplina`) VALUES ('283', '97');
INSERT INTO `matriculas` (`aluno`, `disciplina`) VALUES ('283', '98');
INSERT INTO `matriculas` (`aluno`, `disciplina`) VALUES ('283', '105');
INSERT INTO `matriculas` (`aluno`, `disciplina`) VALUES ('283', '106');
INSERT INTO `matriculas` (`aluno`, `disciplina`) VALUES ('283', '107');
INSERT INTO `matriculas` (`aluno`, `disciplina`) VALUES ('284', '51');
INSERT INTO `matriculas` (`aluno`, `disciplina`) VALUES ('284', '99');
INSERT INTO `matriculas` (`aluno`, `disciplina`) VALUES ('284', '109');
INSERT INTO `matriculas` (`aluno`, `disciplina`) VALUES ('284', '110');
INSERT INTO `matriculas` (`aluno`, `disciplina`) VALUES ('284', '111');
INSERT INTO `matriculas` (`aluno`, `disciplina`) VALUES ('285', '40');
INSERT INTO `matriculas` (`aluno`, `disciplina`) VALUES ('285', '41');
INSERT INTO `matriculas` (`aluno`, `disciplina`) VALUES ('285', '42');
INSERT INTO `matriculas` (`aluno`, `disciplina`) VALUES ('285', '43');
INSERT INTO `matriculas` (`aluno`, `disciplina`) VALUES ('285', '67');
INSERT INTO `matriculas` (`aluno`, `disciplina`) VALUES ('286', '29');
INSERT INTO `matriculas` (`aluno`, `disciplina`) VALUES ('286', '97');
INSERT INTO `matriculas` (`aluno`, `disciplina`) VALUES ('286', '98');
INSERT INTO `matriculas` (`aluno`, `disciplina`) VALUES ('286', '105');
INSERT INTO `matriculas` (`aluno`, `disciplina`) VALUES ('286', '106');
INSERT INTO `matriculas` (`aluno`, `disciplina`) VALUES ('286', '107');
INSERT INTO `matriculas` (`aluno`, `disciplina`) VALUES ('287', '23');
INSERT INTO `matriculas` (`aluno`, `disciplina`) VALUES ('287', '49');
INSERT INTO `matriculas` (`aluno`, `disciplina`) VALUES ('287', '60');
INSERT INTO `matriculas` (`aluno`, `disciplina`) VALUES ('287', '86');
INSERT INTO `matriculas` (`aluno`, `disciplina`) VALUES ('287', '87');
INSERT INTO `matriculas` (`aluno`, `disciplina`) VALUES ('287', '88');
INSERT INTO `matriculas` (`aluno`, `disciplina`) VALUES ('287', '89');
INSERT INTO `matriculas` (`aluno`, `disciplina`) VALUES ('287', '103');
INSERT INTO `matriculas` (`aluno`, `disciplina`) VALUES ('288', '20');
INSERT INTO `matriculas` (`aluno`, `disciplina`) VALUES ('288', '42');
INSERT INTO `matriculas` (`aluno`, `disciplina`) VALUES ('288', '46');
INSERT INTO `matriculas` (`aluno`, `disciplina`) VALUES ('288', '112');
INSERT INTO `matriculas` (`aluno`, `disciplina`) VALUES ('288', '113');
INSERT INTO `matriculas` (`aluno`, `disciplina`) VALUES ('289', '51');
INSERT INTO `matriculas` (`aluno`, `disciplina`) VALUES ('289', '99');
INSERT INTO `matriculas` (`aluno`, `disciplina`) VALUES ('289', '109');
INSERT INTO `matriculas` (`aluno`, `disciplina`) VALUES ('289', '110');
INSERT INTO `matriculas` (`aluno`, `disciplina`) VALUES ('289', '111');
INSERT INTO `matriculas` (`aluno`, `disciplina`) VALUES ('290', '42');
INSERT INTO `matriculas` (`aluno`, `disciplina`) VALUES ('290', '46');
INSERT INTO `matriculas` (`aluno`, `disciplina`) VALUES ('290', '112');
INSERT INTO `matriculas` (`aluno`, `disciplina`) VALUES ('290', '113');
INSERT INTO `matriculas` (`aluno`, `disciplina`) VALUES ('291', '40');
INSERT INTO `matriculas` (`aluno`, `disciplina`) VALUES ('291', '41');
INSERT INTO `matriculas` (`aluno`, `disciplina`) VALUES ('291', '42');
INSERT INTO `matriculas` (`aluno`, `disciplina`) VALUES ('291', '43');
INSERT INTO `matriculas` (`aluno`, `disciplina`) VALUES ('291', '67');
INSERT INTO `matriculas` (`aluno`, `disciplina`) VALUES ('292', '13');
INSERT INTO `matriculas` (`aluno`, `disciplina`) VALUES ('292', '15');
INSERT INTO `matriculas` (`aluno`, `disciplina`) VALUES ('292', '16');
INSERT INTO `matriculas` (`aluno`, `disciplina`) VALUES ('292', '17');
INSERT INTO `matriculas` (`aluno`, `disciplina`) VALUES ('292', '18');
INSERT INTO `matriculas` (`aluno`, `disciplina`) VALUES ('292', '19');
INSERT INTO `matriculas` (`aluno`, `disciplina`) VALUES ('292', '28');
INSERT INTO `matriculas` (`aluno`, `disciplina`) VALUES ('293', '4');
INSERT INTO `matriculas` (`aluno`, `disciplina`) VALUES ('293', '6');
INSERT INTO `matriculas` (`aluno`, `disciplina`) VALUES ('293', '7');
INSERT INTO `matriculas` (`aluno`, `disciplina`) VALUES ('293', '8');
INSERT INTO `matriculas` (`aluno`, `disciplina`) VALUES ('293', '95');
INSERT INTO `matriculas` (`aluno`, `disciplina`) VALUES ('293', '101');
INSERT INTO `matriculas` (`aluno`, `disciplina`) VALUES ('293', '112');
INSERT INTO `matriculas` (`aluno`, `disciplina`) VALUES ('294', '29');
INSERT INTO `matriculas` (`aluno`, `disciplina`) VALUES ('294', '97');
INSERT INTO `matriculas` (`aluno`, `disciplina`) VALUES ('294', '98');
INSERT INTO `matriculas` (`aluno`, `disciplina`) VALUES ('294', '105');
INSERT INTO `matriculas` (`aluno`, `disciplina`) VALUES ('294', '106');
INSERT INTO `matriculas` (`aluno`, `disciplina`) VALUES ('294', '107');
INSERT INTO `matriculas` (`aluno`, `disciplina`) VALUES ('295', '23');
INSERT INTO `matriculas` (`aluno`, `disciplina`) VALUES ('295', '86');
INSERT INTO `matriculas` (`aluno`, `disciplina`) VALUES ('295', '87');
INSERT INTO `matriculas` (`aluno`, `disciplina`) VALUES ('295', '88');
INSERT INTO `matriculas` (`aluno`, `disciplina`) VALUES ('295', '89');
INSERT INTO `matriculas` (`aluno`, `disciplina`) VALUES ('296', '90');
INSERT INTO `matriculas` (`aluno`, `disciplina`) VALUES ('296', '91');
INSERT INTO `matriculas` (`aluno`, `disciplina`) VALUES ('296', '92');
INSERT INTO `matriculas` (`aluno`, `disciplina`) VALUES ('296', '93');
INSERT INTO `matriculas` (`aluno`, `disciplina`) VALUES ('296', '94');
INSERT INTO `matriculas` (`aluno`, `disciplina`) VALUES ('297', '23');
INSERT INTO `matriculas` (`aluno`, `disciplina`) VALUES ('297', '86');
INSERT INTO `matriculas` (`aluno`, `disciplina`) VALUES ('297', '87');
INSERT INTO `matriculas` (`aluno`, `disciplina`) VALUES ('297', '88');
INSERT INTO `matriculas` (`aluno`, `disciplina`) VALUES ('297', '89');
INSERT INTO `matriculas` (`aluno`, `disciplina`) VALUES ('298', '71');
INSERT INTO `matriculas` (`aluno`, `disciplina`) VALUES ('298', '72');
INSERT INTO `matriculas` (`aluno`, `disciplina`) VALUES ('298', '73');
INSERT INTO `matriculas` (`aluno`, `disciplina`) VALUES ('298', '74');
INSERT INTO `matriculas` (`aluno`, `disciplina`) VALUES ('298', '96');
INSERT INTO `matriculas` (`aluno`, `disciplina`) VALUES ('298', '108');
INSERT INTO `matriculas` (`aluno`, `disciplina`) VALUES ('299', '51');
INSERT INTO `matriculas` (`aluno`, `disciplina`) VALUES ('299', '99');
INSERT INTO `matriculas` (`aluno`, `disciplina`) VALUES ('299', '109');
INSERT INTO `matriculas` (`aluno`, `disciplina`) VALUES ('299', '110');
INSERT INTO `matriculas` (`aluno`, `disciplina`) VALUES ('299', '111');
INSERT INTO `matriculas` (`aluno`, `disciplina`) VALUES ('300', '23');
INSERT INTO `matriculas` (`aluno`, `disciplina`) VALUES ('300', '86');
INSERT INTO `matriculas` (`aluno`, `disciplina`) VALUES ('300', '87');
INSERT INTO `matriculas` (`aluno`, `disciplina`) VALUES ('300', '88');
INSERT INTO `matriculas` (`aluno`, `disciplina`) VALUES ('300', '89');
INSERT INTO `matriculas` (`aluno`, `disciplina`) VALUES ('301', '23');
INSERT INTO `matriculas` (`aluno`, `disciplina`) VALUES ('301', '86');
INSERT INTO `matriculas` (`aluno`, `disciplina`) VALUES ('301', '87');
INSERT INTO `matriculas` (`aluno`, `disciplina`) VALUES ('301', '88');
INSERT INTO `matriculas` (`aluno`, `disciplina`) VALUES ('301', '89');
INSERT INTO `matriculas` (`aluno`, `disciplina`) VALUES ('302', '71');
INSERT INTO `matriculas` (`aluno`, `disciplina`) VALUES ('302', '72');
INSERT INTO `matriculas` (`aluno`, `disciplina`) VALUES ('302', '73');
INSERT INTO `matriculas` (`aluno`, `disciplina`) VALUES ('302', '74');
INSERT INTO `matriculas` (`aluno`, `disciplina`) VALUES ('302', '96');
INSERT INTO `matriculas` (`aluno`, `disciplina`) VALUES ('302', '108');
INSERT INTO `matriculas` (`aluno`, `disciplina`) VALUES ('303', '20');
INSERT INTO `matriculas` (`aluno`, `disciplina`) VALUES ('303', '42');
INSERT INTO `matriculas` (`aluno`, `disciplina`) VALUES ('303', '46');
INSERT INTO `matriculas` (`aluno`, `disciplina`) VALUES ('303', '112');
INSERT INTO `matriculas` (`aluno`, `disciplina`) VALUES ('303', '113');
INSERT INTO `matriculas` (`aluno`, `disciplina`) VALUES ('304', '51');
INSERT INTO `matriculas` (`aluno`, `disciplina`) VALUES ('304', '99');
INSERT INTO `matriculas` (`aluno`, `disciplina`) VALUES ('304', '109');
INSERT INTO `matriculas` (`aluno`, `disciplina`) VALUES ('304', '110');
INSERT INTO `matriculas` (`aluno`, `disciplina`) VALUES ('304', '111');
INSERT INTO `matriculas` (`aluno`, `disciplina`) VALUES ('305', '29');
INSERT INTO `matriculas` (`aluno`, `disciplina`) VALUES ('305', '97');
INSERT INTO `matriculas` (`aluno`, `disciplina`) VALUES ('305', '98');
INSERT INTO `matriculas` (`aluno`, `disciplina`) VALUES ('305', '105');
INSERT INTO `matriculas` (`aluno`, `disciplina`) VALUES ('305', '106');
INSERT INTO `matriculas` (`aluno`, `disciplina`) VALUES ('305', '107');
INSERT INTO `matriculas` (`aluno`, `disciplina`) VALUES ('306', '20');
INSERT INTO `matriculas` (`aluno`, `disciplina`) VALUES ('306', '42');
INSERT INTO `matriculas` (`aluno`, `disciplina`) VALUES ('306', '46');
INSERT INTO `matriculas` (`aluno`, `disciplina`) VALUES ('306', '112');
INSERT INTO `matriculas` (`aluno`, `disciplina`) VALUES ('306', '113');
INSERT INTO `matriculas` (`aluno`, `disciplina`) VALUES ('307', '23');
INSERT INTO `matriculas` (`aluno`, `disciplina`) VALUES ('307', '86');
INSERT INTO `matriculas` (`aluno`, `disciplina`) VALUES ('307', '87');
INSERT INTO `matriculas` (`aluno`, `disciplina`) VALUES ('307', '88');
INSERT INTO `matriculas` (`aluno`, `disciplina`) VALUES ('307', '89');
INSERT INTO `matriculas` (`aluno`, `disciplina`) VALUES ('308', '23');
INSERT INTO `matriculas` (`aluno`, `disciplina`) VALUES ('308', '86');
INSERT INTO `matriculas` (`aluno`, `disciplina`) VALUES ('308', '87');
INSERT INTO `matriculas` (`aluno`, `disciplina`) VALUES ('308', '88');
INSERT INTO `matriculas` (`aluno`, `disciplina`) VALUES ('308', '89');
INSERT INTO `matriculas` (`aluno`, `disciplina`) VALUES ('309', '29');
INSERT INTO `matriculas` (`aluno`, `disciplina`) VALUES ('309', '97');
INSERT INTO `matriculas` (`aluno`, `disciplina`) VALUES ('309', '98');
INSERT INTO `matriculas` (`aluno`, `disciplina`) VALUES ('309', '105');
INSERT INTO `matriculas` (`aluno`, `disciplina`) VALUES ('309', '106');
INSERT INTO `matriculas` (`aluno`, `disciplina`) VALUES ('309', '107');
INSERT INTO `matriculas` (`aluno`, `disciplina`) VALUES ('310', '20');
INSERT INTO `matriculas` (`aluno`, `disciplina`) VALUES ('310', '42');
INSERT INTO `matriculas` (`aluno`, `disciplina`) VALUES ('310', '46');
INSERT INTO `matriculas` (`aluno`, `disciplina`) VALUES ('310', '112');
INSERT INTO `matriculas` (`aluno`, `disciplina`) VALUES ('310', '113');
INSERT INTO `matriculas` (`aluno`, `disciplina`) VALUES ('311', '51');
INSERT INTO `matriculas` (`aluno`, `disciplina`) VALUES ('311', '99');
INSERT INTO `matriculas` (`aluno`, `disciplina`) VALUES ('311', '109');
INSERT INTO `matriculas` (`aluno`, `disciplina`) VALUES ('311', '110');
INSERT INTO `matriculas` (`aluno`, `disciplina`) VALUES ('311', '111');
INSERT INTO `matriculas` (`aluno`, `disciplina`) VALUES ('312', '83');
INSERT INTO `matriculas` (`aluno`, `disciplina`) VALUES ('312', '84');
INSERT INTO `matriculas` (`aluno`, `disciplina`) VALUES ('313', '29');
INSERT INTO `matriculas` (`aluno`, `disciplina`) VALUES ('313', '97');
INSERT INTO `matriculas` (`aluno`, `disciplina`) VALUES ('313', '98');
INSERT INTO `matriculas` (`aluno`, `disciplina`) VALUES ('313', '105');
INSERT INTO `matriculas` (`aluno`, `disciplina`) VALUES ('313', '106');
INSERT INTO `matriculas` (`aluno`, `disciplina`) VALUES ('313', '107');
INSERT INTO `matriculas` (`aluno`, `disciplina`) VALUES ('314', '71');
INSERT INTO `matriculas` (`aluno`, `disciplina`) VALUES ('314', '72');
INSERT INTO `matriculas` (`aluno`, `disciplina`) VALUES ('314', '73');
INSERT INTO `matriculas` (`aluno`, `disciplina`) VALUES ('314', '74');
INSERT INTO `matriculas` (`aluno`, `disciplina`) VALUES ('314', '96');
INSERT INTO `matriculas` (`aluno`, `disciplina`) VALUES ('314', '108');
INSERT INTO `matriculas` (`aluno`, `disciplina`) VALUES ('315', '23');
INSERT INTO `matriculas` (`aluno`, `disciplina`) VALUES ('315', '86');
INSERT INTO `matriculas` (`aluno`, `disciplina`) VALUES ('315', '87');
INSERT INTO `matriculas` (`aluno`, `disciplina`) VALUES ('315', '88');
INSERT INTO `matriculas` (`aluno`, `disciplina`) VALUES ('315', '89');
INSERT INTO `matriculas` (`aluno`, `disciplina`) VALUES ('316', '23');
INSERT INTO `matriculas` (`aluno`, `disciplina`) VALUES ('316', '86');
INSERT INTO `matriculas` (`aluno`, `disciplina`) VALUES ('316', '87');
INSERT INTO `matriculas` (`aluno`, `disciplina`) VALUES ('316', '88');
INSERT INTO `matriculas` (`aluno`, `disciplina`) VALUES ('316', '89');
INSERT INTO `matriculas` (`aluno`, `disciplina`) VALUES ('317', '13');
INSERT INTO `matriculas` (`aluno`, `disciplina`) VALUES ('317', '28');
INSERT INTO `matriculas` (`aluno`, `disciplina`) VALUES ('317', '47');
INSERT INTO `matriculas` (`aluno`, `disciplina`) VALUES ('317', '48');
INSERT INTO `matriculas` (`aluno`, `disciplina`) VALUES ('317', '50');
INSERT INTO `matriculas` (`aluno`, `disciplina`) VALUES ('318', '40');
INSERT INTO `matriculas` (`aluno`, `disciplina`) VALUES ('318', '41');
INSERT INTO `matriculas` (`aluno`, `disciplina`) VALUES ('318', '42');
INSERT INTO `matriculas` (`aluno`, `disciplina`) VALUES ('318', '43');
INSERT INTO `matriculas` (`aluno`, `disciplina`) VALUES ('318', '67');
INSERT INTO `matriculas` (`aluno`, `disciplina`) VALUES ('319', '20');
INSERT INTO `matriculas` (`aluno`, `disciplina`) VALUES ('319', '42');
INSERT INTO `matriculas` (`aluno`, `disciplina`) VALUES ('319', '46');
INSERT INTO `matriculas` (`aluno`, `disciplina`) VALUES ('319', '112');
INSERT INTO `matriculas` (`aluno`, `disciplina`) VALUES ('319', '113');
INSERT INTO `matriculas` (`aluno`, `disciplina`) VALUES ('320', '20');
INSERT INTO `matriculas` (`aluno`, `disciplina`) VALUES ('320', '42');
INSERT INTO `matriculas` (`aluno`, `disciplina`) VALUES ('320', '46');
INSERT INTO `matriculas` (`aluno`, `disciplina`) VALUES ('320', '112');
INSERT INTO `matriculas` (`aluno`, `disciplina`) VALUES ('320', '113');
INSERT INTO `matriculas` (`aluno`, `disciplina`) VALUES ('321', '29');
INSERT INTO `matriculas` (`aluno`, `disciplina`) VALUES ('321', '97');
INSERT INTO `matriculas` (`aluno`, `disciplina`) VALUES ('321', '98');
INSERT INTO `matriculas` (`aluno`, `disciplina`) VALUES ('321', '105');
INSERT INTO `matriculas` (`aluno`, `disciplina`) VALUES ('321', '106');
INSERT INTO `matriculas` (`aluno`, `disciplina`) VALUES ('321', '107');
INSERT INTO `matriculas` (`aluno`, `disciplina`) VALUES ('322', '20');
INSERT INTO `matriculas` (`aluno`, `disciplina`) VALUES ('322', '42');
INSERT INTO `matriculas` (`aluno`, `disciplina`) VALUES ('322', '46');
INSERT INTO `matriculas` (`aluno`, `disciplina`) VALUES ('322', '112');
INSERT INTO `matriculas` (`aluno`, `disciplina`) VALUES ('322', '113');
INSERT INTO `matriculas` (`aluno`, `disciplina`) VALUES ('323', '29');
INSERT INTO `matriculas` (`aluno`, `disciplina`) VALUES ('323', '97');
INSERT INTO `matriculas` (`aluno`, `disciplina`) VALUES ('323', '98');
INSERT INTO `matriculas` (`aluno`, `disciplina`) VALUES ('323', '105');
INSERT INTO `matriculas` (`aluno`, `disciplina`) VALUES ('323', '106');
INSERT INTO `matriculas` (`aluno`, `disciplina`) VALUES ('323', '107');
INSERT INTO `matriculas` (`aluno`, `disciplina`) VALUES ('324', '21');
INSERT INTO `matriculas` (`aluno`, `disciplina`) VALUES ('324', '62');
INSERT INTO `matriculas` (`aluno`, `disciplina`) VALUES ('324', '63');
INSERT INTO `matriculas` (`aluno`, `disciplina`) VALUES ('324', '64');
INSERT INTO `matriculas` (`aluno`, `disciplina`) VALUES ('324', '66');
INSERT INTO `matriculas` (`aluno`, `disciplina`) VALUES ('325', '51');
INSERT INTO `matriculas` (`aluno`, `disciplina`) VALUES ('325', '99');
INSERT INTO `matriculas` (`aluno`, `disciplina`) VALUES ('325', '109');
INSERT INTO `matriculas` (`aluno`, `disciplina`) VALUES ('325', '110');
INSERT INTO `matriculas` (`aluno`, `disciplina`) VALUES ('325', '111');
INSERT INTO `matriculas` (`aluno`, `disciplina`) VALUES ('326', '29');
INSERT INTO `matriculas` (`aluno`, `disciplina`) VALUES ('326', '97');
INSERT INTO `matriculas` (`aluno`, `disciplina`) VALUES ('326', '98');
INSERT INTO `matriculas` (`aluno`, `disciplina`) VALUES ('326', '105');
INSERT INTO `matriculas` (`aluno`, `disciplina`) VALUES ('326', '106');
INSERT INTO `matriculas` (`aluno`, `disciplina`) VALUES ('326', '107');
INSERT INTO `matriculas` (`aluno`, `disciplina`) VALUES ('327', '71');
INSERT INTO `matriculas` (`aluno`, `disciplina`) VALUES ('327', '72');
INSERT INTO `matriculas` (`aluno`, `disciplina`) VALUES ('327', '73');
INSERT INTO `matriculas` (`aluno`, `disciplina`) VALUES ('327', '74');
INSERT INTO `matriculas` (`aluno`, `disciplina`) VALUES ('327', '96');
INSERT INTO `matriculas` (`aluno`, `disciplina`) VALUES ('327', '108');
INSERT INTO `matriculas` (`aluno`, `disciplina`) VALUES ('328', '40');
INSERT INTO `matriculas` (`aluno`, `disciplina`) VALUES ('328', '41');
INSERT INTO `matriculas` (`aluno`, `disciplina`) VALUES ('328', '42');
INSERT INTO `matriculas` (`aluno`, `disciplina`) VALUES ('328', '43');
INSERT INTO `matriculas` (`aluno`, `disciplina`) VALUES ('328', '67');
INSERT INTO `matriculas` (`aluno`, `disciplina`) VALUES ('329', '11');
INSERT INTO `matriculas` (`aluno`, `disciplina`) VALUES ('329', '13');
INSERT INTO `matriculas` (`aluno`, `disciplina`) VALUES ('329', '17');
INSERT INTO `matriculas` (`aluno`, `disciplina`) VALUES ('329', '18');
INSERT INTO `matriculas` (`aluno`, `disciplina`) VALUES ('329', '19');
INSERT INTO `matriculas` (`aluno`, `disciplina`) VALUES ('329', '28');
INSERT INTO `matriculas` (`aluno`, `disciplina`) VALUES ('329', '49');
INSERT INTO `matriculas` (`aluno`, `disciplina`) VALUES ('330', '90');
INSERT INTO `matriculas` (`aluno`, `disciplina`) VALUES ('330', '91');
INSERT INTO `matriculas` (`aluno`, `disciplina`) VALUES ('330', '92');
INSERT INTO `matriculas` (`aluno`, `disciplina`) VALUES ('330', '93');
INSERT INTO `matriculas` (`aluno`, `disciplina`) VALUES ('330', '94');
INSERT INTO `matriculas` (`aluno`, `disciplina`) VALUES ('330', '95');
INSERT INTO `matriculas` (`aluno`, `disciplina`) VALUES ('331', '40');
INSERT INTO `matriculas` (`aluno`, `disciplina`) VALUES ('331', '41');
INSERT INTO `matriculas` (`aluno`, `disciplina`) VALUES ('331', '42');
INSERT INTO `matriculas` (`aluno`, `disciplina`) VALUES ('331', '43');
INSERT INTO `matriculas` (`aluno`, `disciplina`) VALUES ('331', '67');
INSERT INTO `matriculas` (`aluno`, `disciplina`) VALUES ('332', '51');
INSERT INTO `matriculas` (`aluno`, `disciplina`) VALUES ('332', '99');
INSERT INTO `matriculas` (`aluno`, `disciplina`) VALUES ('332', '109');
INSERT INTO `matriculas` (`aluno`, `disciplina`) VALUES ('332', '110');
INSERT INTO `matriculas` (`aluno`, `disciplina`) VALUES ('332', '111');
INSERT INTO `matriculas` (`aluno`, `disciplina`) VALUES ('333', '40');
INSERT INTO `matriculas` (`aluno`, `disciplina`) VALUES ('333', '41');
INSERT INTO `matriculas` (`aluno`, `disciplina`) VALUES ('333', '42');
INSERT INTO `matriculas` (`aluno`, `disciplina`) VALUES ('333', '43');
INSERT INTO `matriculas` (`aluno`, `disciplina`) VALUES ('333', '67');
INSERT INTO `matriculas` (`aluno`, `disciplina`) VALUES ('334', '51');
INSERT INTO `matriculas` (`aluno`, `disciplina`) VALUES ('334', '54');
INSERT INTO `matriculas` (`aluno`, `disciplina`) VALUES ('334', '109');
INSERT INTO `matriculas` (`aluno`, `disciplina`) VALUES ('334', '110');
INSERT INTO `matriculas` (`aluno`, `disciplina`) VALUES ('334', '111');
INSERT INTO `matriculas` (`aluno`, `disciplina`) VALUES ('335', '40');
INSERT INTO `matriculas` (`aluno`, `disciplina`) VALUES ('335', '41');
INSERT INTO `matriculas` (`aluno`, `disciplina`) VALUES ('335', '42');
INSERT INTO `matriculas` (`aluno`, `disciplina`) VALUES ('335', '43');
INSERT INTO `matriculas` (`aluno`, `disciplina`) VALUES ('335', '67');
INSERT INTO `matriculas` (`aluno`, `disciplina`) VALUES ('336', '20');
INSERT INTO `matriculas` (`aluno`, `disciplina`) VALUES ('336', '42');
INSERT INTO `matriculas` (`aluno`, `disciplina`) VALUES ('336', '46');
INSERT INTO `matriculas` (`aluno`, `disciplina`) VALUES ('336', '112');
INSERT INTO `matriculas` (`aluno`, `disciplina`) VALUES ('336', '113');
INSERT INTO `matriculas` (`aluno`, `disciplina`) VALUES ('337', '28');
INSERT INTO `matriculas` (`aluno`, `disciplina`) VALUES ('337', '47');
INSERT INTO `matriculas` (`aluno`, `disciplina`) VALUES ('337', '48');
INSERT INTO `matriculas` (`aluno`, `disciplina`) VALUES ('337', '49');
INSERT INTO `matriculas` (`aluno`, `disciplina`) VALUES ('337', '50');
INSERT INTO `matriculas` (`aluno`, `disciplina`) VALUES ('338', '24');
INSERT INTO `matriculas` (`aluno`, `disciplina`) VALUES ('338', '25');
INSERT INTO `matriculas` (`aluno`, `disciplina`) VALUES ('338', '26');
INSERT INTO `matriculas` (`aluno`, `disciplina`) VALUES ('338', '27');
INSERT INTO `matriculas` (`aluno`, `disciplina`) VALUES ('338', '52');
INSERT INTO `matriculas` (`aluno`, `disciplina`) VALUES ('339', '44');
INSERT INTO `matriculas` (`aluno`, `disciplina`) VALUES ('339', '81');
INSERT INTO `matriculas` (`aluno`, `disciplina`) VALUES ('339', '82');
INSERT INTO `matriculas` (`aluno`, `disciplina`) VALUES ('339', '83');
INSERT INTO `matriculas` (`aluno`, `disciplina`) VALUES ('339', '84');
INSERT INTO `matriculas` (`aluno`, `disciplina`) VALUES ('339', '85');
INSERT INTO `matriculas` (`aluno`, `disciplina`) VALUES ('340', '44');
INSERT INTO `matriculas` (`aluno`, `disciplina`) VALUES ('340', '81');
INSERT INTO `matriculas` (`aluno`, `disciplina`) VALUES ('340', '82');
INSERT INTO `matriculas` (`aluno`, `disciplina`) VALUES ('340', '83');
INSERT INTO `matriculas` (`aluno`, `disciplina`) VALUES ('340', '84');
INSERT INTO `matriculas` (`aluno`, `disciplina`) VALUES ('340', '85');
INSERT INTO `matriculas` (`aluno`, `disciplina`) VALUES ('341', '28');
INSERT INTO `matriculas` (`aluno`, `disciplina`) VALUES ('341', '47');
INSERT INTO `matriculas` (`aluno`, `disciplina`) VALUES ('341', '48');
INSERT INTO `matriculas` (`aluno`, `disciplina`) VALUES ('341', '49');
INSERT INTO `matriculas` (`aluno`, `disciplina`) VALUES ('341', '50');
INSERT INTO `matriculas` (`aluno`, `disciplina`) VALUES ('342', '62');
INSERT INTO `matriculas` (`aluno`, `disciplina`) VALUES ('342', '63');
INSERT INTO `matriculas` (`aluno`, `disciplina`) VALUES ('342', '64');
INSERT INTO `matriculas` (`aluno`, `disciplina`) VALUES ('342', '65');
INSERT INTO `matriculas` (`aluno`, `disciplina`) VALUES ('342', '66');
INSERT INTO `matriculas` (`aluno`, `disciplina`) VALUES ('343', '62');
INSERT INTO `matriculas` (`aluno`, `disciplina`) VALUES ('343', '63');
INSERT INTO `matriculas` (`aluno`, `disciplina`) VALUES ('343', '64');
INSERT INTO `matriculas` (`aluno`, `disciplina`) VALUES ('343', '65');
INSERT INTO `matriculas` (`aluno`, `disciplina`) VALUES ('343', '66');
INSERT INTO `matriculas` (`aluno`, `disciplina`) VALUES ('344', '28');
INSERT INTO `matriculas` (`aluno`, `disciplina`) VALUES ('344', '47');
INSERT INTO `matriculas` (`aluno`, `disciplina`) VALUES ('344', '48');
INSERT INTO `matriculas` (`aluno`, `disciplina`) VALUES ('344', '49');
INSERT INTO `matriculas` (`aluno`, `disciplina`) VALUES ('344', '50');
INSERT INTO `matriculas` (`aluno`, `disciplina`) VALUES ('345', '44');
INSERT INTO `matriculas` (`aluno`, `disciplina`) VALUES ('345', '81');
INSERT INTO `matriculas` (`aluno`, `disciplina`) VALUES ('345', '82');
INSERT INTO `matriculas` (`aluno`, `disciplina`) VALUES ('345', '83');
INSERT INTO `matriculas` (`aluno`, `disciplina`) VALUES ('345', '84');
INSERT INTO `matriculas` (`aluno`, `disciplina`) VALUES ('345', '85');
INSERT INTO `matriculas` (`aluno`, `disciplina`) VALUES ('346', '62');
INSERT INTO `matriculas` (`aluno`, `disciplina`) VALUES ('346', '63');
INSERT INTO `matriculas` (`aluno`, `disciplina`) VALUES ('346', '64');
INSERT INTO `matriculas` (`aluno`, `disciplina`) VALUES ('346', '65');
INSERT INTO `matriculas` (`aluno`, `disciplina`) VALUES ('346', '66');
INSERT INTO `matriculas` (`aluno`, `disciplina`) VALUES ('347', '28');
INSERT INTO `matriculas` (`aluno`, `disciplina`) VALUES ('347', '47');
INSERT INTO `matriculas` (`aluno`, `disciplina`) VALUES ('347', '48');
INSERT INTO `matriculas` (`aluno`, `disciplina`) VALUES ('347', '49');
INSERT INTO `matriculas` (`aluno`, `disciplina`) VALUES ('347', '50');
INSERT INTO `matriculas` (`aluno`, `disciplina`) VALUES ('348', '44');
INSERT INTO `matriculas` (`aluno`, `disciplina`) VALUES ('348', '81');
INSERT INTO `matriculas` (`aluno`, `disciplina`) VALUES ('348', '82');
INSERT INTO `matriculas` (`aluno`, `disciplina`) VALUES ('348', '83');
INSERT INTO `matriculas` (`aluno`, `disciplina`) VALUES ('348', '84');
INSERT INTO `matriculas` (`aluno`, `disciplina`) VALUES ('348', '85');
INSERT INTO `matriculas` (`aluno`, `disciplina`) VALUES ('349', '44');
INSERT INTO `matriculas` (`aluno`, `disciplina`) VALUES ('349', '81');
INSERT INTO `matriculas` (`aluno`, `disciplina`) VALUES ('349', '82');
INSERT INTO `matriculas` (`aluno`, `disciplina`) VALUES ('349', '83');
INSERT INTO `matriculas` (`aluno`, `disciplina`) VALUES ('349', '84');
INSERT INTO `matriculas` (`aluno`, `disciplina`) VALUES ('349', '85');
INSERT INTO `matriculas` (`aluno`, `disciplina`) VALUES ('350', '23');
INSERT INTO `matriculas` (`aluno`, `disciplina`) VALUES ('350', '62');
INSERT INTO `matriculas` (`aluno`, `disciplina`) VALUES ('350', '64');
INSERT INTO `matriculas` (`aluno`, `disciplina`) VALUES ('350', '65');
INSERT INTO `matriculas` (`aluno`, `disciplina`) VALUES ('350', '66');
INSERT INTO `matriculas` (`aluno`, `disciplina`) VALUES ('351', '28');
INSERT INTO `matriculas` (`aluno`, `disciplina`) VALUES ('351', '47');
INSERT INTO `matriculas` (`aluno`, `disciplina`) VALUES ('351', '48');
INSERT INTO `matriculas` (`aluno`, `disciplina`) VALUES ('351', '49');
INSERT INTO `matriculas` (`aluno`, `disciplina`) VALUES ('351', '50');
INSERT INTO `matriculas` (`aluno`, `disciplina`) VALUES ('352', '28');
INSERT INTO `matriculas` (`aluno`, `disciplina`) VALUES ('352', '47');
INSERT INTO `matriculas` (`aluno`, `disciplina`) VALUES ('352', '48');
INSERT INTO `matriculas` (`aluno`, `disciplina`) VALUES ('352', '49');
INSERT INTO `matriculas` (`aluno`, `disciplina`) VALUES ('352', '50');
INSERT INTO `matriculas` (`aluno`, `disciplina`) VALUES ('353', '24');
INSERT INTO `matriculas` (`aluno`, `disciplina`) VALUES ('353', '25');
INSERT INTO `matriculas` (`aluno`, `disciplina`) VALUES ('353', '26');
INSERT INTO `matriculas` (`aluno`, `disciplina`) VALUES ('353', '27');
INSERT INTO `matriculas` (`aluno`, `disciplina`) VALUES ('353', '52');
INSERT INTO `matriculas` (`aluno`, `disciplina`) VALUES ('354', '44');
INSERT INTO `matriculas` (`aluno`, `disciplina`) VALUES ('354', '81');
INSERT INTO `matriculas` (`aluno`, `disciplina`) VALUES ('354', '82');
INSERT INTO `matriculas` (`aluno`, `disciplina`) VALUES ('354', '83');
INSERT INTO `matriculas` (`aluno`, `disciplina`) VALUES ('354', '84');
INSERT INTO `matriculas` (`aluno`, `disciplina`) VALUES ('354', '85');
INSERT INTO `matriculas` (`aluno`, `disciplina`) VALUES ('355', '44');
INSERT INTO `matriculas` (`aluno`, `disciplina`) VALUES ('355', '81');
INSERT INTO `matriculas` (`aluno`, `disciplina`) VALUES ('355', '82');
INSERT INTO `matriculas` (`aluno`, `disciplina`) VALUES ('355', '83');
INSERT INTO `matriculas` (`aluno`, `disciplina`) VALUES ('355', '84');
INSERT INTO `matriculas` (`aluno`, `disciplina`) VALUES ('355', '85');
INSERT INTO `matriculas` (`aluno`, `disciplina`) VALUES ('356', '44');
INSERT INTO `matriculas` (`aluno`, `disciplina`) VALUES ('356', '81');
INSERT INTO `matriculas` (`aluno`, `disciplina`) VALUES ('356', '82');
INSERT INTO `matriculas` (`aluno`, `disciplina`) VALUES ('356', '83');
INSERT INTO `matriculas` (`aluno`, `disciplina`) VALUES ('356', '84');
INSERT INTO `matriculas` (`aluno`, `disciplina`) VALUES ('356', '85');
INSERT INTO `matriculas` (`aluno`, `disciplina`) VALUES ('357', '24');
INSERT INTO `matriculas` (`aluno`, `disciplina`) VALUES ('357', '25');
INSERT INTO `matriculas` (`aluno`, `disciplina`) VALUES ('357', '26');
INSERT INTO `matriculas` (`aluno`, `disciplina`) VALUES ('357', '27');
INSERT INTO `matriculas` (`aluno`, `disciplina`) VALUES ('357', '52');
INSERT INTO `matriculas` (`aluno`, `disciplina`) VALUES ('358', '28');
INSERT INTO `matriculas` (`aluno`, `disciplina`) VALUES ('358', '47');
INSERT INTO `matriculas` (`aluno`, `disciplina`) VALUES ('358', '48');
INSERT INTO `matriculas` (`aluno`, `disciplina`) VALUES ('358', '49');
INSERT INTO `matriculas` (`aluno`, `disciplina`) VALUES ('358', '50');
INSERT INTO `matriculas` (`aluno`, `disciplina`) VALUES ('359', '28');
INSERT INTO `matriculas` (`aluno`, `disciplina`) VALUES ('359', '47');
INSERT INTO `matriculas` (`aluno`, `disciplina`) VALUES ('359', '48');
INSERT INTO `matriculas` (`aluno`, `disciplina`) VALUES ('359', '49');
INSERT INTO `matriculas` (`aluno`, `disciplina`) VALUES ('359', '50');
INSERT INTO `matriculas` (`aluno`, `disciplina`) VALUES ('360', '44');
INSERT INTO `matriculas` (`aluno`, `disciplina`) VALUES ('360', '81');
INSERT INTO `matriculas` (`aluno`, `disciplina`) VALUES ('360', '82');
INSERT INTO `matriculas` (`aluno`, `disciplina`) VALUES ('360', '83');
INSERT INTO `matriculas` (`aluno`, `disciplina`) VALUES ('360', '84');
INSERT INTO `matriculas` (`aluno`, `disciplina`) VALUES ('360', '85');
INSERT INTO `matriculas` (`aluno`, `disciplina`) VALUES ('361', '28');
INSERT INTO `matriculas` (`aluno`, `disciplina`) VALUES ('361', '47');
INSERT INTO `matriculas` (`aluno`, `disciplina`) VALUES ('361', '48');
INSERT INTO `matriculas` (`aluno`, `disciplina`) VALUES ('361', '49');
INSERT INTO `matriculas` (`aluno`, `disciplina`) VALUES ('361', '50');
INSERT INTO `matriculas` (`aluno`, `disciplina`) VALUES ('362', '24');
INSERT INTO `matriculas` (`aluno`, `disciplina`) VALUES ('362', '25');
INSERT INTO `matriculas` (`aluno`, `disciplina`) VALUES ('362', '26');
INSERT INTO `matriculas` (`aluno`, `disciplina`) VALUES ('362', '27');
INSERT INTO `matriculas` (`aluno`, `disciplina`) VALUES ('362', '52');
INSERT INTO `matriculas` (`aluno`, `disciplina`) VALUES ('363', '28');
INSERT INTO `matriculas` (`aluno`, `disciplina`) VALUES ('363', '47');
INSERT INTO `matriculas` (`aluno`, `disciplina`) VALUES ('363', '48');
INSERT INTO `matriculas` (`aluno`, `disciplina`) VALUES ('363', '49');
INSERT INTO `matriculas` (`aluno`, `disciplina`) VALUES ('363', '50');
INSERT INTO `matriculas` (`aluno`, `disciplina`) VALUES ('364', '44');
INSERT INTO `matriculas` (`aluno`, `disciplina`) VALUES ('364', '81');
INSERT INTO `matriculas` (`aluno`, `disciplina`) VALUES ('364', '82');
INSERT INTO `matriculas` (`aluno`, `disciplina`) VALUES ('364', '83');
INSERT INTO `matriculas` (`aluno`, `disciplina`) VALUES ('364', '84');
INSERT INTO `matriculas` (`aluno`, `disciplina`) VALUES ('364', '85');
INSERT INTO `matriculas` (`aluno`, `disciplina`) VALUES ('365', '44');
INSERT INTO `matriculas` (`aluno`, `disciplina`) VALUES ('365', '81');
INSERT INTO `matriculas` (`aluno`, `disciplina`) VALUES ('365', '82');
INSERT INTO `matriculas` (`aluno`, `disciplina`) VALUES ('365', '83');
INSERT INTO `matriculas` (`aluno`, `disciplina`) VALUES ('365', '84');
INSERT INTO `matriculas` (`aluno`, `disciplina`) VALUES ('365', '85');
INSERT INTO `matriculas` (`aluno`, `disciplina`) VALUES ('366', '44');
INSERT INTO `matriculas` (`aluno`, `disciplina`) VALUES ('366', '81');
INSERT INTO `matriculas` (`aluno`, `disciplina`) VALUES ('366', '82');
INSERT INTO `matriculas` (`aluno`, `disciplina`) VALUES ('366', '83');
INSERT INTO `matriculas` (`aluno`, `disciplina`) VALUES ('366', '84');
INSERT INTO `matriculas` (`aluno`, `disciplina`) VALUES ('366', '85');
INSERT INTO `matriculas` (`aluno`, `disciplina`) VALUES ('367', '44');
INSERT INTO `matriculas` (`aluno`, `disciplina`) VALUES ('367', '81');
INSERT INTO `matriculas` (`aluno`, `disciplina`) VALUES ('367', '82');
INSERT INTO `matriculas` (`aluno`, `disciplina`) VALUES ('367', '83');
INSERT INTO `matriculas` (`aluno`, `disciplina`) VALUES ('367', '84');
INSERT INTO `matriculas` (`aluno`, `disciplina`) VALUES ('367', '85');
INSERT INTO `matriculas` (`aluno`, `disciplina`) VALUES ('368', '49');
INSERT INTO `matriculas` (`aluno`, `disciplina`) VALUES ('368', '56');
INSERT INTO `matriculas` (`aluno`, `disciplina`) VALUES ('368', '57');
INSERT INTO `matriculas` (`aluno`, `disciplina`) VALUES ('368', '58');
INSERT INTO `matriculas` (`aluno`, `disciplina`) VALUES ('368', '61');
INSERT INTO `matriculas` (`aluno`, `disciplina`) VALUES ('368', '74');
INSERT INTO `matriculas` (`aluno`, `disciplina`) VALUES ('369', '44');
INSERT INTO `matriculas` (`aluno`, `disciplina`) VALUES ('369', '81');
INSERT INTO `matriculas` (`aluno`, `disciplina`) VALUES ('369', '82');
INSERT INTO `matriculas` (`aluno`, `disciplina`) VALUES ('369', '83');
INSERT INTO `matriculas` (`aluno`, `disciplina`) VALUES ('369', '84');
INSERT INTO `matriculas` (`aluno`, `disciplina`) VALUES ('369', '85');
INSERT INTO `matriculas` (`aluno`, `disciplina`) VALUES ('370', '24');
INSERT INTO `matriculas` (`aluno`, `disciplina`) VALUES ('370', '25');
INSERT INTO `matriculas` (`aluno`, `disciplina`) VALUES ('370', '26');
INSERT INTO `matriculas` (`aluno`, `disciplina`) VALUES ('370', '27');
INSERT INTO `matriculas` (`aluno`, `disciplina`) VALUES ('370', '52');
INSERT INTO `matriculas` (`aluno`, `disciplina`) VALUES ('371', '28');
INSERT INTO `matriculas` (`aluno`, `disciplina`) VALUES ('371', '47');
INSERT INTO `matriculas` (`aluno`, `disciplina`) VALUES ('371', '48');
INSERT INTO `matriculas` (`aluno`, `disciplina`) VALUES ('371', '49');
INSERT INTO `matriculas` (`aluno`, `disciplina`) VALUES ('371', '50');
INSERT INTO `matriculas` (`aluno`, `disciplina`) VALUES ('372', '49');
INSERT INTO `matriculas` (`aluno`, `disciplina`) VALUES ('372', '56');
INSERT INTO `matriculas` (`aluno`, `disciplina`) VALUES ('372', '57');
INSERT INTO `matriculas` (`aluno`, `disciplina`) VALUES ('372', '58');
INSERT INTO `matriculas` (`aluno`, `disciplina`) VALUES ('372', '60');
INSERT INTO `matriculas` (`aluno`, `disciplina`) VALUES ('372', '61');
INSERT INTO `matriculas` (`aluno`, `disciplina`) VALUES ('373', '44');
INSERT INTO `matriculas` (`aluno`, `disciplina`) VALUES ('373', '81');
INSERT INTO `matriculas` (`aluno`, `disciplina`) VALUES ('373', '82');
INSERT INTO `matriculas` (`aluno`, `disciplina`) VALUES ('373', '83');
INSERT INTO `matriculas` (`aluno`, `disciplina`) VALUES ('373', '84');
INSERT INTO `matriculas` (`aluno`, `disciplina`) VALUES ('373', '85');
INSERT INTO `matriculas` (`aluno`, `disciplina`) VALUES ('374', '44');
INSERT INTO `matriculas` (`aluno`, `disciplina`) VALUES ('374', '81');
INSERT INTO `matriculas` (`aluno`, `disciplina`) VALUES ('374', '83');
INSERT INTO `matriculas` (`aluno`, `disciplina`) VALUES ('374', '85');
INSERT INTO `matriculas` (`aluno`, `disciplina`) VALUES ('375', '44');
INSERT INTO `matriculas` (`aluno`, `disciplina`) VALUES ('375', '81');
INSERT INTO `matriculas` (`aluno`, `disciplina`) VALUES ('375', '82');
INSERT INTO `matriculas` (`aluno`, `disciplina`) VALUES ('375', '83');
INSERT INTO `matriculas` (`aluno`, `disciplina`) VALUES ('375', '84');
INSERT INTO `matriculas` (`aluno`, `disciplina`) VALUES ('375', '85');
INSERT INTO `matriculas` (`aluno`, `disciplina`) VALUES ('376', '62');
INSERT INTO `matriculas` (`aluno`, `disciplina`) VALUES ('376', '63');
INSERT INTO `matriculas` (`aluno`, `disciplina`) VALUES ('376', '64');
INSERT INTO `matriculas` (`aluno`, `disciplina`) VALUES ('376', '65');
INSERT INTO `matriculas` (`aluno`, `disciplina`) VALUES ('376', '66');
INSERT INTO `matriculas` (`aluno`, `disciplina`) VALUES ('377', '62');
INSERT INTO `matriculas` (`aluno`, `disciplina`) VALUES ('377', '63');
INSERT INTO `matriculas` (`aluno`, `disciplina`) VALUES ('377', '64');
INSERT INTO `matriculas` (`aluno`, `disciplina`) VALUES ('377', '65');
INSERT INTO `matriculas` (`aluno`, `disciplina`) VALUES ('377', '66');
INSERT INTO `matriculas` (`aluno`, `disciplina`) VALUES ('378', '44');
INSERT INTO `matriculas` (`aluno`, `disciplina`) VALUES ('378', '81');
INSERT INTO `matriculas` (`aluno`, `disciplina`) VALUES ('378', '82');
INSERT INTO `matriculas` (`aluno`, `disciplina`) VALUES ('378', '83');
INSERT INTO `matriculas` (`aluno`, `disciplina`) VALUES ('378', '84');
INSERT INTO `matriculas` (`aluno`, `disciplina`) VALUES ('378', '85');
INSERT INTO `matriculas` (`aluno`, `disciplina`) VALUES ('379', '28');
INSERT INTO `matriculas` (`aluno`, `disciplina`) VALUES ('379', '29');
INSERT INTO `matriculas` (`aluno`, `disciplina`) VALUES ('379', '48');
INSERT INTO `matriculas` (`aluno`, `disciplina`) VALUES ('379', '49');
INSERT INTO `matriculas` (`aluno`, `disciplina`) VALUES ('379', '50');
INSERT INTO `matriculas` (`aluno`, `disciplina`) VALUES ('380', '28');
INSERT INTO `matriculas` (`aluno`, `disciplina`) VALUES ('380', '47');
INSERT INTO `matriculas` (`aluno`, `disciplina`) VALUES ('380', '48');
INSERT INTO `matriculas` (`aluno`, `disciplina`) VALUES ('380', '49');
INSERT INTO `matriculas` (`aluno`, `disciplina`) VALUES ('380', '50');
INSERT INTO `matriculas` (`aluno`, `disciplina`) VALUES ('381', '44');
INSERT INTO `matriculas` (`aluno`, `disciplina`) VALUES ('381', '81');
INSERT INTO `matriculas` (`aluno`, `disciplina`) VALUES ('381', '82');
INSERT INTO `matriculas` (`aluno`, `disciplina`) VALUES ('381', '83');
INSERT INTO `matriculas` (`aluno`, `disciplina`) VALUES ('381', '84');
INSERT INTO `matriculas` (`aluno`, `disciplina`) VALUES ('381', '85');
INSERT INTO `matriculas` (`aluno`, `disciplina`) VALUES ('382', '28');
INSERT INTO `matriculas` (`aluno`, `disciplina`) VALUES ('382', '47');
INSERT INTO `matriculas` (`aluno`, `disciplina`) VALUES ('382', '48');
INSERT INTO `matriculas` (`aluno`, `disciplina`) VALUES ('382', '49');
INSERT INTO `matriculas` (`aluno`, `disciplina`) VALUES ('382', '50');
INSERT INTO `matriculas` (`aluno`, `disciplina`) VALUES ('383', '24');
INSERT INTO `matriculas` (`aluno`, `disciplina`) VALUES ('383', '25');
INSERT INTO `matriculas` (`aluno`, `disciplina`) VALUES ('383', '26');
INSERT INTO `matriculas` (`aluno`, `disciplina`) VALUES ('383', '27');
INSERT INTO `matriculas` (`aluno`, `disciplina`) VALUES ('383', '52');
INSERT INTO `matriculas` (`aluno`, `disciplina`) VALUES ('384', '2');
INSERT INTO `matriculas` (`aluno`, `disciplina`) VALUES ('384', '41');
INSERT INTO `matriculas` (`aluno`, `disciplina`) VALUES ('384', '42');
INSERT INTO `matriculas` (`aluno`, `disciplina`) VALUES ('384', '67');
INSERT INTO `matriculas` (`aluno`, `disciplina`) VALUES ('384', '68');
INSERT INTO `matriculas` (`aluno`, `disciplina`) VALUES ('385', '28');
INSERT INTO `matriculas` (`aluno`, `disciplina`) VALUES ('385', '47');
INSERT INTO `matriculas` (`aluno`, `disciplina`) VALUES ('385', '48');
INSERT INTO `matriculas` (`aluno`, `disciplina`) VALUES ('385', '49');
INSERT INTO `matriculas` (`aluno`, `disciplina`) VALUES ('385', '50');
INSERT INTO `matriculas` (`aluno`, `disciplina`) VALUES ('386', '62');
INSERT INTO `matriculas` (`aluno`, `disciplina`) VALUES ('386', '63');
INSERT INTO `matriculas` (`aluno`, `disciplina`) VALUES ('386', '64');
INSERT INTO `matriculas` (`aluno`, `disciplina`) VALUES ('386', '65');
INSERT INTO `matriculas` (`aluno`, `disciplina`) VALUES ('386', '66');
INSERT INTO `matriculas` (`aluno`, `disciplina`) VALUES ('387', '28');
INSERT INTO `matriculas` (`aluno`, `disciplina`) VALUES ('387', '47');
INSERT INTO `matriculas` (`aluno`, `disciplina`) VALUES ('387', '48');
INSERT INTO `matriculas` (`aluno`, `disciplina`) VALUES ('387', '49');
INSERT INTO `matriculas` (`aluno`, `disciplina`) VALUES ('387', '50');
INSERT INTO `matriculas` (`aluno`, `disciplina`) VALUES ('388', '40');
INSERT INTO `matriculas` (`aluno`, `disciplina`) VALUES ('388', '41');
INSERT INTO `matriculas` (`aluno`, `disciplina`) VALUES ('388', '42');
INSERT INTO `matriculas` (`aluno`, `disciplina`) VALUES ('388', '43');
INSERT INTO `matriculas` (`aluno`, `disciplina`) VALUES ('389', '49');
INSERT INTO `matriculas` (`aluno`, `disciplina`) VALUES ('389', '57');
INSERT INTO `matriculas` (`aluno`, `disciplina`) VALUES ('389', '58');
INSERT INTO `matriculas` (`aluno`, `disciplina`) VALUES ('389', '60');
INSERT INTO `matriculas` (`aluno`, `disciplina`) VALUES ('389', '61');
INSERT INTO `matriculas` (`aluno`, `disciplina`) VALUES ('390', '44');
INSERT INTO `matriculas` (`aluno`, `disciplina`) VALUES ('390', '81');
INSERT INTO `matriculas` (`aluno`, `disciplina`) VALUES ('390', '82');
INSERT INTO `matriculas` (`aluno`, `disciplina`) VALUES ('390', '83');
INSERT INTO `matriculas` (`aluno`, `disciplina`) VALUES ('390', '84');
INSERT INTO `matriculas` (`aluno`, `disciplina`) VALUES ('390', '85');
INSERT INTO `matriculas` (`aluno`, `disciplina`) VALUES ('391', '62');
INSERT INTO `matriculas` (`aluno`, `disciplina`) VALUES ('391', '63');
INSERT INTO `matriculas` (`aluno`, `disciplina`) VALUES ('391', '64');
INSERT INTO `matriculas` (`aluno`, `disciplina`) VALUES ('391', '65');
INSERT INTO `matriculas` (`aluno`, `disciplina`) VALUES ('391', '66');
INSERT INTO `matriculas` (`aluno`, `disciplina`) VALUES ('392', '49');
INSERT INTO `matriculas` (`aluno`, `disciplina`) VALUES ('392', '57');
INSERT INTO `matriculas` (`aluno`, `disciplina`) VALUES ('392', '58');
INSERT INTO `matriculas` (`aluno`, `disciplina`) VALUES ('392', '60');
INSERT INTO `matriculas` (`aluno`, `disciplina`) VALUES ('392', '61');
INSERT INTO `matriculas` (`aluno`, `disciplina`) VALUES ('393', '44');
INSERT INTO `matriculas` (`aluno`, `disciplina`) VALUES ('393', '81');
INSERT INTO `matriculas` (`aluno`, `disciplina`) VALUES ('393', '82');
INSERT INTO `matriculas` (`aluno`, `disciplina`) VALUES ('393', '83');
INSERT INTO `matriculas` (`aluno`, `disciplina`) VALUES ('393', '84');
INSERT INTO `matriculas` (`aluno`, `disciplina`) VALUES ('393', '85');
INSERT INTO `matriculas` (`aluno`, `disciplina`) VALUES ('394', '28');
INSERT INTO `matriculas` (`aluno`, `disciplina`) VALUES ('394', '47');
INSERT INTO `matriculas` (`aluno`, `disciplina`) VALUES ('394', '48');
INSERT INTO `matriculas` (`aluno`, `disciplina`) VALUES ('394', '49');
INSERT INTO `matriculas` (`aluno`, `disciplina`) VALUES ('394', '50');
INSERT INTO `matriculas` (`aluno`, `disciplina`) VALUES ('395', '49');
INSERT INTO `matriculas` (`aluno`, `disciplina`) VALUES ('395', '56');
INSERT INTO `matriculas` (`aluno`, `disciplina`) VALUES ('395', '57');
INSERT INTO `matriculas` (`aluno`, `disciplina`) VALUES ('395', '58');
INSERT INTO `matriculas` (`aluno`, `disciplina`) VALUES ('395', '60');
INSERT INTO `matriculas` (`aluno`, `disciplina`) VALUES ('395', '61');
INSERT INTO `matriculas` (`aluno`, `disciplina`) VALUES ('396', '44');
INSERT INTO `matriculas` (`aluno`, `disciplina`) VALUES ('396', '81');
INSERT INTO `matriculas` (`aluno`, `disciplina`) VALUES ('396', '82');
INSERT INTO `matriculas` (`aluno`, `disciplina`) VALUES ('396', '83');
INSERT INTO `matriculas` (`aluno`, `disciplina`) VALUES ('396', '84');
INSERT INTO `matriculas` (`aluno`, `disciplina`) VALUES ('396', '85');
INSERT INTO `matriculas` (`aluno`, `disciplina`) VALUES ('397', '2');
INSERT INTO `matriculas` (`aluno`, `disciplina`) VALUES ('397', '3');
INSERT INTO `matriculas` (`aluno`, `disciplina`) VALUES ('397', '34');
INSERT INTO `matriculas` (`aluno`, `disciplina`) VALUES ('397', '35');
INSERT INTO `matriculas` (`aluno`, `disciplina`) VALUES ('397', '38');
INSERT INTO `matriculas` (`aluno`, `disciplina`) VALUES ('398', '44');
INSERT INTO `matriculas` (`aluno`, `disciplina`) VALUES ('398', '82');
INSERT INTO `matriculas` (`aluno`, `disciplina`) VALUES ('398', '84');
INSERT INTO `matriculas` (`aluno`, `disciplina`) VALUES ('398', '85');
INSERT INTO `matriculas` (`aluno`, `disciplina`) VALUES ('398', '90');
INSERT INTO `matriculas` (`aluno`, `disciplina`) VALUES ('399', '24');
INSERT INTO `matriculas` (`aluno`, `disciplina`) VALUES ('399', '25');
INSERT INTO `matriculas` (`aluno`, `disciplina`) VALUES ('399', '26');
INSERT INTO `matriculas` (`aluno`, `disciplina`) VALUES ('399', '27');
INSERT INTO `matriculas` (`aluno`, `disciplina`) VALUES ('399', '52');
INSERT INTO `matriculas` (`aluno`, `disciplina`) VALUES ('400', '49');
INSERT INTO `matriculas` (`aluno`, `disciplina`) VALUES ('400', '56');
INSERT INTO `matriculas` (`aluno`, `disciplina`) VALUES ('400', '57');
INSERT INTO `matriculas` (`aluno`, `disciplina`) VALUES ('400', '58');
INSERT INTO `matriculas` (`aluno`, `disciplina`) VALUES ('400', '60');
INSERT INTO `matriculas` (`aluno`, `disciplina`) VALUES ('400', '61');
INSERT INTO `matriculas` (`aluno`, `disciplina`) VALUES ('400', '103');
INSERT INTO `matriculas` (`aluno`, `disciplina`) VALUES ('401', '62');
INSERT INTO `matriculas` (`aluno`, `disciplina`) VALUES ('401', '63');
INSERT INTO `matriculas` (`aluno`, `disciplina`) VALUES ('401', '64');
INSERT INTO `matriculas` (`aluno`, `disciplina`) VALUES ('401', '65');
INSERT INTO `matriculas` (`aluno`, `disciplina`) VALUES ('401', '66');
INSERT INTO `matriculas` (`aluno`, `disciplina`) VALUES ('402', '24');
INSERT INTO `matriculas` (`aluno`, `disciplina`) VALUES ('402', '25');
INSERT INTO `matriculas` (`aluno`, `disciplina`) VALUES ('402', '26');
INSERT INTO `matriculas` (`aluno`, `disciplina`) VALUES ('402', '27');
INSERT INTO `matriculas` (`aluno`, `disciplina`) VALUES ('402', '52');
INSERT INTO `matriculas` (`aluno`, `disciplina`) VALUES ('403', '28');
INSERT INTO `matriculas` (`aluno`, `disciplina`) VALUES ('403', '47');
INSERT INTO `matriculas` (`aluno`, `disciplina`) VALUES ('403', '48');
INSERT INTO `matriculas` (`aluno`, `disciplina`) VALUES ('403', '49');
INSERT INTO `matriculas` (`aluno`, `disciplina`) VALUES ('403', '50');
INSERT INTO `matriculas` (`aluno`, `disciplina`) VALUES ('404', '24');
INSERT INTO `matriculas` (`aluno`, `disciplina`) VALUES ('404', '25');
INSERT INTO `matriculas` (`aluno`, `disciplina`) VALUES ('404', '26');
INSERT INTO `matriculas` (`aluno`, `disciplina`) VALUES ('404', '27');
INSERT INTO `matriculas` (`aluno`, `disciplina`) VALUES ('404', '28');
INSERT INTO `matriculas` (`aluno`, `disciplina`) VALUES ('404', '47');
INSERT INTO `matriculas` (`aluno`, `disciplina`) VALUES ('404', '48');
INSERT INTO `matriculas` (`aluno`, `disciplina`) VALUES ('404', '49');
INSERT INTO `matriculas` (`aluno`, `disciplina`) VALUES ('404', '50');
INSERT INTO `matriculas` (`aluno`, `disciplina`) VALUES ('405', '28');
INSERT INTO `matriculas` (`aluno`, `disciplina`) VALUES ('405', '47');
INSERT INTO `matriculas` (`aluno`, `disciplina`) VALUES ('405', '48');
INSERT INTO `matriculas` (`aluno`, `disciplina`) VALUES ('405', '49');
INSERT INTO `matriculas` (`aluno`, `disciplina`) VALUES ('405', '50');
INSERT INTO `matriculas` (`aluno`, `disciplina`) VALUES ('406', '49');
INSERT INTO `matriculas` (`aluno`, `disciplina`) VALUES ('406', '56');
INSERT INTO `matriculas` (`aluno`, `disciplina`) VALUES ('406', '57');
INSERT INTO `matriculas` (`aluno`, `disciplina`) VALUES ('406', '58');
INSERT INTO `matriculas` (`aluno`, `disciplina`) VALUES ('406', '60');
INSERT INTO `matriculas` (`aluno`, `disciplina`) VALUES ('406', '61');
INSERT INTO `matriculas` (`aluno`, `disciplina`) VALUES ('407', '28');
INSERT INTO `matriculas` (`aluno`, `disciplina`) VALUES ('407', '47');
INSERT INTO `matriculas` (`aluno`, `disciplina`) VALUES ('407', '48');
INSERT INTO `matriculas` (`aluno`, `disciplina`) VALUES ('407', '49');
INSERT INTO `matriculas` (`aluno`, `disciplina`) VALUES ('407', '50');
INSERT INTO `matriculas` (`aluno`, `disciplina`) VALUES ('408', '24');
INSERT INTO `matriculas` (`aluno`, `disciplina`) VALUES ('408', '25');
INSERT INTO `matriculas` (`aluno`, `disciplina`) VALUES ('408', '26');
INSERT INTO `matriculas` (`aluno`, `disciplina`) VALUES ('408', '27');
INSERT INTO `matriculas` (`aluno`, `disciplina`) VALUES ('408', '52');
INSERT INTO `matriculas` (`aluno`, `disciplina`) VALUES ('409', '44');
INSERT INTO `matriculas` (`aluno`, `disciplina`) VALUES ('409', '81');
INSERT INTO `matriculas` (`aluno`, `disciplina`) VALUES ('409', '82');
INSERT INTO `matriculas` (`aluno`, `disciplina`) VALUES ('409', '83');
INSERT INTO `matriculas` (`aluno`, `disciplina`) VALUES ('409', '84');
INSERT INTO `matriculas` (`aluno`, `disciplina`) VALUES ('409', '85');
INSERT INTO `matriculas` (`aluno`, `disciplina`) VALUES ('410', '24');
INSERT INTO `matriculas` (`aluno`, `disciplina`) VALUES ('410', '25');
INSERT INTO `matriculas` (`aluno`, `disciplina`) VALUES ('410', '26');
INSERT INTO `matriculas` (`aluno`, `disciplina`) VALUES ('410', '27');
INSERT INTO `matriculas` (`aluno`, `disciplina`) VALUES ('410', '52');
INSERT INTO `matriculas` (`aluno`, `disciplina`) VALUES ('411', '41');
INSERT INTO `matriculas` (`aluno`, `disciplina`) VALUES ('411', '44');
INSERT INTO `matriculas` (`aluno`, `disciplina`) VALUES ('411', '67');
INSERT INTO `matriculas` (`aluno`, `disciplina`) VALUES ('411', '82');
INSERT INTO `matriculas` (`aluno`, `disciplina`) VALUES ('412', '24');
INSERT INTO `matriculas` (`aluno`, `disciplina`) VALUES ('412', '25');
INSERT INTO `matriculas` (`aluno`, `disciplina`) VALUES ('412', '26');
INSERT INTO `matriculas` (`aluno`, `disciplina`) VALUES ('412', '27');
INSERT INTO `matriculas` (`aluno`, `disciplina`) VALUES ('412', '52');
INSERT INTO `matriculas` (`aluno`, `disciplina`) VALUES ('413', '24');
INSERT INTO `matriculas` (`aluno`, `disciplina`) VALUES ('413', '25');
INSERT INTO `matriculas` (`aluno`, `disciplina`) VALUES ('413', '26');
INSERT INTO `matriculas` (`aluno`, `disciplina`) VALUES ('413', '27');
INSERT INTO `matriculas` (`aluno`, `disciplina`) VALUES ('413', '52');
INSERT INTO `matriculas` (`aluno`, `disciplina`) VALUES ('414', '44');
INSERT INTO `matriculas` (`aluno`, `disciplina`) VALUES ('414', '81');
INSERT INTO `matriculas` (`aluno`, `disciplina`) VALUES ('414', '82');
INSERT INTO `matriculas` (`aluno`, `disciplina`) VALUES ('414', '83');
INSERT INTO `matriculas` (`aluno`, `disciplina`) VALUES ('414', '84');
INSERT INTO `matriculas` (`aluno`, `disciplina`) VALUES ('414', '85');
INSERT INTO `matriculas` (`aluno`, `disciplina`) VALUES ('415', '62');
INSERT INTO `matriculas` (`aluno`, `disciplina`) VALUES ('415', '63');
INSERT INTO `matriculas` (`aluno`, `disciplina`) VALUES ('415', '64');
INSERT INTO `matriculas` (`aluno`, `disciplina`) VALUES ('415', '65');
INSERT INTO `matriculas` (`aluno`, `disciplina`) VALUES ('415', '66');
INSERT INTO `matriculas` (`aluno`, `disciplina`) VALUES ('416', '24');
INSERT INTO `matriculas` (`aluno`, `disciplina`) VALUES ('416', '25');
INSERT INTO `matriculas` (`aluno`, `disciplina`) VALUES ('416', '26');
INSERT INTO `matriculas` (`aluno`, `disciplina`) VALUES ('416', '27');
INSERT INTO `matriculas` (`aluno`, `disciplina`) VALUES ('416', '52');
INSERT INTO `matriculas` (`aluno`, `disciplina`) VALUES ('417', '62');
INSERT INTO `matriculas` (`aluno`, `disciplina`) VALUES ('417', '63');
INSERT INTO `matriculas` (`aluno`, `disciplina`) VALUES ('417', '64');
INSERT INTO `matriculas` (`aluno`, `disciplina`) VALUES ('417', '65');
INSERT INTO `matriculas` (`aluno`, `disciplina`) VALUES ('417', '66');
INSERT INTO `matriculas` (`aluno`, `disciplina`) VALUES ('418', '44');
INSERT INTO `matriculas` (`aluno`, `disciplina`) VALUES ('418', '81');
INSERT INTO `matriculas` (`aluno`, `disciplina`) VALUES ('418', '82');
INSERT INTO `matriculas` (`aluno`, `disciplina`) VALUES ('418', '83');
INSERT INTO `matriculas` (`aluno`, `disciplina`) VALUES ('418', '84');
INSERT INTO `matriculas` (`aluno`, `disciplina`) VALUES ('418', '85');
INSERT INTO `matriculas` (`aluno`, `disciplina`) VALUES ('419', '24');
INSERT INTO `matriculas` (`aluno`, `disciplina`) VALUES ('419', '25');
INSERT INTO `matriculas` (`aluno`, `disciplina`) VALUES ('419', '26');
INSERT INTO `matriculas` (`aluno`, `disciplina`) VALUES ('419', '27');
INSERT INTO `matriculas` (`aluno`, `disciplina`) VALUES ('419', '52');
INSERT INTO `matriculas` (`aluno`, `disciplina`) VALUES ('420', '49');
INSERT INTO `matriculas` (`aluno`, `disciplina`) VALUES ('420', '56');
INSERT INTO `matriculas` (`aluno`, `disciplina`) VALUES ('420', '58');
INSERT INTO `matriculas` (`aluno`, `disciplina`) VALUES ('420', '61');
INSERT INTO `matriculas` (`aluno`, `disciplina`) VALUES ('421', '24');
INSERT INTO `matriculas` (`aluno`, `disciplina`) VALUES ('421', '25');
INSERT INTO `matriculas` (`aluno`, `disciplina`) VALUES ('421', '26');
INSERT INTO `matriculas` (`aluno`, `disciplina`) VALUES ('421', '27');
INSERT INTO `matriculas` (`aluno`, `disciplina`) VALUES ('421', '52');
INSERT INTO `matriculas` (`aluno`, `disciplina`) VALUES ('422', '40');
INSERT INTO `matriculas` (`aluno`, `disciplina`) VALUES ('422', '41');
INSERT INTO `matriculas` (`aluno`, `disciplina`) VALUES ('422', '42');
INSERT INTO `matriculas` (`aluno`, `disciplina`) VALUES ('422', '43');
INSERT INTO `matriculas` (`aluno`, `disciplina`) VALUES ('422', '67');
INSERT INTO `matriculas` (`aluno`, `disciplina`) VALUES ('423', '44');
INSERT INTO `matriculas` (`aluno`, `disciplina`) VALUES ('423', '81');
INSERT INTO `matriculas` (`aluno`, `disciplina`) VALUES ('423', '82');
INSERT INTO `matriculas` (`aluno`, `disciplina`) VALUES ('423', '83');
INSERT INTO `matriculas` (`aluno`, `disciplina`) VALUES ('423', '84');
INSERT INTO `matriculas` (`aluno`, `disciplina`) VALUES ('423', '85');
INSERT INTO `matriculas` (`aluno`, `disciplina`) VALUES ('424', '44');
INSERT INTO `matriculas` (`aluno`, `disciplina`) VALUES ('424', '81');
INSERT INTO `matriculas` (`aluno`, `disciplina`) VALUES ('424', '83');
INSERT INTO `matriculas` (`aluno`, `disciplina`) VALUES ('424', '84');
INSERT INTO `matriculas` (`aluno`, `disciplina`) VALUES ('424', '85');
INSERT INTO `matriculas` (`aluno`, `disciplina`) VALUES ('425', '44');
INSERT INTO `matriculas` (`aluno`, `disciplina`) VALUES ('425', '81');
INSERT INTO `matriculas` (`aluno`, `disciplina`) VALUES ('425', '82');
INSERT INTO `matriculas` (`aluno`, `disciplina`) VALUES ('425', '83');
INSERT INTO `matriculas` (`aluno`, `disciplina`) VALUES ('425', '84');
INSERT INTO `matriculas` (`aluno`, `disciplina`) VALUES ('425', '85');
INSERT INTO `matriculas` (`aluno`, `disciplina`) VALUES ('426', '44');
INSERT INTO `matriculas` (`aluno`, `disciplina`) VALUES ('426', '81');
INSERT INTO `matriculas` (`aluno`, `disciplina`) VALUES ('426', '82');
INSERT INTO `matriculas` (`aluno`, `disciplina`) VALUES ('426', '83');
INSERT INTO `matriculas` (`aluno`, `disciplina`) VALUES ('426', '84');
INSERT INTO `matriculas` (`aluno`, `disciplina`) VALUES ('426', '85');
INSERT INTO `matriculas` (`aluno`, `disciplina`) VALUES ('427', '24');
INSERT INTO `matriculas` (`aluno`, `disciplina`) VALUES ('427', '25');
INSERT INTO `matriculas` (`aluno`, `disciplina`) VALUES ('427', '26');
INSERT INTO `matriculas` (`aluno`, `disciplina`) VALUES ('427', '27');
INSERT INTO `matriculas` (`aluno`, `disciplina`) VALUES ('427', '52');
INSERT INTO `matriculas` (`aluno`, `disciplina`) VALUES ('428', '44');
INSERT INTO `matriculas` (`aluno`, `disciplina`) VALUES ('428', '81');
INSERT INTO `matriculas` (`aluno`, `disciplina`) VALUES ('428', '82');
INSERT INTO `matriculas` (`aluno`, `disciplina`) VALUES ('428', '83');
INSERT INTO `matriculas` (`aluno`, `disciplina`) VALUES ('428', '84');
INSERT INTO `matriculas` (`aluno`, `disciplina`) VALUES ('428', '85');
INSERT INTO `matriculas` (`aluno`, `disciplina`) VALUES ('429', '44');
INSERT INTO `matriculas` (`aluno`, `disciplina`) VALUES ('429', '81');
INSERT INTO `matriculas` (`aluno`, `disciplina`) VALUES ('429', '82');
INSERT INTO `matriculas` (`aluno`, `disciplina`) VALUES ('429', '83');
INSERT INTO `matriculas` (`aluno`, `disciplina`) VALUES ('429', '84');
INSERT INTO `matriculas` (`aluno`, `disciplina`) VALUES ('429', '85');
INSERT INTO `matriculas` (`aluno`, `disciplina`) VALUES ('430', '44');
INSERT INTO `matriculas` (`aluno`, `disciplina`) VALUES ('430', '81');
INSERT INTO `matriculas` (`aluno`, `disciplina`) VALUES ('430', '82');
INSERT INTO `matriculas` (`aluno`, `disciplina`) VALUES ('430', '83');
INSERT INTO `matriculas` (`aluno`, `disciplina`) VALUES ('430', '84');
INSERT INTO `matriculas` (`aluno`, `disciplina`) VALUES ('430', '85');
INSERT INTO `matriculas` (`aluno`, `disciplina`) VALUES ('431', '42');
INSERT INTO `matriculas` (`aluno`, `disciplina`) VALUES ('431', '46');
INSERT INTO `matriculas` (`aluno`, `disciplina`) VALUES ('431', '90');
INSERT INTO `matriculas` (`aluno`, `disciplina`) VALUES ('431', '112');
INSERT INTO `matriculas` (`aluno`, `disciplina`) VALUES ('431', '113');
INSERT INTO `matriculas` (`aluno`, `disciplina`) VALUES ('432', '24');
INSERT INTO `matriculas` (`aluno`, `disciplina`) VALUES ('432', '25');
INSERT INTO `matriculas` (`aluno`, `disciplina`) VALUES ('432', '26');
INSERT INTO `matriculas` (`aluno`, `disciplina`) VALUES ('432', '27');
INSERT INTO `matriculas` (`aluno`, `disciplina`) VALUES ('432', '52');
INSERT INTO `matriculas` (`aluno`, `disciplina`) VALUES ('433', '44');
INSERT INTO `matriculas` (`aluno`, `disciplina`) VALUES ('433', '81');
INSERT INTO `matriculas` (`aluno`, `disciplina`) VALUES ('433', '82');
INSERT INTO `matriculas` (`aluno`, `disciplina`) VALUES ('433', '83');
INSERT INTO `matriculas` (`aluno`, `disciplina`) VALUES ('433', '84');
INSERT INTO `matriculas` (`aluno`, `disciplina`) VALUES ('433', '85');
INSERT INTO `matriculas` (`aluno`, `disciplina`) VALUES ('434', '24');
INSERT INTO `matriculas` (`aluno`, `disciplina`) VALUES ('434', '25');
INSERT INTO `matriculas` (`aluno`, `disciplina`) VALUES ('434', '26');
INSERT INTO `matriculas` (`aluno`, `disciplina`) VALUES ('434', '27');
INSERT INTO `matriculas` (`aluno`, `disciplina`) VALUES ('434', '52');
INSERT INTO `matriculas` (`aluno`, `disciplina`) VALUES ('435', '28');
INSERT INTO `matriculas` (`aluno`, `disciplina`) VALUES ('435', '47');
INSERT INTO `matriculas` (`aluno`, `disciplina`) VALUES ('435', '48');
INSERT INTO `matriculas` (`aluno`, `disciplina`) VALUES ('435', '49');
INSERT INTO `matriculas` (`aluno`, `disciplina`) VALUES ('435', '50');
INSERT INTO `matriculas` (`aluno`, `disciplina`) VALUES ('436', '62');
INSERT INTO `matriculas` (`aluno`, `disciplina`) VALUES ('436', '63');
INSERT INTO `matriculas` (`aluno`, `disciplina`) VALUES ('436', '64');
INSERT INTO `matriculas` (`aluno`, `disciplina`) VALUES ('436', '65');
INSERT INTO `matriculas` (`aluno`, `disciplina`) VALUES ('436', '66');
INSERT INTO `matriculas` (`aluno`, `disciplina`) VALUES ('437', '40');
INSERT INTO `matriculas` (`aluno`, `disciplina`) VALUES ('437', '41');
INSERT INTO `matriculas` (`aluno`, `disciplina`) VALUES ('437', '42');
INSERT INTO `matriculas` (`aluno`, `disciplina`) VALUES ('437', '43');
INSERT INTO `matriculas` (`aluno`, `disciplina`) VALUES ('438', '40');
INSERT INTO `matriculas` (`aluno`, `disciplina`) VALUES ('438', '41');
INSERT INTO `matriculas` (`aluno`, `disciplina`) VALUES ('438', '42');
INSERT INTO `matriculas` (`aluno`, `disciplina`) VALUES ('438', '43');
INSERT INTO `matriculas` (`aluno`, `disciplina`) VALUES ('439', '24');
INSERT INTO `matriculas` (`aluno`, `disciplina`) VALUES ('439', '25');
INSERT INTO `matriculas` (`aluno`, `disciplina`) VALUES ('439', '26');
INSERT INTO `matriculas` (`aluno`, `disciplina`) VALUES ('439', '27');
INSERT INTO `matriculas` (`aluno`, `disciplina`) VALUES ('439', '52');
INSERT INTO `matriculas` (`aluno`, `disciplina`) VALUES ('440', '24');
INSERT INTO `matriculas` (`aluno`, `disciplina`) VALUES ('440', '25');
INSERT INTO `matriculas` (`aluno`, `disciplina`) VALUES ('440', '26');
INSERT INTO `matriculas` (`aluno`, `disciplina`) VALUES ('440', '27');
INSERT INTO `matriculas` (`aluno`, `disciplina`) VALUES ('440', '52');
INSERT INTO `matriculas` (`aluno`, `disciplina`) VALUES ('441', '49');
INSERT INTO `matriculas` (`aluno`, `disciplina`) VALUES ('441', '56');
INSERT INTO `matriculas` (`aluno`, `disciplina`) VALUES ('441', '57');
INSERT INTO `matriculas` (`aluno`, `disciplina`) VALUES ('441', '58');
INSERT INTO `matriculas` (`aluno`, `disciplina`) VALUES ('441', '60');
INSERT INTO `matriculas` (`aluno`, `disciplina`) VALUES ('441', '61');
INSERT INTO `matriculas` (`aluno`, `disciplina`) VALUES ('441', '103');
INSERT INTO `matriculas` (`aluno`, `disciplina`) VALUES ('442', '44');
INSERT INTO `matriculas` (`aluno`, `disciplina`) VALUES ('442', '81');
INSERT INTO `matriculas` (`aluno`, `disciplina`) VALUES ('442', '82');
INSERT INTO `matriculas` (`aluno`, `disciplina`) VALUES ('442', '83');
INSERT INTO `matriculas` (`aluno`, `disciplina`) VALUES ('442', '84');
INSERT INTO `matriculas` (`aluno`, `disciplina`) VALUES ('442', '85');
INSERT INTO `matriculas` (`aluno`, `disciplina`) VALUES ('443', '24');
INSERT INTO `matriculas` (`aluno`, `disciplina`) VALUES ('443', '25');
INSERT INTO `matriculas` (`aluno`, `disciplina`) VALUES ('443', '26');
INSERT INTO `matriculas` (`aluno`, `disciplina`) VALUES ('443', '27');
INSERT INTO `matriculas` (`aluno`, `disciplina`) VALUES ('443', '52');
INSERT INTO `matriculas` (`aluno`, `disciplina`) VALUES ('444', '62');
INSERT INTO `matriculas` (`aluno`, `disciplina`) VALUES ('444', '63');
INSERT INTO `matriculas` (`aluno`, `disciplina`) VALUES ('444', '64');
INSERT INTO `matriculas` (`aluno`, `disciplina`) VALUES ('444', '65');
INSERT INTO `matriculas` (`aluno`, `disciplina`) VALUES ('444', '66');
INSERT INTO `matriculas` (`aluno`, `disciplina`) VALUES ('445', '44');
INSERT INTO `matriculas` (`aluno`, `disciplina`) VALUES ('445', '81');
INSERT INTO `matriculas` (`aluno`, `disciplina`) VALUES ('445', '82');
INSERT INTO `matriculas` (`aluno`, `disciplina`) VALUES ('445', '83');
INSERT INTO `matriculas` (`aluno`, `disciplina`) VALUES ('445', '84');
INSERT INTO `matriculas` (`aluno`, `disciplina`) VALUES ('445', '85');
INSERT INTO `matriculas` (`aluno`, `disciplina`) VALUES ('446', '44');
INSERT INTO `matriculas` (`aluno`, `disciplina`) VALUES ('446', '81');
INSERT INTO `matriculas` (`aluno`, `disciplina`) VALUES ('446', '82');
INSERT INTO `matriculas` (`aluno`, `disciplina`) VALUES ('446', '83');
INSERT INTO `matriculas` (`aluno`, `disciplina`) VALUES ('446', '84');
INSERT INTO `matriculas` (`aluno`, `disciplina`) VALUES ('446', '85');
INSERT INTO `matriculas` (`aluno`, `disciplina`) VALUES ('447', '62');
INSERT INTO `matriculas` (`aluno`, `disciplina`) VALUES ('447', '63');
INSERT INTO `matriculas` (`aluno`, `disciplina`) VALUES ('447', '64');
INSERT INTO `matriculas` (`aluno`, `disciplina`) VALUES ('447', '65');
INSERT INTO `matriculas` (`aluno`, `disciplina`) VALUES ('447', '66');
INSERT INTO `matriculas` (`aluno`, `disciplina`) VALUES ('448', '49');
INSERT INTO `matriculas` (`aluno`, `disciplina`) VALUES ('448', '57');
INSERT INTO `matriculas` (`aluno`, `disciplina`) VALUES ('448', '58');
INSERT INTO `matriculas` (`aluno`, `disciplina`) VALUES ('448', '60');
INSERT INTO `matriculas` (`aluno`, `disciplina`) VALUES ('448', '61');
INSERT INTO `matriculas` (`aluno`, `disciplina`) VALUES ('448', '103');
INSERT INTO `matriculas` (`aluno`, `disciplina`) VALUES ('449', '62');
INSERT INTO `matriculas` (`aluno`, `disciplina`) VALUES ('449', '63');
INSERT INTO `matriculas` (`aluno`, `disciplina`) VALUES ('449', '64');
INSERT INTO `matriculas` (`aluno`, `disciplina`) VALUES ('449', '65');
INSERT INTO `matriculas` (`aluno`, `disciplina`) VALUES ('449', '66');
INSERT INTO `matriculas` (`aluno`, `disciplina`) VALUES ('450', '44');
INSERT INTO `matriculas` (`aluno`, `disciplina`) VALUES ('450', '81');
INSERT INTO `matriculas` (`aluno`, `disciplina`) VALUES ('450', '82');
INSERT INTO `matriculas` (`aluno`, `disciplina`) VALUES ('450', '83');
INSERT INTO `matriculas` (`aluno`, `disciplina`) VALUES ('450', '84');
INSERT INTO `matriculas` (`aluno`, `disciplina`) VALUES ('450', '85');
INSERT INTO `matriculas` (`aluno`, `disciplina`) VALUES ('451', '44');
INSERT INTO `matriculas` (`aluno`, `disciplina`) VALUES ('451', '81');
INSERT INTO `matriculas` (`aluno`, `disciplina`) VALUES ('451', '82');
INSERT INTO `matriculas` (`aluno`, `disciplina`) VALUES ('451', '83');
INSERT INTO `matriculas` (`aluno`, `disciplina`) VALUES ('451', '84');
INSERT INTO `matriculas` (`aluno`, `disciplina`) VALUES ('451', '85');
INSERT INTO `matriculas` (`aluno`, `disciplina`) VALUES ('452', '44');
INSERT INTO `matriculas` (`aluno`, `disciplina`) VALUES ('452', '81');
INSERT INTO `matriculas` (`aluno`, `disciplina`) VALUES ('452', '82');
INSERT INTO `matriculas` (`aluno`, `disciplina`) VALUES ('452', '83');
INSERT INTO `matriculas` (`aluno`, `disciplina`) VALUES ('452', '84');
INSERT INTO `matriculas` (`aluno`, `disciplina`) VALUES ('452', '85');
INSERT INTO `matriculas` (`aluno`, `disciplina`) VALUES ('453', '44');
INSERT INTO `matriculas` (`aluno`, `disciplina`) VALUES ('453', '81');
INSERT INTO `matriculas` (`aluno`, `disciplina`) VALUES ('453', '82');
INSERT INTO `matriculas` (`aluno`, `disciplina`) VALUES ('453', '83');
INSERT INTO `matriculas` (`aluno`, `disciplina`) VALUES ('453', '84');
INSERT INTO `matriculas` (`aluno`, `disciplina`) VALUES ('453', '85');
INSERT INTO `matriculas` (`aluno`, `disciplina`) VALUES ('454', '24');
INSERT INTO `matriculas` (`aluno`, `disciplina`) VALUES ('454', '25');
INSERT INTO `matriculas` (`aluno`, `disciplina`) VALUES ('454', '26');
INSERT INTO `matriculas` (`aluno`, `disciplina`) VALUES ('454', '27');
INSERT INTO `matriculas` (`aluno`, `disciplina`) VALUES ('454', '110');
INSERT INTO `matriculas` (`aluno`, `disciplina`) VALUES ('455', '20');
INSERT INTO `matriculas` (`aluno`, `disciplina`) VALUES ('455', '42');
INSERT INTO `matriculas` (`aluno`, `disciplina`) VALUES ('455', '44');
INSERT INTO `matriculas` (`aluno`, `disciplina`) VALUES ('455', '83');
INSERT INTO `matriculas` (`aluno`, `disciplina`) VALUES ('455', '84');
INSERT INTO `matriculas` (`aluno`, `disciplina`) VALUES ('455', '85');
INSERT INTO `matriculas` (`aluno`, `disciplina`) VALUES ('456', '20');
INSERT INTO `matriculas` (`aluno`, `disciplina`) VALUES ('456', '42');
INSERT INTO `matriculas` (`aluno`, `disciplina`) VALUES ('456', '44');
INSERT INTO `matriculas` (`aluno`, `disciplina`) VALUES ('456', '83');
INSERT INTO `matriculas` (`aluno`, `disciplina`) VALUES ('456', '84');
INSERT INTO `matriculas` (`aluno`, `disciplina`) VALUES ('456', '85');
INSERT INTO `matriculas` (`aluno`, `disciplina`) VALUES ('457', '24');
INSERT INTO `matriculas` (`aluno`, `disciplina`) VALUES ('457', '25');
INSERT INTO `matriculas` (`aluno`, `disciplina`) VALUES ('457', '26');
INSERT INTO `matriculas` (`aluno`, `disciplina`) VALUES ('457', '27');
INSERT INTO `matriculas` (`aluno`, `disciplina`) VALUES ('457', '52');
INSERT INTO `matriculas` (`aluno`, `disciplina`) VALUES ('458', '44');
INSERT INTO `matriculas` (`aluno`, `disciplina`) VALUES ('458', '81');
INSERT INTO `matriculas` (`aluno`, `disciplina`) VALUES ('458', '82');
INSERT INTO `matriculas` (`aluno`, `disciplina`) VALUES ('458', '83');
INSERT INTO `matriculas` (`aluno`, `disciplina`) VALUES ('458', '84');
INSERT INTO `matriculas` (`aluno`, `disciplina`) VALUES ('458', '85');
INSERT INTO `matriculas` (`aluno`, `disciplina`) VALUES ('459', '42');
INSERT INTO `matriculas` (`aluno`, `disciplina`) VALUES ('459', '44');
INSERT INTO `matriculas` (`aluno`, `disciplina`) VALUES ('459', '81');
INSERT INTO `matriculas` (`aluno`, `disciplina`) VALUES ('459', '83');
INSERT INTO `matriculas` (`aluno`, `disciplina`) VALUES ('459', '84');
INSERT INTO `matriculas` (`aluno`, `disciplina`) VALUES ('459', '85');
INSERT INTO `matriculas` (`aluno`, `disciplina`) VALUES ('460', '28');
INSERT INTO `matriculas` (`aluno`, `disciplina`) VALUES ('460', '47');
INSERT INTO `matriculas` (`aluno`, `disciplina`) VALUES ('460', '48');
INSERT INTO `matriculas` (`aluno`, `disciplina`) VALUES ('460', '49');
INSERT INTO `matriculas` (`aluno`, `disciplina`) VALUES ('460', '50');
INSERT INTO `matriculas` (`aluno`, `disciplina`) VALUES ('461', '62');
INSERT INTO `matriculas` (`aluno`, `disciplina`) VALUES ('461', '64');
INSERT INTO `matriculas` (`aluno`, `disciplina`) VALUES ('461', '65');
INSERT INTO `matriculas` (`aluno`, `disciplina`) VALUES ('461', '66');
INSERT INTO `matriculas` (`aluno`, `disciplina`) VALUES ('462', '49');
INSERT INTO `matriculas` (`aluno`, `disciplina`) VALUES ('462', '57');
INSERT INTO `matriculas` (`aluno`, `disciplina`) VALUES ('462', '58');
INSERT INTO `matriculas` (`aluno`, `disciplina`) VALUES ('462', '60');
INSERT INTO `matriculas` (`aluno`, `disciplina`) VALUES ('462', '61');
INSERT INTO `matriculas` (`aluno`, `disciplina`) VALUES ('463', '44');
INSERT INTO `matriculas` (`aluno`, `disciplina`) VALUES ('463', '46');
INSERT INTO `matriculas` (`aluno`, `disciplina`) VALUES ('463', '82');
INSERT INTO `matriculas` (`aluno`, `disciplina`) VALUES ('463', '90');
INSERT INTO `matriculas` (`aluno`, `disciplina`) VALUES ('464', '24');
INSERT INTO `matriculas` (`aluno`, `disciplina`) VALUES ('464', '25');
INSERT INTO `matriculas` (`aluno`, `disciplina`) VALUES ('464', '26');
INSERT INTO `matriculas` (`aluno`, `disciplina`) VALUES ('464', '27');
INSERT INTO `matriculas` (`aluno`, `disciplina`) VALUES ('464', '52');
INSERT INTO `matriculas` (`aluno`, `disciplina`) VALUES ('465', '28');
INSERT INTO `matriculas` (`aluno`, `disciplina`) VALUES ('465', '47');
INSERT INTO `matriculas` (`aluno`, `disciplina`) VALUES ('465', '48');
INSERT INTO `matriculas` (`aluno`, `disciplina`) VALUES ('465', '49');
INSERT INTO `matriculas` (`aluno`, `disciplina`) VALUES ('465', '50');
INSERT INTO `matriculas` (`aluno`, `disciplina`) VALUES ('466', '49');
INSERT INTO `matriculas` (`aluno`, `disciplina`) VALUES ('466', '57');
INSERT INTO `matriculas` (`aluno`, `disciplina`) VALUES ('466', '58');
INSERT INTO `matriculas` (`aluno`, `disciplina`) VALUES ('466', '60');
INSERT INTO `matriculas` (`aluno`, `disciplina`) VALUES ('466', '61');
INSERT INTO `matriculas` (`aluno`, `disciplina`) VALUES ('467', '24');
INSERT INTO `matriculas` (`aluno`, `disciplina`) VALUES ('467', '25');
INSERT INTO `matriculas` (`aluno`, `disciplina`) VALUES ('467', '26');
INSERT INTO `matriculas` (`aluno`, `disciplina`) VALUES ('467', '27');
INSERT INTO `matriculas` (`aluno`, `disciplina`) VALUES ('467', '52');
INSERT INTO `matriculas` (`aluno`, `disciplina`) VALUES ('468', '49');
INSERT INTO `matriculas` (`aluno`, `disciplina`) VALUES ('468', '57');
INSERT INTO `matriculas` (`aluno`, `disciplina`) VALUES ('468', '58');
INSERT INTO `matriculas` (`aluno`, `disciplina`) VALUES ('468', '60');
INSERT INTO `matriculas` (`aluno`, `disciplina`) VALUES ('468', '61');
INSERT INTO `matriculas` (`aluno`, `disciplina`) VALUES ('468', '103');
INSERT INTO `matriculas` (`aluno`, `disciplina`) VALUES ('469', '62');
INSERT INTO `matriculas` (`aluno`, `disciplina`) VALUES ('469', '63');
INSERT INTO `matriculas` (`aluno`, `disciplina`) VALUES ('469', '64');
INSERT INTO `matriculas` (`aluno`, `disciplina`) VALUES ('469', '65');
INSERT INTO `matriculas` (`aluno`, `disciplina`) VALUES ('469', '66');
INSERT INTO `matriculas` (`aluno`, `disciplina`) VALUES ('470', '81');
INSERT INTO `matriculas` (`aluno`, `disciplina`) VALUES ('470', '82');
INSERT INTO `matriculas` (`aluno`, `disciplina`) VALUES ('470', '83');
INSERT INTO `matriculas` (`aluno`, `disciplina`) VALUES ('470', '84');
INSERT INTO `matriculas` (`aluno`, `disciplina`) VALUES ('470', '85');
INSERT INTO `matriculas` (`aluno`, `disciplina`) VALUES ('471', '44');
INSERT INTO `matriculas` (`aluno`, `disciplina`) VALUES ('471', '81');
INSERT INTO `matriculas` (`aluno`, `disciplina`) VALUES ('471', '82');
INSERT INTO `matriculas` (`aluno`, `disciplina`) VALUES ('471', '84');
INSERT INTO `matriculas` (`aluno`, `disciplina`) VALUES ('471', '85');
INSERT INTO `matriculas` (`aluno`, `disciplina`) VALUES ('472', '81');
INSERT INTO `matriculas` (`aluno`, `disciplina`) VALUES ('472', '82');
INSERT INTO `matriculas` (`aluno`, `disciplina`) VALUES ('472', '83');
INSERT INTO `matriculas` (`aluno`, `disciplina`) VALUES ('472', '84');
INSERT INTO `matriculas` (`aluno`, `disciplina`) VALUES ('472', '85');
INSERT INTO `matriculas` (`aluno`, `disciplina`) VALUES ('473', '43');
INSERT INTO `matriculas` (`aluno`, `disciplina`) VALUES ('474', '24');
INSERT INTO `matriculas` (`aluno`, `disciplina`) VALUES ('474', '25');
INSERT INTO `matriculas` (`aluno`, `disciplina`) VALUES ('474', '26');
INSERT INTO `matriculas` (`aluno`, `disciplina`) VALUES ('474', '27');
INSERT INTO `matriculas` (`aluno`, `disciplina`) VALUES ('474', '52');
INSERT INTO `matriculas` (`aluno`, `disciplina`) VALUES ('475', '49');
INSERT INTO `matriculas` (`aluno`, `disciplina`) VALUES ('475', '57');
INSERT INTO `matriculas` (`aluno`, `disciplina`) VALUES ('475', '58');
INSERT INTO `matriculas` (`aluno`, `disciplina`) VALUES ('475', '60');
INSERT INTO `matriculas` (`aluno`, `disciplina`) VALUES ('475', '61');
INSERT INTO `matriculas` (`aluno`, `disciplina`) VALUES ('476', '28');
INSERT INTO `matriculas` (`aluno`, `disciplina`) VALUES ('476', '47');
INSERT INTO `matriculas` (`aluno`, `disciplina`) VALUES ('476', '48');
INSERT INTO `matriculas` (`aluno`, `disciplina`) VALUES ('476', '49');
INSERT INTO `matriculas` (`aluno`, `disciplina`) VALUES ('477', '20');
INSERT INTO `matriculas` (`aluno`, `disciplina`) VALUES ('477', '42');
INSERT INTO `matriculas` (`aluno`, `disciplina`) VALUES ('477', '44');
INSERT INTO `matriculas` (`aluno`, `disciplina`) VALUES ('477', '83');
INSERT INTO `matriculas` (`aluno`, `disciplina`) VALUES ('477', '84');
INSERT INTO `matriculas` (`aluno`, `disciplina`) VALUES ('477', '85');
INSERT INTO `matriculas` (`aluno`, `disciplina`) VALUES ('478', '34');
INSERT INTO `matriculas` (`aluno`, `disciplina`) VALUES ('479', '63');
INSERT INTO `matriculas` (`aluno`, `disciplina`) VALUES ('479', '64');
INSERT INTO `matriculas` (`aluno`, `disciplina`) VALUES ('479', '65');
INSERT INTO `matriculas` (`aluno`, `disciplina`) VALUES ('479', '66');
INSERT INTO `matriculas` (`aluno`, `disciplina`) VALUES ('480', '34');
INSERT INTO `matriculas` (`aluno`, `disciplina`) VALUES ('481', '24');
INSERT INTO `matriculas` (`aluno`, `disciplina`) VALUES ('481', '25');
INSERT INTO `matriculas` (`aluno`, `disciplina`) VALUES ('481', '26');
INSERT INTO `matriculas` (`aluno`, `disciplina`) VALUES ('481', '27');


#
# TABLE STRUCTURE FOR: periodo_letivo
#

DROP TABLE IF EXISTS `periodo_letivo`;

CREATE TABLE `periodo_letivo` (
  `id` int(11) NOT NULL AUTO_INCREMENT,
  `codigo_periodo` varchar(45) NOT NULL,
  PRIMARY KEY (`id`)
) ENGINE=InnoDB AUTO_INCREMENT=2 DEFAULT CHARSET=utf8;

INSERT INTO `periodo_letivo` (`id`, `codigo_periodo`) VALUES ('0', 'todos');
INSERT INTO `periodo_letivo` (`id`, `codigo_periodo`) VALUES ('1', '2018/2');


#
# TABLE STRUCTURE FOR: provas
#

DROP TABLE IF EXISTS `provas`;

CREATE TABLE `provas` (
  `id` int(11) NOT NULL AUTO_INCREMENT,
  `nome` varchar(45) NOT NULL,
  `criado_em` datetime NOT NULL DEFAULT CURRENT_TIMESTAMP,
  `aplicacao` datetime NOT NULL,
  `qtd_questoes` int(11) NOT NULL,
  `tipo_prova` varchar(45) NOT NULL,
  `nota` float NOT NULL,
  `professor` int(10) unsigned NOT NULL,
  `periodo_letivo` int(11) NOT NULL,
  PRIMARY KEY (`id`),
  KEY `professor_usuario_idx` (`professor`),
  KEY `fk_provas_periodo_letivo1_idx` (`periodo_letivo`),
  CONSTRAINT `fk_provas_periodo_letivo1` FOREIGN KEY (`periodo_letivo`) REFERENCES `periodo_letivo` (`id`) ON DELETE NO ACTION ON UPDATE NO ACTION,
  CONSTRAINT `prova_professor_usuario` FOREIGN KEY (`professor`) REFERENCES `usuarios` (`id`) ON DELETE NO ACTION ON UPDATE NO ACTION
) ENGINE=InnoDB AUTO_INCREMENT=8 DEFAULT CHARSET=utf8;

INSERT INTO `provas` (`id`, `nome`, `criado_em`, `aplicacao`, `qtd_questoes`, `tipo_prova`, `nota`, `professor`, `periodo_letivo`) VALUES ('1', 'Avaliação Global', '2018-10-18 20:37:09', '2018-10-18 00:00:00', '5', 'teste', '0', '10', '0');
INSERT INTO `provas` (`id`, `nome`, `criado_em`, `aplicacao`, `qtd_questoes`, `tipo_prova`, `nota`, `professor`, `periodo_letivo`) VALUES ('2', 'Avaliação Global', '2018-10-20 23:30:01', '2018-10-20 00:00:00', '5', 'Semestral', '0', '10', '0');
INSERT INTO `provas` (`id`, `nome`, `criado_em`, `aplicacao`, `qtd_questoes`, `tipo_prova`, `nota`, `professor`, `periodo_letivo`) VALUES ('3', 'teste', '2018-10-26 20:33:21', '2018-10-26 00:00:00', '12', 'Avaliação global', '0', '10', '1');
INSERT INTO `provas` (`id`, `nome`, `criado_em`, `aplicacao`, `qtd_questoes`, `tipo_prova`, `nota`, `professor`, `periodo_letivo`) VALUES ('4', 'Avaliação Global', '2018-10-31 21:07:11', '2018-10-30 00:00:00', '5', 'Avaliação global', '0', '10', '0');
INSERT INTO `provas` (`id`, `nome`, `criado_em`, `aplicacao`, `qtd_questoes`, `tipo_prova`, `nota`, `professor`, `periodo_letivo`) VALUES ('5', 'TESTE', '2018-10-31 19:24:40', '2018-12-01 00:00:00', '4', 'N SEI', '0', '10', '0');
INSERT INTO `provas` (`id`, `nome`, `criado_em`, `aplicacao`, `qtd_questoes`, `tipo_prova`, `nota`, `professor`, `periodo_letivo`) VALUES ('6', 'Avaliação Global', '2018-11-04 13:40:38', '2018-11-04 00:00:00', '5', 'Avaliação global', '0', '482', '0');
INSERT INTO `provas` (`id`, `nome`, `criado_em`, `aplicacao`, `qtd_questoes`, `tipo_prova`, `nota`, `professor`, `periodo_letivo`) VALUES ('7', 'Avaliação Global', '2018-11-09 19:59:44', '2018-11-09 00:00:00', '4', 'Avaliação da disciplina', '0', '482', '0');


#
# TABLE STRUCTURE FOR: questoes
#

DROP TABLE IF EXISTS `questoes`;

CREATE TABLE `questoes` (
  `id` int(10) unsigned NOT NULL AUTO_INCREMENT,
  `descricao` text NOT NULL,
  `criado_em` datetime NOT NULL DEFAULT CURRENT_TIMESTAMP,
  `disciplina` int(10) unsigned NOT NULL,
  `peso` float NOT NULL,
  `professor` int(10) unsigned NOT NULL,
  `imagem` varchar(200) DEFAULT NULL,
  `situacao` varchar(45) NOT NULL DEFAULT 'ativo',
  `periodo_letivo` int(11) NOT NULL,
  PRIMARY KEY (`id`),
  KEY `fk_questoes_disciplinas1_idx` (`disciplina`),
  KEY `professor_usuario_idx` (`professor`),
  KEY `fk_questoes_periodo_letivo1_idx` (`periodo_letivo`),
  CONSTRAINT `fk_questoes_disciplinas1` FOREIGN KEY (`disciplina`) REFERENCES `disciplinas` (`id`) ON DELETE NO ACTION ON UPDATE CASCADE,
  CONSTRAINT `fk_questoes_periodo_letivo1` FOREIGN KEY (`periodo_letivo`) REFERENCES `periodo_letivo` (`id`) ON DELETE NO ACTION ON UPDATE NO ACTION,
  CONSTRAINT `questao_professor_usuario` FOREIGN KEY (`professor`) REFERENCES `usuarios` (`id`) ON DELETE NO ACTION ON UPDATE NO ACTION
) ENGINE=InnoDB AUTO_INCREMENT=77 DEFAULT CHARSET=utf8;

INSERT INTO `questoes` (`id`, `descricao`, `criado_em`, `disciplina`, `peso`, `professor`, `imagem`, `situacao`, `periodo_letivo`) VALUES ('58', '<p><strong>Normalmente, quantos litros de sangue uma pessoa tem? Em m&eacute;dia, quantos s&atilde;o retirados numa doa&ccedil;&atilde;o de sangue?</strong></p>\r\n', '2018-10-15 19:38:44', '2', '0', '10', NULL, 'ativo', '1');
INSERT INTO `questoes` (`id`, `descricao`, `criado_em`, `disciplina`, `peso`, `professor`, `imagem`, `situacao`, `periodo_letivo`) VALUES ('59', '<p><strong>De quem &eacute; a famosa frase &ldquo;Penso, logo existo&rdquo;?</strong></p>\r\n', '2018-10-15 19:40:26', '2', '0', '10', NULL, 'ativo', '0');
INSERT INTO `questoes` (`id`, `descricao`, `criado_em`, `disciplina`, `peso`, `professor`, `imagem`, `situacao`, `periodo_letivo`) VALUES ('60', '<p><strong>De onde &eacute; a inven&ccedil;&atilde;o do chuveiro el&eacute;trico?</strong></p>\r\n\r\n<p>&nbsp;</p>\r\n', '2018-10-15 19:41:09', '3', '0', '10', NULL, 'ativo', '0');
INSERT INTO `questoes` (`id`, `descricao`, `criado_em`, `disciplina`, `peso`, `professor`, `imagem`, `situacao`, `periodo_letivo`) VALUES ('61', '<h4><strong>O churrasco &eacute; uma comida t&iacute;pica de qual regi&atilde;o do Brasil?</strong></h4>\r\n\r\n<p><strong><img alt=\"\" src=\"https://i0.wp.com/www.selecoes.com.br/wp-content/uploads/2017/12/churras.jpg\" style=\"height:225px; width:400px\" /></strong></p>\r\n\r\n<p>&nbsp;</p>\r\n\r\n<p>&nbsp;</p>\r\n\r\n<p>&nbsp;</p>\r\n', '2018-10-15 19:44:29', '3', '0', '10', NULL, 'ativo', '0');
INSERT INTO `questoes` (`id`, `descricao`, `criado_em`, `disciplina`, `peso`, `professor`, `imagem`, `situacao`, `periodo_letivo`) VALUES ('62', '<p><strong>Quais os nomes dos tr&ecirc;s Reis Magos?</strong></p>\r\n', '2018-10-15 19:48:34', '52', '0', '10', NULL, 'ativo', '0');
INSERT INTO `questoes` (`id`, `descricao`, `criado_em`, `disciplina`, `peso`, `professor`, `imagem`, `situacao`, `periodo_letivo`) VALUES ('65', '<p><strong>No que se refere a sistema de informa&ccedil;&atilde;o, analise as afirmativas.</strong></p>\r\n\r\n<p><strong>I - Um conjunto de componentes inter-relacionados que coletam ou recuperam, processam, armazenam e distribuem informa&ccedil;&otilde;es destinadas a apoiar a tomada de decis&otilde;es, a coordena&ccedil;&atilde;o e ao controle de uma organiza&ccedil;&atilde;o &eacute; uma dimens&atilde;o do sistema de informa&ccedil;&atilde;o.</strong></p>\r\n\r\n<p><strong>II - Informa&ccedil;&atilde;o refere-se a dados apresentados em uma forma significativa e &uacute;til para seres humanos e dados s&atilde;o sequ&ecirc;ncias de fatos brutos que representam eventos que ocorrem nas organiza&ccedil;&otilde;es ou no ambiente f&iacute;sico, antes de terem sido organizados e arranjados de uma forma que as pessoas possam entend&ecirc;-los e us&aacute;-los.</strong></p>\r\n\r\n<p><strong>III - Ao implantar um sistema de informa&ccedil;&atilde;o na organiza&ccedil;&atilde;o, haver&aacute; interfer&ecirc;ncia em seu subsistema t&eacute;cnico, social e pol&iacute;tico: no t&eacute;cnico, a organiza&ccedil;&atilde;o &eacute; afetada pelas novas t&eacute;cnicas e m&eacute;todos de trabalho; no social, altera-se a forma de relacionamento das pessoas entre si mesmas e das pessoas em rela&ccedil;&atilde;o ao sistema; no pol&iacute;tico, &eacute; modificada a rela&ccedil;&atilde;o de poderes e a informa&ccedil;&atilde;o.</strong></p>\r\n\r\n<p><strong>Est&aacute; correto o que se afirma em</strong></p>\r\n', '2018-10-15 20:03:37', '52', '0', '14', NULL, 'ativo', '0');
INSERT INTO `questoes` (`id`, `descricao`, `criado_em`, `disciplina`, `peso`, `professor`, `imagem`, `situacao`, `periodo_letivo`) VALUES ('66', '<p><strong>A classifica&ccedil;&atilde;o dos Sistemas de Informa&ccedil;&atilde;o computadorizados apresenta como crit&eacute;rio de categoriza&ccedil;&atilde;o o n&iacute;vel organizacional ao qual eles buscam atender, sendo definidos em tr&ecirc;s categorias essenciais:</strong></p>\r\n', '2018-10-15 20:04:42', '52', '0', '14', NULL, 'ativo', '0');
INSERT INTO `questoes` (`id`, `descricao`, `criado_em`, `disciplina`, `peso`, `professor`, `imagem`, `situacao`, `periodo_letivo`) VALUES ('67', '<p><strong>Considerando os elementos componentes dos Sistemas de Informa&ccedil;&atilde;o (SI) baseados em computadores, numere a coluna da direita de acordo com a da esquerda.</strong></p>\r\n\r\n<p><strong><img alt=\"\" src=\"https://www.estudegratis.com.br/images/questoes/e1b0ab7158651a83254665489.gif\" style=\"height:228px; width:400px\" /></strong></p>\r\n\r\n<p><strong>Assinale a sequ&ecirc;ncia correta.</strong></p>\r\n', '2018-10-15 20:06:31', '52', '0', '14', NULL, 'ativo', '0');
INSERT INTO `questoes` (`id`, `descricao`, `criado_em`, `disciplina`, `peso`, `professor`, `imagem`, `situacao`, `periodo_letivo`) VALUES ('71', '<p><strong>teste</strong></p>\r\n', '2018-10-26 22:11:19', '52', '0', '10', NULL, 'ativo', '0');
INSERT INTO `questoes` (`id`, `descricao`, `criado_em`, `disciplina`, `peso`, `professor`, `imagem`, `situacao`, `periodo_letivo`) VALUES ('72', '<p>teste</p>\r\n', '2018-10-30 19:48:22', '52', '0', '10', NULL, 'ativo', '1');
INSERT INTO `questoes` (`id`, `descricao`, `criado_em`, `disciplina`, `peso`, `professor`, `imagem`, `situacao`, `periodo_letivo`) VALUES ('75', '&lt;p&gt;&lt;img alt=&quot;&quot; src=&quot;http://localhost/av_global/uploads/img29933.jpg&quot; style=&quot;height:83px; width:60px&quot; /&gt;&lt;/p&gt;\r\n\r\n&lt;p&gt;teste&lt;/p&gt;\r\n', '2018-11-11 12:27:03', '53', '0', '482', NULL, 'ativo', '0');
INSERT INTO `questoes` (`id`, `descricao`, `criado_em`, `disciplina`, `peso`, `professor`, `imagem`, `situacao`, `periodo_letivo`) VALUES ('76', '&lt;p&gt;&lt;img alt=&quot;&quot; src=&quot;http://localhost/av_global/uploads/Dor-de-Dente-O-Que-Fazer-132.jpg&quot; style=&quot;height:30px; width:40px&quot; /&gt; teste&lt;/p&gt;', '2018-11-12 21:53:24', '53', '0', '482', NULL, 'ativo', '0');


#
# TABLE STRUCTURE FOR: respostas
#

DROP TABLE IF EXISTS `respostas`;

CREATE TABLE `respostas` (
  `item_prova` int(10) unsigned NOT NULL,
  `alternativa` int(11) NOT NULL,
  `criado_em` datetime NOT NULL DEFAULT CURRENT_TIMESTAMP,
  `aluno` int(10) unsigned NOT NULL,
  PRIMARY KEY (`item_prova`),
  KEY `fk_prova_respondida_itens_prova1_idx` (`item_prova`),
  KEY `fk_prova_respondida_alternativas1_idx` (`alternativa`),
  KEY `fk_respostas_usuarios1_idx` (`aluno`),
  CONSTRAINT `fk_prova_respondida_alternativas1` FOREIGN KEY (`alternativa`) REFERENCES `alternativas` (`id`) ON UPDATE CASCADE,
  CONSTRAINT `fk_prova_respondida_itens_prova1` FOREIGN KEY (`item_prova`) REFERENCES `itens_prova` (`id`) ON UPDATE CASCADE,
  CONSTRAINT `fk_respostas_usuarios1` FOREIGN KEY (`aluno`) REFERENCES `usuarios` (`id`) ON DELETE NO ACTION ON UPDATE NO ACTION
) ENGINE=InnoDB DEFAULT CHARSET=utf8;

INSERT INTO `respostas` (`item_prova`, `alternativa`, `criado_em`, `aluno`) VALUES ('1', '168', '2018-11-09 21:34:32', '153');
INSERT INTO `respostas` (`item_prova`, `alternativa`, `criado_em`, `aluno`) VALUES ('2', '183', '2018-11-09 21:34:37', '153');
INSERT INTO `respostas` (`item_prova`, `alternativa`, `criado_em`, `aluno`) VALUES ('3', '180', '2018-11-09 21:34:35', '153');
INSERT INTO `respostas` (`item_prova`, `alternativa`, `criado_em`, `aluno`) VALUES ('4', '175', '2018-11-09 21:34:34', '153');
INSERT INTO `respostas` (`item_prova`, `alternativa`, `criado_em`, `aluno`) VALUES ('5', '186', '2018-11-04 14:07:39', '192');
INSERT INTO `respostas` (`item_prova`, `alternativa`, `criado_em`, `aluno`) VALUES ('6', '154', '2018-11-04 14:07:34', '192');
INSERT INTO `respostas` (`item_prova`, `alternativa`, `criado_em`, `aluno`) VALUES ('7', '165', '2018-11-04 14:07:41', '192');
INSERT INTO `respostas` (`item_prova`, `alternativa`, `criado_em`, `aluno`) VALUES ('8', '161', '2018-11-04 14:07:37', '192');


#
# TABLE STRUCTURE FOR: sessoes
#

DROP TABLE IF EXISTS `sessoes`;

CREATE TABLE `sessoes` (
  `id` int(10) unsigned NOT NULL AUTO_INCREMENT,
  `usuario` int(10) unsigned NOT NULL,
  `inicio` datetime NOT NULL DEFAULT CURRENT_TIMESTAMP,
  `termino` datetime DEFAULT NULL,
  PRIMARY KEY (`id`),
  KEY `usuario_idx` (`usuario`),
  CONSTRAINT `usuario` FOREIGN KEY (`usuario`) REFERENCES `usuarios` (`id`) ON DELETE NO ACTION ON UPDATE NO ACTION
) ENGINE=InnoDB AUTO_INCREMENT=61 DEFAULT CHARSET=utf8;

INSERT INTO `sessoes` (`id`, `usuario`, `inicio`, `termino`) VALUES ('60', '153', '2018-11-09 21:59:53', NULL);


#
# TABLE STRUCTURE FOR: usuarios
#

DROP TABLE IF EXISTS `usuarios`;

CREATE TABLE `usuarios` (
  `id` int(10) unsigned NOT NULL AUTO_INCREMENT,
  `nome` varchar(75) NOT NULL,
  `codigo` varchar(4) NOT NULL,
  `senha` varchar(200) NOT NULL,
  `contexto` enum('aluno','professor','administrador') DEFAULT 'aluno',
  PRIMARY KEY (`id`)
) ENGINE=InnoDB AUTO_INCREMENT=525 DEFAULT CHARSET=utf8;

INSERT INTO `usuarios` (`id`, `nome`, `codigo`, `senha`, `contexto`) VALUES ('1', 'UILIAM SKOMRA', '0185', '123456', 'aluno');
INSERT INTO `usuarios` (`id`, `nome`, `codigo`, `senha`, `contexto`) VALUES ('2', 'CLAUDIA MANTOVANI BRZEZINSKI', '1022', '123456', 'aluno');
INSERT INTO `usuarios` (`id`, `nome`, `codigo`, `senha`, `contexto`) VALUES ('3', 'SOLANGE TORRES', '1060', '123456', 'aluno');
INSERT INTO `usuarios` (`id`, `nome`, `codigo`, `senha`, `contexto`) VALUES ('4', 'CHALINE COLLET DE QUADROS', '1162', '123456', 'aluno');
INSERT INTO `usuarios` (`id`, `nome`, `codigo`, `senha`, `contexto`) VALUES ('5', 'FERNANDO D AGOSTINI', '1496', '123456', 'aluno');
INSERT INTO `usuarios` (`id`, `nome`, `codigo`, `senha`, `contexto`) VALUES ('6', 'VAGNER JOEL CABRAL TERRA', '1740', '123456', 'aluno');
INSERT INTO `usuarios` (`id`, `nome`, `codigo`, `senha`, `contexto`) VALUES ('7', 'MARLEI FLÁVIA KESSLER', '1761', '123456', 'aluno');
INSERT INTO `usuarios` (`id`, `nome`, `codigo`, `senha`, `contexto`) VALUES ('8', 'LUCIANA SZCZEPKOWSKI', '1816', '123456', 'aluno');
INSERT INTO `usuarios` (`id`, `nome`, `codigo`, `senha`, `contexto`) VALUES ('9', 'FERNANDO GIRELLI', '1837', '123456', 'aluno');
INSERT INTO `usuarios` (`id`, `nome`, `codigo`, `senha`, `contexto`) VALUES ('10', 'ARMINDO VERUS', '1896', '123456', 'aluno');
INSERT INTO `usuarios` (`id`, `nome`, `codigo`, `senha`, `contexto`) VALUES ('11', 'RAÍ  VENDRUSCOLO', '1905', '123456', 'aluno');
INSERT INTO `usuarios` (`id`, `nome`, `codigo`, `senha`, `contexto`) VALUES ('12', 'RODRIGO LUDOVICO PRICHOA', '1907', '123456', 'aluno');
INSERT INTO `usuarios` (`id`, `nome`, `codigo`, `senha`, `contexto`) VALUES ('13', 'MARCOS PAULO CONFORTIN', '1938', '123456', 'aluno');
INSERT INTO `usuarios` (`id`, `nome`, `codigo`, `senha`, `contexto`) VALUES ('14', 'GEORGE AUGUSTO ROMANO', '1959', '123456', 'aluno');
INSERT INTO `usuarios` (`id`, `nome`, `codigo`, `senha`, `contexto`) VALUES ('15', 'GABRIELA CECCHIN', '2070', '123456', 'aluno');
INSERT INTO `usuarios` (`id`, `nome`, `codigo`, `senha`, `contexto`) VALUES ('16', 'ITAMARA HANAUER', '2239', '123456', 'aluno');
INSERT INTO `usuarios` (`id`, `nome`, `codigo`, `senha`, `contexto`) VALUES ('17', 'LUCIANE POSTAL', '2264', '123456', 'aluno');
INSERT INTO `usuarios` (`id`, `nome`, `codigo`, `senha`, `contexto`) VALUES ('18', 'DANIEL BASSO DIDONÉ', '2279', '123456', 'aluno');
INSERT INTO `usuarios` (`id`, `nome`, `codigo`, `senha`, `contexto`) VALUES ('19', 'MARCELO AUGUSTO NESTOR', '2294', '123456', 'aluno');
INSERT INTO `usuarios` (`id`, `nome`, `codigo`, `senha`, `contexto`) VALUES ('20', 'GABRIEL FELIPETTO', '2547', '123456', 'aluno');
INSERT INTO `usuarios` (`id`, `nome`, `codigo`, `senha`, `contexto`) VALUES ('21', 'GABRIEL RENATO FERRAZZO', '2550', '123456', 'aluno');
INSERT INTO `usuarios` (`id`, `nome`, `codigo`, `senha`, `contexto`) VALUES ('22', 'BERNARDO AUGUSTO CHIAPETTI', '2602', '123456', 'aluno');
INSERT INTO `usuarios` (`id`, `nome`, `codigo`, `senha`, `contexto`) VALUES ('23', 'MARINA SMANIOTTO', '2719', '123456', 'aluno');
INSERT INTO `usuarios` (`id`, `nome`, `codigo`, `senha`, `contexto`) VALUES ('24', 'JACIR BOLIS JUNIOR', '2730', '123456', 'aluno');
INSERT INTO `usuarios` (`id`, `nome`, `codigo`, `senha`, `contexto`) VALUES ('25', 'RAFAEL DOMINGOS AZEVEDO DA SILVA', '2734', '123456', 'aluno');
INSERT INTO `usuarios` (`id`, `nome`, `codigo`, `senha`, `contexto`) VALUES ('26', 'LEONARDO LUCAS LIESCH', '2800', '123456', 'aluno');
INSERT INTO `usuarios` (`id`, `nome`, `codigo`, `senha`, `contexto`) VALUES ('27', 'JÚLIA CAROLINA RAMISCH', '2882', '123456', 'aluno');
INSERT INTO `usuarios` (`id`, `nome`, `codigo`, `senha`, `contexto`) VALUES ('28', 'ANA PAULA BONATTO', '3262', '123456', 'aluno');
INSERT INTO `usuarios` (`id`, `nome`, `codigo`, `senha`, `contexto`) VALUES ('29', 'EMANUEL CRISTÓVON TRINDADE', '3302', '123456', 'aluno');
INSERT INTO `usuarios` (`id`, `nome`, `codigo`, `senha`, `contexto`) VALUES ('30', 'ANDRÉA RODRIGUES CANDIDA SALES ', '3365', '123456', 'aluno');
INSERT INTO `usuarios` (`id`, `nome`, `codigo`, `senha`, `contexto`) VALUES ('31', 'ÉRIK JOSÉ DE CAMPOS', '3635', '123456', 'aluno');
INSERT INTO `usuarios` (`id`, `nome`, `codigo`, `senha`, `contexto`) VALUES ('32', 'WELLINGTON LUÍS MUSSIOL', '3696', '123456', 'aluno');
INSERT INTO `usuarios` (`id`, `nome`, `codigo`, `senha`, `contexto`) VALUES ('33', 'DIEGO GEWINSKI', '3741', '123456', 'aluno');
INSERT INTO `usuarios` (`id`, `nome`, `codigo`, `senha`, `contexto`) VALUES ('34', 'GIAN LUCAS BIANCHETTO', '3764', '123456', 'aluno');
INSERT INTO `usuarios` (`id`, `nome`, `codigo`, `senha`, `contexto`) VALUES ('35', 'CASSIANA STRIESKI', '3777', '123456', 'aluno');
INSERT INTO `usuarios` (`id`, `nome`, `codigo`, `senha`, `contexto`) VALUES ('36', 'VERÔNICA WASKIEWIC', '3787', '123456', 'aluno');
INSERT INTO `usuarios` (`id`, `nome`, `codigo`, `senha`, `contexto`) VALUES ('37', 'MATEUS ROGINSKI', '3820', '123456', 'aluno');
INSERT INTO `usuarios` (`id`, `nome`, `codigo`, `senha`, `contexto`) VALUES ('38', 'DANIELA ANA ANTKIEWICZ', '3855', '123456', 'aluno');
INSERT INTO `usuarios` (`id`, `nome`, `codigo`, `senha`, `contexto`) VALUES ('39', 'ANDERSON LUIS DE OLIVEIRA', '3910', '123456', 'aluno');
INSERT INTO `usuarios` (`id`, `nome`, `codigo`, `senha`, `contexto`) VALUES ('40', 'TAÍS POGORZELSKI', '3947', '123456', 'aluno');
INSERT INTO `usuarios` (`id`, `nome`, `codigo`, `senha`, `contexto`) VALUES ('41', 'ALESSANDRO FLORES DOS SANTOS', '3957', '123456', 'aluno');
INSERT INTO `usuarios` (`id`, `nome`, `codigo`, `senha`, `contexto`) VALUES ('42', 'MARCELO FIABANI', '4192', '123456', 'aluno');
INSERT INTO `usuarios` (`id`, `nome`, `codigo`, `senha`, `contexto`) VALUES ('43', 'VERÔNICA GZIEBIELUKA', '4226', '123456', 'aluno');
INSERT INTO `usuarios` (`id`, `nome`, `codigo`, `senha`, `contexto`) VALUES ('44', 'JONAS LEVI SCANDOLARA', '4394', '123456', 'aluno');
INSERT INTO `usuarios` (`id`, `nome`, `codigo`, `senha`, `contexto`) VALUES ('45', 'ROCHELI PAULA OTOWICZ', '4396', '123456', 'aluno');
INSERT INTO `usuarios` (`id`, `nome`, `codigo`, `senha`, `contexto`) VALUES ('46', 'TATIANE DE RÉ', '4400', '123456', 'aluno');
INSERT INTO `usuarios` (`id`, `nome`, `codigo`, `senha`, `contexto`) VALUES ('47', 'ISMAEL IGOR KWOLL', '4405', '123456', 'aluno');
INSERT INTO `usuarios` (`id`, `nome`, `codigo`, `senha`, `contexto`) VALUES ('48', 'GIAN CARLO POLONI', '4406', '123456', 'aluno');
INSERT INTO `usuarios` (`id`, `nome`, `codigo`, `senha`, `contexto`) VALUES ('49', 'GIOVANNI FAGGION BACÊDO', '4407', '123456', 'aluno');
INSERT INTO `usuarios` (`id`, `nome`, `codigo`, `senha`, `contexto`) VALUES ('50', 'CAROLINE LEMES DA SILVA', '4408', '123456', 'aluno');
INSERT INTO `usuarios` (`id`, `nome`, `codigo`, `senha`, `contexto`) VALUES ('51', 'DJEISON FERNANDO KARLING DE ABREU', '4410', '123456', 'aluno');
INSERT INTO `usuarios` (`id`, `nome`, `codigo`, `senha`, `contexto`) VALUES ('52', 'ALANA SARTORI DA SILVA', '4412', '123456', 'aluno');
INSERT INTO `usuarios` (`id`, `nome`, `codigo`, `senha`, `contexto`) VALUES ('53', 'LUNARA FALCÃO PINTO', '4413', '123456', 'aluno');
INSERT INTO `usuarios` (`id`, `nome`, `codigo`, `senha`, `contexto`) VALUES ('54', 'MARICELI DOS SANTOS MONTEIRO', '4416', '123456', 'aluno');
INSERT INTO `usuarios` (`id`, `nome`, `codigo`, `senha`, `contexto`) VALUES ('55', 'BERNARDO FRACARO', '4419', '123456', 'aluno');
INSERT INTO `usuarios` (`id`, `nome`, `codigo`, `senha`, `contexto`) VALUES ('56', 'ADRIANO DOMINGUES', '4420', '123456', 'aluno');
INSERT INTO `usuarios` (`id`, `nome`, `codigo`, `senha`, `contexto`) VALUES ('57', 'PATRICIA BARETTA', '4421', '123456', 'aluno');
INSERT INTO `usuarios` (`id`, `nome`, `codigo`, `senha`, `contexto`) VALUES ('58', 'LUAN BLEIL', '4423', '123456', 'aluno');
INSERT INTO `usuarios` (`id`, `nome`, `codigo`, `senha`, `contexto`) VALUES ('59', 'PÂMELA TALIA DA ROSA SEGATTI', '4426', '123456', 'aluno');
INSERT INTO `usuarios` (`id`, `nome`, `codigo`, `senha`, `contexto`) VALUES ('60', 'MATEUS MARIANO WILK', '4429', '123456', 'aluno');
INSERT INTO `usuarios` (`id`, `nome`, `codigo`, `senha`, `contexto`) VALUES ('61', 'VANESSA CORBARI', '4430', '123456', 'aluno');
INSERT INTO `usuarios` (`id`, `nome`, `codigo`, `senha`, `contexto`) VALUES ('62', 'MATEUS EDIR DUDECK', '4432', '123456', 'aluno');
INSERT INTO `usuarios` (`id`, `nome`, `codigo`, `senha`, `contexto`) VALUES ('63', 'JANAÍNA DE AZEVEDO BLEIL', '4434', '123456', 'aluno');
INSERT INTO `usuarios` (`id`, `nome`, `codigo`, `senha`, `contexto`) VALUES ('64', 'MARISA LUCIANA WOLSKI', '4436', '123456', 'aluno');
INSERT INTO `usuarios` (`id`, `nome`, `codigo`, `senha`, `contexto`) VALUES ('65', 'TAIS MARTINS', '4438', '123456', 'aluno');
INSERT INTO `usuarios` (`id`, `nome`, `codigo`, `senha`, `contexto`) VALUES ('66', 'BRUNA DOS SANTOS DA COSTA', '4441', '123456', 'aluno');
INSERT INTO `usuarios` (`id`, `nome`, `codigo`, `senha`, `contexto`) VALUES ('67', 'LUCIELE SANTA CATARINA', '4443', '123456', 'aluno');
INSERT INTO `usuarios` (`id`, `nome`, `codigo`, `senha`, `contexto`) VALUES ('68', 'ADRIANA PRISCILA BARP', '4446', '123456', 'aluno');
INSERT INTO `usuarios` (`id`, `nome`, `codigo`, `senha`, `contexto`) VALUES ('69', 'MARCELO SALCHER', '4447', '123456', 'aluno');
INSERT INTO `usuarios` (`id`, `nome`, `codigo`, `senha`, `contexto`) VALUES ('70', 'LUANA LODÉA', '4448', '123456', 'aluno');
INSERT INTO `usuarios` (`id`, `nome`, `codigo`, `senha`, `contexto`) VALUES ('71', 'ANGELICA TERESINHA DA ROSA LEITÃO', '4449', '123456', 'aluno');
INSERT INTO `usuarios` (`id`, `nome`, `codigo`, `senha`, `contexto`) VALUES ('72', 'MILENA LEANDRA MAITO', '4452', '123456', 'aluno');
INSERT INTO `usuarios` (`id`, `nome`, `codigo`, `senha`, `contexto`) VALUES ('73', 'JONES LUIS BERTUZZI', '4455', '123456', 'aluno');
INSERT INTO `usuarios` (`id`, `nome`, `codigo`, `senha`, `contexto`) VALUES ('74', 'GREICI PAULA LOVERA', '4456', '123456', 'aluno');
INSERT INTO `usuarios` (`id`, `nome`, `codigo`, `senha`, `contexto`) VALUES ('75', 'KARINE BALESTRIN', '4458', '123456', 'aluno');
INSERT INTO `usuarios` (`id`, `nome`, `codigo`, `senha`, `contexto`) VALUES ('76', 'CAROLINE FIN BATISTA', '4459', '123456', 'aluno');
INSERT INTO `usuarios` (`id`, `nome`, `codigo`, `senha`, `contexto`) VALUES ('77', 'GABRIELE BARBARA PASQUATO', '4462', '123456', 'aluno');
INSERT INTO `usuarios` (`id`, `nome`, `codigo`, `senha`, `contexto`) VALUES ('78', 'DANIELA FATIMA COLLA', '4467', '123456', 'aluno');
INSERT INTO `usuarios` (`id`, `nome`, `codigo`, `senha`, `contexto`) VALUES ('79', 'PATRICIA SANTA CATARINA RODRIGUES DOS SANTOS', '4472', '123456', 'aluno');
INSERT INTO `usuarios` (`id`, `nome`, `codigo`, `senha`, `contexto`) VALUES ('80', 'CLEISSON FRAMENTO', '4474', '123456', 'aluno');
INSERT INTO `usuarios` (`id`, `nome`, `codigo`, `senha`, `contexto`) VALUES ('81', 'RAISSA BRUNA ZAIONS', '4477', '123456', 'aluno');
INSERT INTO `usuarios` (`id`, `nome`, `codigo`, `senha`, `contexto`) VALUES ('82', 'TAUANA DA SILVA', '4478', '123456', 'aluno');
INSERT INTO `usuarios` (`id`, `nome`, `codigo`, `senha`, `contexto`) VALUES ('83', 'MIZAELI MARIA BERNSTEIN', '4479', '123456', 'aluno');
INSERT INTO `usuarios` (`id`, `nome`, `codigo`, `senha`, `contexto`) VALUES ('84', 'CAROLINA MARINI GARBIN', '4488', '123456', 'aluno');
INSERT INTO `usuarios` (`id`, `nome`, `codigo`, `senha`, `contexto`) VALUES ('85', 'JAMILE SYCHOCKI', '4490', '123456', 'aluno');
INSERT INTO `usuarios` (`id`, `nome`, `codigo`, `senha`, `contexto`) VALUES ('86', 'JULIANA ANTUNES DE OLIVEIRA', '4495', '123456', 'aluno');
INSERT INTO `usuarios` (`id`, `nome`, `codigo`, `senha`, `contexto`) VALUES ('87', 'EDILENE MARIA SROCZYNSKI', '4499', '123456', 'aluno');
INSERT INTO `usuarios` (`id`, `nome`, `codigo`, `senha`, `contexto`) VALUES ('88', 'GABRIELA GODOY CORDEIRO', '4506', '123456', 'aluno');
INSERT INTO `usuarios` (`id`, `nome`, `codigo`, `senha`, `contexto`) VALUES ('89', 'KATIANE DOMINGUES', '4510', '123456', 'aluno');
INSERT INTO `usuarios` (`id`, `nome`, `codigo`, `senha`, `contexto`) VALUES ('90', 'MARIA FERNANDA BRACCINI', '4513', '123456', 'aluno');
INSERT INTO `usuarios` (`id`, `nome`, `codigo`, `senha`, `contexto`) VALUES ('91', 'ANA CAROLINA TARTARI', '4527', '123456', 'aluno');
INSERT INTO `usuarios` (`id`, `nome`, `codigo`, `senha`, `contexto`) VALUES ('92', 'MARIA HELENA MENEGAT', '4548', '123456', 'aluno');
INSERT INTO `usuarios` (`id`, `nome`, `codigo`, `senha`, `contexto`) VALUES ('93', 'EDUARDO TOMAZONI VENDRUSCOLO', '4572', '123456', 'aluno');
INSERT INTO `usuarios` (`id`, `nome`, `codigo`, `senha`, `contexto`) VALUES ('94', 'NILMAR FERRARI FABRO', '4615', '123456', 'aluno');
INSERT INTO `usuarios` (`id`, `nome`, `codigo`, `senha`, `contexto`) VALUES ('95', 'ALAN ANTONIO JACUNIAK', '4619', '123456', 'aluno');
INSERT INTO `usuarios` (`id`, `nome`, `codigo`, `senha`, `contexto`) VALUES ('96', 'RODRIGO ZIEMNICZAK', '4623', '123456', 'aluno');
INSERT INTO `usuarios` (`id`, `nome`, `codigo`, `senha`, `contexto`) VALUES ('97', 'RENATA CONCI', '4625', '123456', 'aluno');
INSERT INTO `usuarios` (`id`, `nome`, `codigo`, `senha`, `contexto`) VALUES ('98', 'MURILO TALIS FAÉ', '4627', '123456', 'aluno');
INSERT INTO `usuarios` (`id`, `nome`, `codigo`, `senha`, `contexto`) VALUES ('99', 'JANICE CRISTINA WINTER', '4628', '123456', 'aluno');
INSERT INTO `usuarios` (`id`, `nome`, `codigo`, `senha`, `contexto`) VALUES ('100', 'ALESSANDRO CORRÊA GONZALEZ', '4633', '123456', 'aluno');
INSERT INTO `usuarios` (`id`, `nome`, `codigo`, `senha`, `contexto`) VALUES ('101', 'HILDA FATIMA DA ROCHA', '4634', '123456', 'aluno');
INSERT INTO `usuarios` (`id`, `nome`, `codigo`, `senha`, `contexto`) VALUES ('102', 'GÉSSICA CHAIANE TOMKIEL', '4637', '123456', 'aluno');
INSERT INTO `usuarios` (`id`, `nome`, `codigo`, `senha`, `contexto`) VALUES ('103', 'ANGÉLICA GIORDANI', '4649', '123456', 'aluno');
INSERT INTO `usuarios` (`id`, `nome`, `codigo`, `senha`, `contexto`) VALUES ('104', 'SUSUANA NAA OYOO QUARTEY', '4658', '123456', 'aluno');
INSERT INTO `usuarios` (`id`, `nome`, `codigo`, `senha`, `contexto`) VALUES ('105', 'BISMARCK CLAXTON KPOBIE', '4659', '123456', 'aluno');
INSERT INTO `usuarios` (`id`, `nome`, `codigo`, `senha`, `contexto`) VALUES ('106', 'LAUD AUGUSTUS NII ADDO MINGLE', '4660', '123456', 'aluno');
INSERT INTO `usuarios` (`id`, `nome`, `codigo`, `senha`, `contexto`) VALUES ('107', 'JÉSSICA LIVI', '4662', '123456', 'aluno');
INSERT INTO `usuarios` (`id`, `nome`, `codigo`, `senha`, `contexto`) VALUES ('108', 'VALÉRIA KORBUS', '4663', '123456', 'aluno');
INSERT INTO `usuarios` (`id`, `nome`, `codigo`, `senha`, `contexto`) VALUES ('109', 'FERNANDA RODRIGUES FERREIRA EUDES', '4669', '123456', 'aluno');
INSERT INTO `usuarios` (`id`, `nome`, `codigo`, `senha`, `contexto`) VALUES ('110', 'MAYKOL WILIAN PIAZZA', '4671', '123456', 'aluno');
INSERT INTO `usuarios` (`id`, `nome`, `codigo`, `senha`, `contexto`) VALUES ('111', 'TANIA VANESSA DOS SANTOS ROMANOSKI', '4676', '123456', 'aluno');
INSERT INTO `usuarios` (`id`, `nome`, `codigo`, `senha`, `contexto`) VALUES ('112', 'ÉMELIN RAQUEL MENEGUZZI', '4680', '123456', 'aluno');
INSERT INTO `usuarios` (`id`, `nome`, `codigo`, `senha`, `contexto`) VALUES ('113', 'JOÃO LEONARDO RONSONI', '4687', '123456', 'aluno');
INSERT INTO `usuarios` (`id`, `nome`, `codigo`, `senha`, `contexto`) VALUES ('114', 'GUILHERME DE MATOS', '4717', '123456', 'aluno');
INSERT INTO `usuarios` (`id`, `nome`, `codigo`, `senha`, `contexto`) VALUES ('115', 'RAFAEL LAZZAROTTO', '4779', '123456', 'aluno');
INSERT INTO `usuarios` (`id`, `nome`, `codigo`, `senha`, `contexto`) VALUES ('116', 'EZEQUIEL MENEGÁS', '4781', '123456', 'aluno');
INSERT INTO `usuarios` (`id`, `nome`, `codigo`, `senha`, `contexto`) VALUES ('117', 'RAQUEL POSSOBON', '4782', '123456', 'aluno');
INSERT INTO `usuarios` (`id`, `nome`, `codigo`, `senha`, `contexto`) VALUES ('118', 'CRISLAINE AMÁLIA WAGNER', '4785', '123456', 'aluno');
INSERT INTO `usuarios` (`id`, `nome`, `codigo`, `senha`, `contexto`) VALUES ('119', 'SANDRA PAULA DO NASCIMENTO BARBISAN ', '4786', '123456', 'aluno');
INSERT INTO `usuarios` (`id`, `nome`, `codigo`, `senha`, `contexto`) VALUES ('120', 'MIRCA ELSENBACH', '4818', '123456', 'aluno');
INSERT INTO `usuarios` (`id`, `nome`, `codigo`, `senha`, `contexto`) VALUES ('121', 'JORGE ALBERTO KUFNER', '4825', '123456', 'aluno');
INSERT INTO `usuarios` (`id`, `nome`, `codigo`, `senha`, `contexto`) VALUES ('122', 'CARLA MARIA DE RÉ', '4829', '123456', 'aluno');
INSERT INTO `usuarios` (`id`, `nome`, `codigo`, `senha`, `contexto`) VALUES ('123', 'ALESSANDRA NATALI BASSO', '4831', '123456', 'aluno');
INSERT INTO `usuarios` (`id`, `nome`, `codigo`, `senha`, `contexto`) VALUES ('124', 'EDUARDA DOM DEMETRIO', '4887', '123456', 'aluno');
INSERT INTO `usuarios` (`id`, `nome`, `codigo`, `senha`, `contexto`) VALUES ('125', 'GABRIELE ANTONIETTI MEDTLER', '4888', '123456', 'aluno');
INSERT INTO `usuarios` (`id`, `nome`, `codigo`, `senha`, `contexto`) VALUES ('126', 'BRUNA CARLA STRINGHINI POZZEBON', '4889', '123456', 'aluno');
INSERT INTO `usuarios` (`id`, `nome`, `codigo`, `senha`, `contexto`) VALUES ('127', 'CAROLINE BARBOSA DE SOUZA', '4901', '123456', 'aluno');
INSERT INTO `usuarios` (`id`, `nome`, `codigo`, `senha`, `contexto`) VALUES ('128', 'MATHEUS WILLIAN DA SILVA', '4903', '123456', 'aluno');
INSERT INTO `usuarios` (`id`, `nome`, `codigo`, `senha`, `contexto`) VALUES ('129', 'TAINARA OLIVEIRA OZÓRIO', '4904', '123456', 'aluno');
INSERT INTO `usuarios` (`id`, `nome`, `codigo`, `senha`, `contexto`) VALUES ('130', 'SIMONE ECCO', '4907', '123456', 'aluno');
INSERT INTO `usuarios` (`id`, `nome`, `codigo`, `senha`, `contexto`) VALUES ('131', 'NATÁLIA MOHR', '4911', '123456', 'aluno');
INSERT INTO `usuarios` (`id`, `nome`, `codigo`, `senha`, `contexto`) VALUES ('132', 'MARCELO BOLLER', '4912', '123456', 'aluno');
INSERT INTO `usuarios` (`id`, `nome`, `codigo`, `senha`, `contexto`) VALUES ('133', 'SUCENA ALVES BORGES', '4915', '123456', 'aluno');
INSERT INTO `usuarios` (`id`, `nome`, `codigo`, `senha`, `contexto`) VALUES ('134', 'LUIZ EDUARDO SOARES PINHEIRO', '4916', '123456', 'aluno');
INSERT INTO `usuarios` (`id`, `nome`, `codigo`, `senha`, `contexto`) VALUES ('135', 'YONÁ PERTILLE PICOLI', '4917', '123456', 'aluno');
INSERT INTO `usuarios` (`id`, `nome`, `codigo`, `senha`, `contexto`) VALUES ('136', 'MICHELE IARA LIESCH', '4918', '123456', 'aluno');
INSERT INTO `usuarios` (`id`, `nome`, `codigo`, `senha`, `contexto`) VALUES ('137', 'EVERTON PAFUSKI', '4919', '123456', 'aluno');
INSERT INTO `usuarios` (`id`, `nome`, `codigo`, `senha`, `contexto`) VALUES ('138', 'GABRIELA MARIA PANSERA', '4924', '123456', 'aluno');
INSERT INTO `usuarios` (`id`, `nome`, `codigo`, `senha`, `contexto`) VALUES ('139', 'ROBERTA CURZEE ROMANI', '4927', '123456', 'aluno');
INSERT INTO `usuarios` (`id`, `nome`, `codigo`, `senha`, `contexto`) VALUES ('140', 'EDUARDA PAULA PERKUHN', '4930', '123456', 'aluno');
INSERT INTO `usuarios` (`id`, `nome`, `codigo`, `senha`, `contexto`) VALUES ('141', 'RENATA VEDOVATTO BARROS', '4931', '123456', 'aluno');
INSERT INTO `usuarios` (`id`, `nome`, `codigo`, `senha`, `contexto`) VALUES ('142', 'MARCOS DE VARGAS PINTO', '4935', '123456', 'aluno');
INSERT INTO `usuarios` (`id`, `nome`, `codigo`, `senha`, `contexto`) VALUES ('143', 'JOÃO CANABARRO CAMPOS', '4936', '123456', 'aluno');
INSERT INTO `usuarios` (`id`, `nome`, `codigo`, `senha`, `contexto`) VALUES ('144', 'DANIEL BERLANDA ZANFERRARI', '4946', '123456', 'aluno');
INSERT INTO `usuarios` (`id`, `nome`, `codigo`, `senha`, `contexto`) VALUES ('145', 'JÚLIA MARTINS', '4948', '123456', 'aluno');
INSERT INTO `usuarios` (`id`, `nome`, `codigo`, `senha`, `contexto`) VALUES ('146', 'PRISCILA PERETO MICHESKI', '4950', '123456', 'aluno');
INSERT INTO `usuarios` (`id`, `nome`, `codigo`, `senha`, `contexto`) VALUES ('147', 'GRIGOR HENRIQUE MENIN', '4951', '123456', 'aluno');
INSERT INTO `usuarios` (`id`, `nome`, `codigo`, `senha`, `contexto`) VALUES ('148', 'JUCIMAR CLEITON STROHER', '4952', '123456', 'aluno');
INSERT INTO `usuarios` (`id`, `nome`, `codigo`, `senha`, `contexto`) VALUES ('149', 'DIEGO GIOVANI BOLLER', '4955', '123456', 'aluno');
INSERT INTO `usuarios` (`id`, `nome`, `codigo`, `senha`, `contexto`) VALUES ('150', 'GABRIELA MINGORI', '4956', '123456', 'aluno');
INSERT INTO `usuarios` (`id`, `nome`, `codigo`, `senha`, `contexto`) VALUES ('151', 'MARA RUTE HIRT', '4958', '123456', 'aluno');
INSERT INTO `usuarios` (`id`, `nome`, `codigo`, `senha`, `contexto`) VALUES ('152', 'MATHEUS ANDRÉ GIACOMELLI BATISTA DA SILVA', '4959', '123456', 'aluno');
INSERT INTO `usuarios` (`id`, `nome`, `codigo`, `senha`, `contexto`) VALUES ('153', 'CRISTIAN WILLIAM ALBRECHT', '4964', '123456', 'aluno');
INSERT INTO `usuarios` (`id`, `nome`, `codigo`, `senha`, `contexto`) VALUES ('154', 'VIVIANE NAVA', '4965', '123456', 'aluno');
INSERT INTO `usuarios` (`id`, `nome`, `codigo`, `senha`, `contexto`) VALUES ('155', 'GABRIEL HOLLANDER BERNARDI', '4968', '123456', 'aluno');
INSERT INTO `usuarios` (`id`, `nome`, `codigo`, `senha`, `contexto`) VALUES ('156', 'WILLIAN HENRIQUE BALBINOTT', '4969', '123456', 'aluno');
INSERT INTO `usuarios` (`id`, `nome`, `codigo`, `senha`, `contexto`) VALUES ('157', 'TOBIAS LEOPOLDO DOS SANTOS', '4973', '123456', 'aluno');
INSERT INTO `usuarios` (`id`, `nome`, `codigo`, `senha`, `contexto`) VALUES ('158', 'RAFAEL LUCAS DE ARAUJO', '4978', '123456', 'aluno');
INSERT INTO `usuarios` (`id`, `nome`, `codigo`, `senha`, `contexto`) VALUES ('159', 'MARCELO WOJEIECHOWSKI', '4979', '123456', 'aluno');
INSERT INTO `usuarios` (`id`, `nome`, `codigo`, `senha`, `contexto`) VALUES ('160', 'LUANA ANDRESSA DELIBERAL', '4980', '123456', 'aluno');
INSERT INTO `usuarios` (`id`, `nome`, `codigo`, `senha`, `contexto`) VALUES ('161', 'GALVIN RENI PRILLA', '4981', '123456', 'aluno');
INSERT INTO `usuarios` (`id`, `nome`, `codigo`, `senha`, `contexto`) VALUES ('162', 'TAÍS CRISTINA MOREIRA', '4982', '123456', 'aluno');
INSERT INTO `usuarios` (`id`, `nome`, `codigo`, `senha`, `contexto`) VALUES ('163', 'PÂMELA RENATA NERI', '4985', '123456', 'aluno');
INSERT INTO `usuarios` (`id`, `nome`, `codigo`, `senha`, `contexto`) VALUES ('164', 'ANDRESSA FAGANELLO', '4989', '123456', 'aluno');
INSERT INTO `usuarios` (`id`, `nome`, `codigo`, `senha`, `contexto`) VALUES ('165', 'STEFFANY MURIELLI BATISTA MURARI', '4993', '123456', 'aluno');
INSERT INTO `usuarios` (`id`, `nome`, `codigo`, `senha`, `contexto`) VALUES ('166', 'SAMUEL BOBERMEN DE SOUZA', '4995', '123456', 'aluno');
INSERT INTO `usuarios` (`id`, `nome`, `codigo`, `senha`, `contexto`) VALUES ('167', 'MATHEUS ONGARATTO', '4996', '123456', 'aluno');
INSERT INTO `usuarios` (`id`, `nome`, `codigo`, `senha`, `contexto`) VALUES ('168', 'KAREN RENATA PSIDONIK', '5003', '123456', 'aluno');
INSERT INTO `usuarios` (`id`, `nome`, `codigo`, `senha`, `contexto`) VALUES ('169', 'GABRIEL PROVIN BOBADILLA', '5005', '123456', 'aluno');
INSERT INTO `usuarios` (`id`, `nome`, `codigo`, `senha`, `contexto`) VALUES ('170', 'JOÃO PAULO CHAGAS DAMBROS', '5007', '123456', 'aluno');
INSERT INTO `usuarios` (`id`, `nome`, `codigo`, `senha`, `contexto`) VALUES ('171', 'DIEGO RAFAIN', '5025', '123456', 'aluno');
INSERT INTO `usuarios` (`id`, `nome`, `codigo`, `senha`, `contexto`) VALUES ('172', 'ANDERSON LUIS POCHMANN', '5029', '123456', 'aluno');
INSERT INTO `usuarios` (`id`, `nome`, `codigo`, `senha`, `contexto`) VALUES ('173', 'HENRIQUE SMANIOTTO', '5031', '123456', 'aluno');
INSERT INTO `usuarios` (`id`, `nome`, `codigo`, `senha`, `contexto`) VALUES ('174', 'CÉLIO FERREIRA DA CRUZ', '5033', '123456', 'aluno');
INSERT INTO `usuarios` (`id`, `nome`, `codigo`, `senha`, `contexto`) VALUES ('175', 'LEANDRO LOPES TIZOCO', '5034', '123456', 'aluno');
INSERT INTO `usuarios` (`id`, `nome`, `codigo`, `senha`, `contexto`) VALUES ('176', 'MIKAEL POWZUM AMORIM', '5036', '123456', 'aluno');
INSERT INTO `usuarios` (`id`, `nome`, `codigo`, `senha`, `contexto`) VALUES ('177', 'JOSIMAR ANDRÉ ANZOLIN', '5039', '123456', 'aluno');
INSERT INTO `usuarios` (`id`, `nome`, `codigo`, `senha`, `contexto`) VALUES ('178', 'MICHELE CARLA TROMBETA', '5040', '123456', 'aluno');
INSERT INTO `usuarios` (`id`, `nome`, `codigo`, `senha`, `contexto`) VALUES ('179', 'TATIANE JÉSSICA DE MEDEIROS', '5041', '123456', 'aluno');
INSERT INTO `usuarios` (`id`, `nome`, `codigo`, `senha`, `contexto`) VALUES ('180', 'FERNANDO LUIZ DA SILVA', '5050', '123456', 'aluno');
INSERT INTO `usuarios` (`id`, `nome`, `codigo`, `senha`, `contexto`) VALUES ('181', 'CRISTIANO BIOLO JÚNIOR', '5054', '123456', 'aluno');
INSERT INTO `usuarios` (`id`, `nome`, `codigo`, `senha`, `contexto`) VALUES ('182', 'LUANA SALETE GIESEL', '5055', '123456', 'aluno');
INSERT INTO `usuarios` (`id`, `nome`, `codigo`, `senha`, `contexto`) VALUES ('183', 'GIOVANA CRISTINA TORTELLI', '5061', '123456', 'aluno');
INSERT INTO `usuarios` (`id`, `nome`, `codigo`, `senha`, `contexto`) VALUES ('184', 'LEONARDO PAOLO FERRARI MADRID', '5064', '123456', 'aluno');
INSERT INTO `usuarios` (`id`, `nome`, `codigo`, `senha`, `contexto`) VALUES ('185', 'LEONARDO BRANCHER BAMPI', '5067', '123456', 'aluno');
INSERT INTO `usuarios` (`id`, `nome`, `codigo`, `senha`, `contexto`) VALUES ('186', 'PABLO LIOTTO DONIDA PEDROSO', '5068', '123456', 'aluno');
INSERT INTO `usuarios` (`id`, `nome`, `codigo`, `senha`, `contexto`) VALUES ('187', 'GRACIELA FERNANDES PRESTES', '5077', '123456', 'aluno');
INSERT INTO `usuarios` (`id`, `nome`, `codigo`, `senha`, `contexto`) VALUES ('188', 'CRISTIAN JAILSON PEREIRA DUARTE', '5082', '123456', 'aluno');
INSERT INTO `usuarios` (`id`, `nome`, `codigo`, `senha`, `contexto`) VALUES ('189', 'GUILHERME PARIS', '5083', '123456', 'aluno');
INSERT INTO `usuarios` (`id`, `nome`, `codigo`, `senha`, `contexto`) VALUES ('190', 'LUCAS SILVANO FAROFA', '5159', '123456', 'aluno');
INSERT INTO `usuarios` (`id`, `nome`, `codigo`, `senha`, `contexto`) VALUES ('191', 'LISIÊ MASSAROTTO', '5161', '123456', 'aluno');
INSERT INTO `usuarios` (`id`, `nome`, `codigo`, `senha`, `contexto`) VALUES ('192', 'ROBERTO CARLOS ORSO', '5164', '123456', 'aluno');
INSERT INTO `usuarios` (`id`, `nome`, `codigo`, `senha`, `contexto`) VALUES ('193', 'SIMONE ARNDT TERRA', '5165', '123456', 'aluno');
INSERT INTO `usuarios` (`id`, `nome`, `codigo`, `senha`, `contexto`) VALUES ('194', 'GÉSSICA DIAS DE ABREU', '5166', '123456', 'aluno');
INSERT INTO `usuarios` (`id`, `nome`, `codigo`, `senha`, `contexto`) VALUES ('195', 'LUCAS BADALOTTI PETKOVICZ', '5167', '123456', 'aluno');
INSERT INTO `usuarios` (`id`, `nome`, `codigo`, `senha`, `contexto`) VALUES ('196', 'SILVAN DEMARCO', '5168', '123456', 'aluno');
INSERT INTO `usuarios` (`id`, `nome`, `codigo`, `senha`, `contexto`) VALUES ('197', 'JOSIELE FÁTIMA WEIRICH', '5169', '123456', 'aluno');
INSERT INTO `usuarios` (`id`, `nome`, `codigo`, `senha`, `contexto`) VALUES ('198', 'VICENTE GABRIEL BARBOSA SFATOSKI', '5170', '123456', 'aluno');
INSERT INTO `usuarios` (`id`, `nome`, `codigo`, `senha`, `contexto`) VALUES ('199', 'RAFAELA PRÛN-JÊ DE OLIVEIRA', '5172', '123456', 'aluno');
INSERT INTO `usuarios` (`id`, `nome`, `codigo`, `senha`, `contexto`) VALUES ('200', 'CAROLINE MARTINS', '5178', '123456', 'aluno');
INSERT INTO `usuarios` (`id`, `nome`, `codigo`, `senha`, `contexto`) VALUES ('201', 'CAMILA VANZ MARCOLIN', '5179', '123456', 'aluno');
INSERT INTO `usuarios` (`id`, `nome`, `codigo`, `senha`, `contexto`) VALUES ('202', 'TATIANE BOTH', '5180', '123456', 'aluno');
INSERT INTO `usuarios` (`id`, `nome`, `codigo`, `senha`, `contexto`) VALUES ('203', 'ANDERSON BATISTELA', '5184', '123456', 'aluno');
INSERT INTO `usuarios` (`id`, `nome`, `codigo`, `senha`, `contexto`) VALUES ('204', 'ANDRESSA PAULA BATTISTI', '5187', '123456', 'aluno');
INSERT INTO `usuarios` (`id`, `nome`, `codigo`, `senha`, `contexto`) VALUES ('205', 'VITORYA CAROLINA ZANATTA BARROSO', '5189', '123456', 'aluno');
INSERT INTO `usuarios` (`id`, `nome`, `codigo`, `senha`, `contexto`) VALUES ('206', 'MAIARA FÁTIMA MAY', '5190', '123456', 'aluno');
INSERT INTO `usuarios` (`id`, `nome`, `codigo`, `senha`, `contexto`) VALUES ('207', 'ALINE RONSONI DE OLIVEIRA', '5218', '123456', 'aluno');
INSERT INTO `usuarios` (`id`, `nome`, `codigo`, `senha`, `contexto`) VALUES ('208', 'CAUÊ MICHIELIN BONORINO', '5267', '123456', 'aluno');
INSERT INTO `usuarios` (`id`, `nome`, `codigo`, `senha`, `contexto`) VALUES ('209', 'CHALINE CRISTINA BANFI', '5268', '123456', 'aluno');
INSERT INTO `usuarios` (`id`, `nome`, `codigo`, `senha`, `contexto`) VALUES ('210', 'TAINÁ SAVI BUSIKE', '5269', '123456', 'aluno');
INSERT INTO `usuarios` (`id`, `nome`, `codigo`, `senha`, `contexto`) VALUES ('211', 'JÉSSICA CAROLINE BIEDACHA', '5271', '123456', 'aluno');
INSERT INTO `usuarios` (`id`, `nome`, `codigo`, `senha`, `contexto`) VALUES ('212', 'ANGELICA MARIA MAKIJEWSKI', '5272', '123456', 'aluno');
INSERT INTO `usuarios` (`id`, `nome`, `codigo`, `senha`, `contexto`) VALUES ('213', 'TAINÁ PERTILLE PICOLI', '5273', '123456', 'aluno');
INSERT INTO `usuarios` (`id`, `nome`, `codigo`, `senha`, `contexto`) VALUES ('214', 'ANDRESSA TOMASINI', '5275', '123456', 'aluno');
INSERT INTO `usuarios` (`id`, `nome`, `codigo`, `senha`, `contexto`) VALUES ('215', 'GESSICA NAZARIO BORBA', '5276', '123456', 'aluno');
INSERT INTO `usuarios` (`id`, `nome`, `codigo`, `senha`, `contexto`) VALUES ('216', 'ALESSANDRA TAÍS NAZARIO RIBEIRO', '5277', '123456', 'aluno');
INSERT INTO `usuarios` (`id`, `nome`, `codigo`, `senha`, `contexto`) VALUES ('217', 'CLAIR FABRICIO BONAZZI', '5278', '123456', 'aluno');
INSERT INTO `usuarios` (`id`, `nome`, `codigo`, `senha`, `contexto`) VALUES ('218', 'LARISSA DE LIMA', '5279', '123456', 'aluno');
INSERT INTO `usuarios` (`id`, `nome`, `codigo`, `senha`, `contexto`) VALUES ('219', 'CARINA TURSKI', '5280', '123456', 'aluno');
INSERT INTO `usuarios` (`id`, `nome`, `codigo`, `senha`, `contexto`) VALUES ('220', 'FERNANDO BRESSIANI', '5282', '123456', 'aluno');
INSERT INTO `usuarios` (`id`, `nome`, `codigo`, `senha`, `contexto`) VALUES ('221', 'ANTONIO CRISTIANO MUNARI', '5283', '123456', 'aluno');
INSERT INTO `usuarios` (`id`, `nome`, `codigo`, `senha`, `contexto`) VALUES ('222', 'ALEXANDRE DESORDI DALLAGNOL', '5286', '123456', 'aluno');
INSERT INTO `usuarios` (`id`, `nome`, `codigo`, `senha`, `contexto`) VALUES ('223', 'THAINÁ CARRERA ROMMEL', '5287', '123456', 'aluno');
INSERT INTO `usuarios` (`id`, `nome`, `codigo`, `senha`, `contexto`) VALUES ('224', 'MILENA GIACOMOLLI', '5289', '123456', 'aluno');
INSERT INTO `usuarios` (`id`, `nome`, `codigo`, `senha`, `contexto`) VALUES ('225', 'IARA TORRES SCZEFS', '5290', '123456', 'aluno');
INSERT INTO `usuarios` (`id`, `nome`, `codigo`, `senha`, `contexto`) VALUES ('226', 'ANA PAULA BERGAMIN', '5293', '123456', 'aluno');
INSERT INTO `usuarios` (`id`, `nome`, `codigo`, `senha`, `contexto`) VALUES ('227', 'RAFAELA CAROLINE DEL PRÁ', '5294', '123456', 'aluno');
INSERT INTO `usuarios` (`id`, `nome`, `codigo`, `senha`, `contexto`) VALUES ('228', 'ELIS MARINA MAZZONETTO', '5296', '123456', 'aluno');
INSERT INTO `usuarios` (`id`, `nome`, `codigo`, `senha`, `contexto`) VALUES ('229', 'CIMARA BRUNA BEDENDE', '5298', '123456', 'aluno');
INSERT INTO `usuarios` (`id`, `nome`, `codigo`, `senha`, `contexto`) VALUES ('230', 'ANTHONI BATTISTI VARGAS', '5300', '123456', 'aluno');
INSERT INTO `usuarios` (`id`, `nome`, `codigo`, `senha`, `contexto`) VALUES ('231', 'MILENE SACCOMORI', '5301', '123456', 'aluno');
INSERT INTO `usuarios` (`id`, `nome`, `codigo`, `senha`, `contexto`) VALUES ('232', 'SAMANTA LUZIA RISSON', '5302', '123456', 'aluno');
INSERT INTO `usuarios` (`id`, `nome`, `codigo`, `senha`, `contexto`) VALUES ('233', 'ELOISA BORDIGNON', '5303', '123456', 'aluno');
INSERT INTO `usuarios` (`id`, `nome`, `codigo`, `senha`, `contexto`) VALUES ('234', 'LUIS HENRIQUE BIAVATTI', '5304', '123456', 'aluno');
INSERT INTO `usuarios` (`id`, `nome`, `codigo`, `senha`, `contexto`) VALUES ('235', 'STÉPHANI LUISA OZIEMBLOWSKI AZAMBUJA', '5306', '123456', 'aluno');
INSERT INTO `usuarios` (`id`, `nome`, `codigo`, `senha`, `contexto`) VALUES ('236', 'JACSON VINÍCIUS GRANDO', '5307', '123456', 'aluno');
INSERT INTO `usuarios` (`id`, `nome`, `codigo`, `senha`, `contexto`) VALUES ('237', 'MAIARA CLAIR BORGES', '5310', '123456', 'aluno');
INSERT INTO `usuarios` (`id`, `nome`, `codigo`, `senha`, `contexto`) VALUES ('238', 'ANANDA DAVIDONIS VARGAS', '5312', '123456', 'aluno');
INSERT INTO `usuarios` (`id`, `nome`, `codigo`, `senha`, `contexto`) VALUES ('239', 'PATRICIO BRANDALIZE', '5314', '123456', 'aluno');
INSERT INTO `usuarios` (`id`, `nome`, `codigo`, `senha`, `contexto`) VALUES ('240', 'MARIÉLE OSTROWSKI', '5315', '123456', 'aluno');
INSERT INTO `usuarios` (`id`, `nome`, `codigo`, `senha`, `contexto`) VALUES ('241', 'ANGÉLICA FÁTIMA ZIN RIGO', '5316', '123456', 'aluno');
INSERT INTO `usuarios` (`id`, `nome`, `codigo`, `senha`, `contexto`) VALUES ('242', 'WAGNER PRAZMOWSKI', '5318', '123456', 'aluno');
INSERT INTO `usuarios` (`id`, `nome`, `codigo`, `senha`, `contexto`) VALUES ('243', 'EUNIR KAISER', '5320', '123456', 'aluno');
INSERT INTO `usuarios` (`id`, `nome`, `codigo`, `senha`, `contexto`) VALUES ('244', 'DAIANE VANESSA PILONI BERTUOL', '5322', '123456', 'aluno');
INSERT INTO `usuarios` (`id`, `nome`, `codigo`, `senha`, `contexto`) VALUES ('245', 'JÔNATAS SFREDO', '5323', '123456', 'aluno');
INSERT INTO `usuarios` (`id`, `nome`, `codigo`, `senha`, `contexto`) VALUES ('246', 'FABÍOLA MADEY BONAVIGO', '5324', '123456', 'aluno');
INSERT INTO `usuarios` (`id`, `nome`, `codigo`, `senha`, `contexto`) VALUES ('247', 'RAFAELA SOARES', '5326', '123456', 'aluno');
INSERT INTO `usuarios` (`id`, `nome`, `codigo`, `senha`, `contexto`) VALUES ('248', 'ALINE KISSEL', '5328', '123456', 'aluno');
INSERT INTO `usuarios` (`id`, `nome`, `codigo`, `senha`, `contexto`) VALUES ('249', 'GUILHERME LETTRARI ECHER', '5330', '123456', 'aluno');
INSERT INTO `usuarios` (`id`, `nome`, `codigo`, `senha`, `contexto`) VALUES ('250', 'HENRIQUE DREWS', '5331', '123456', 'aluno');
INSERT INTO `usuarios` (`id`, `nome`, `codigo`, `senha`, `contexto`) VALUES ('251', 'DAIANA MARIA SEMENUK JUTKOVSKI ', '5332', '123456', 'aluno');
INSERT INTO `usuarios` (`id`, `nome`, `codigo`, `senha`, `contexto`) VALUES ('252', 'MAICON ARTUZO KREBS', '5333', '123456', 'aluno');
INSERT INTO `usuarios` (`id`, `nome`, `codigo`, `senha`, `contexto`) VALUES ('253', 'DANIELA FATIMA DE SOUZA', '5334', '123456', 'aluno');
INSERT INTO `usuarios` (`id`, `nome`, `codigo`, `senha`, `contexto`) VALUES ('254', 'JUSANAN THAIS FELDENS', '5335', '123456', 'aluno');
INSERT INTO `usuarios` (`id`, `nome`, `codigo`, `senha`, `contexto`) VALUES ('255', 'CARLA LETÍCIA MIOLA MALVESTI', '5336', '123456', 'aluno');
INSERT INTO `usuarios` (`id`, `nome`, `codigo`, `senha`, `contexto`) VALUES ('256', 'LETÍCIA TRINDADE PAULA RODRIGUES', '5337', '123456', 'aluno');
INSERT INTO `usuarios` (`id`, `nome`, `codigo`, `senha`, `contexto`) VALUES ('257', 'NATALLI TEIXEIRA', '5338', '123456', 'aluno');
INSERT INTO `usuarios` (`id`, `nome`, `codigo`, `senha`, `contexto`) VALUES ('258', 'LELIANA BONFANTE', '5342', '123456', 'aluno');
INSERT INTO `usuarios` (`id`, `nome`, `codigo`, `senha`, `contexto`) VALUES ('259', 'ANDRESSA MAÍSA CEZANIAK DE OLIVEIRA ', '5345', '123456', 'aluno');
INSERT INTO `usuarios` (`id`, `nome`, `codigo`, `senha`, `contexto`) VALUES ('260', 'JULIA MARA MOSSI', '5346', '123456', 'aluno');
INSERT INTO `usuarios` (`id`, `nome`, `codigo`, `senha`, `contexto`) VALUES ('261', 'BRUNA SELIVON', '5348', '123456', 'aluno');
INSERT INTO `usuarios` (`id`, `nome`, `codigo`, `senha`, `contexto`) VALUES ('262', 'EDUARDO MOCELLIN DELIBERAL', '5353', '123456', 'aluno');
INSERT INTO `usuarios` (`id`, `nome`, `codigo`, `senha`, `contexto`) VALUES ('263', 'LUANA DALL AGNOL', '5354', '123456', 'aluno');
INSERT INTO `usuarios` (`id`, `nome`, `codigo`, `senha`, `contexto`) VALUES ('264', 'ALANE GASPARETTO', '5356', '123456', 'aluno');
INSERT INTO `usuarios` (`id`, `nome`, `codigo`, `senha`, `contexto`) VALUES ('265', 'LETÍCIA DALL AGNOL', '5360', '123456', 'aluno');
INSERT INTO `usuarios` (`id`, `nome`, `codigo`, `senha`, `contexto`) VALUES ('266', 'LUANA LAZARI', '5361', '123456', 'aluno');
INSERT INTO `usuarios` (`id`, `nome`, `codigo`, `senha`, `contexto`) VALUES ('267', 'GABRIEL ELLYAS SAVIGHAGO CHAVES', '5363', '123456', 'aluno');
INSERT INTO `usuarios` (`id`, `nome`, `codigo`, `senha`, `contexto`) VALUES ('268', 'TATIANE SANDRA LOPES', '5365', '123456', 'aluno');
INSERT INTO `usuarios` (`id`, `nome`, `codigo`, `senha`, `contexto`) VALUES ('269', 'CHALINE TRENTIN', '5369', '123456', 'aluno');
INSERT INTO `usuarios` (`id`, `nome`, `codigo`, `senha`, `contexto`) VALUES ('270', 'ALESSANDRA LUCIA ANDREOLLA RODRIGUES', '5371', '123456', 'aluno');
INSERT INTO `usuarios` (`id`, `nome`, `codigo`, `senha`, `contexto`) VALUES ('271', 'ALESSON BREITENBACH', '5372', '123456', 'aluno');
INSERT INTO `usuarios` (`id`, `nome`, `codigo`, `senha`, `contexto`) VALUES ('272', 'DARLAN WILLIAN SCHÄFER', '5373', '123456', 'aluno');
INSERT INTO `usuarios` (`id`, `nome`, `codigo`, `senha`, `contexto`) VALUES ('273', 'RAFAEL ALEXANDRE DOS REIS', '5377', '123456', 'aluno');
INSERT INTO `usuarios` (`id`, `nome`, `codigo`, `senha`, `contexto`) VALUES ('274', 'GUSTAVO DANILO GRISELI', '5380', '123456', 'aluno');
INSERT INTO `usuarios` (`id`, `nome`, `codigo`, `senha`, `contexto`) VALUES ('275', 'JOÃO VICENTE CARBONERA', '5381', '123456', 'aluno');
INSERT INTO `usuarios` (`id`, `nome`, `codigo`, `senha`, `contexto`) VALUES ('276', 'MARCELO RIBEIRO PIRES', '5382', '123456', 'aluno');
INSERT INTO `usuarios` (`id`, `nome`, `codigo`, `senha`, `contexto`) VALUES ('277', 'MILENA STRIESKI', '5386', '123456', 'aluno');
INSERT INTO `usuarios` (`id`, `nome`, `codigo`, `senha`, `contexto`) VALUES ('278', 'DAIANE MIORELLI COLLING', '5390', '123456', 'aluno');
INSERT INTO `usuarios` (`id`, `nome`, `codigo`, `senha`, `contexto`) VALUES ('279', 'MAYANA TAPPARELLO MUNARI', '5391', '123456', 'aluno');
INSERT INTO `usuarios` (`id`, `nome`, `codigo`, `senha`, `contexto`) VALUES ('280', 'ELIELTO DENILTO DALMUTH', '5393', '123456', 'aluno');
INSERT INTO `usuarios` (`id`, `nome`, `codigo`, `senha`, `contexto`) VALUES ('281', 'MARCELO LASARI', '5395', '123456', 'aluno');
INSERT INTO `usuarios` (`id`, `nome`, `codigo`, `senha`, `contexto`) VALUES ('282', 'VINICIOS JOSÉ GONÇALVES DE JESUS', '5397', '123456', 'aluno');
INSERT INTO `usuarios` (`id`, `nome`, `codigo`, `senha`, `contexto`) VALUES ('283', 'SIMONE MICHELIN  COSTA AMATUZI ', '5401', '123456', 'aluno');
INSERT INTO `usuarios` (`id`, `nome`, `codigo`, `senha`, `contexto`) VALUES ('284', 'OSÉIAS ANDERSON DA SILVA', '5403', '123456', 'aluno');
INSERT INTO `usuarios` (`id`, `nome`, `codigo`, `senha`, `contexto`) VALUES ('285', 'EDUARDO PEREIRA', '5405', '123456', 'aluno');
INSERT INTO `usuarios` (`id`, `nome`, `codigo`, `senha`, `contexto`) VALUES ('286', 'BRUNA KELLYN MELLO MACHADO', '5407', '123456', 'aluno');
INSERT INTO `usuarios` (`id`, `nome`, `codigo`, `senha`, `contexto`) VALUES ('287', 'FRANCIANE KOSSMANN', '5414', '123456', 'aluno');
INSERT INTO `usuarios` (`id`, `nome`, `codigo`, `senha`, `contexto`) VALUES ('288', 'TAZIANE LUCIA BALDISSERA', '5415', '123456', 'aluno');
INSERT INTO `usuarios` (`id`, `nome`, `codigo`, `senha`, `contexto`) VALUES ('289', 'MAURÍCIO FERNANDO SAQUINI BRUSCHI', '5416', '123456', 'aluno');
INSERT INTO `usuarios` (`id`, `nome`, `codigo`, `senha`, `contexto`) VALUES ('290', 'MILENE NATÁLIA RIGO', '5417', '123456', 'aluno');
INSERT INTO `usuarios` (`id`, `nome`, `codigo`, `senha`, `contexto`) VALUES ('291', 'DOUGLAS LUIS LEISER', '5420', '123456', 'aluno');
INSERT INTO `usuarios` (`id`, `nome`, `codigo`, `senha`, `contexto`) VALUES ('292', 'GISSELE FÁTIMA DASSI', '5421', '123456', 'aluno');
INSERT INTO `usuarios` (`id`, `nome`, `codigo`, `senha`, `contexto`) VALUES ('293', 'CLAUDIANE FRANCIELE JACUNIAK', '5424', '123456', 'aluno');
INSERT INTO `usuarios` (`id`, `nome`, `codigo`, `senha`, `contexto`) VALUES ('294', 'ANDRÉIA GONÇALVES DA ROSA', '5430', '123456', 'aluno');
INSERT INTO `usuarios` (`id`, `nome`, `codigo`, `senha`, `contexto`) VALUES ('295', 'VÍVIAM LIANA PULTER DOS SANTOS ', '5431', '123456', 'aluno');
INSERT INTO `usuarios` (`id`, `nome`, `codigo`, `senha`, `contexto`) VALUES ('296', 'IVAN LUÍS MALVESTI', '5444', '123456', 'aluno');
INSERT INTO `usuarios` (`id`, `nome`, `codigo`, `senha`, `contexto`) VALUES ('297', 'GLÁUCIA OLIVEIRA FLORIANO', '5445', '123456', 'aluno');
INSERT INTO `usuarios` (`id`, `nome`, `codigo`, `senha`, `contexto`) VALUES ('298', 'IURI SAMUEL DO NASCIMENTO', '5503', '123456', 'aluno');
INSERT INTO `usuarios` (`id`, `nome`, `codigo`, `senha`, `contexto`) VALUES ('299', 'MATEUS VINÍCIUS FÁVERO', '5504', '123456', 'aluno');
INSERT INTO `usuarios` (`id`, `nome`, `codigo`, `senha`, `contexto`) VALUES ('300', 'RUTIELLE DE ARAÚJO DOS SANTOS', '5506', '123456', 'aluno');
INSERT INTO `usuarios` (`id`, `nome`, `codigo`, `senha`, `contexto`) VALUES ('301', 'MIRIAM SALETE OLSCZEWSKI', '5507', '123456', 'aluno');
INSERT INTO `usuarios` (`id`, `nome`, `codigo`, `senha`, `contexto`) VALUES ('302', 'JOSÉ PRZYLEPA', '5508', '123456', 'aluno');
INSERT INTO `usuarios` (`id`, `nome`, `codigo`, `senha`, `contexto`) VALUES ('303', 'ELOÍSA MÜLLER TEFILI', '5509', '123456', 'aluno');
INSERT INTO `usuarios` (`id`, `nome`, `codigo`, `senha`, `contexto`) VALUES ('304', 'HÉRICK DA COSTA WILKE', '5510', '123456', 'aluno');
INSERT INTO `usuarios` (`id`, `nome`, `codigo`, `senha`, `contexto`) VALUES ('305', 'MARILEUSA KUHN', '5512', '123456', 'aluno');
INSERT INTO `usuarios` (`id`, `nome`, `codigo`, `senha`, `contexto`) VALUES ('306', 'DENER UILIAN PERTUZZATTI', '5514', '123456', 'aluno');
INSERT INTO `usuarios` (`id`, `nome`, `codigo`, `senha`, `contexto`) VALUES ('307', 'LUÍS GUILHERME TORRES FERNANDES', '5515', '123456', 'aluno');
INSERT INTO `usuarios` (`id`, `nome`, `codigo`, `senha`, `contexto`) VALUES ('308', 'SUÉLEN SUZANE PETTER', '5516', '123456', 'aluno');
INSERT INTO `usuarios` (`id`, `nome`, `codigo`, `senha`, `contexto`) VALUES ('309', 'FRANCIELI DE QUADROS', '5517', '123456', 'aluno');
INSERT INTO `usuarios` (`id`, `nome`, `codigo`, `senha`, `contexto`) VALUES ('310', 'ELAINE ROBERTA OSTROWSKI', '5520', '123456', 'aluno');
INSERT INTO `usuarios` (`id`, `nome`, `codigo`, `senha`, `contexto`) VALUES ('311', 'MATEUS MARQUES DE CASTRO', '5521', '123456', 'aluno');
INSERT INTO `usuarios` (`id`, `nome`, `codigo`, `senha`, `contexto`) VALUES ('312', 'ISAQUE JACKSON DA SILVA DE BRITO', '5522', '123456', 'aluno');
INSERT INTO `usuarios` (`id`, `nome`, `codigo`, `senha`, `contexto`) VALUES ('313', 'TALIA RODRIGUES', '5523', '123456', 'aluno');
INSERT INTO `usuarios` (`id`, `nome`, `codigo`, `senha`, `contexto`) VALUES ('314', 'FARNEI CARLOS LOPES', '5525', '123456', 'aluno');
INSERT INTO `usuarios` (`id`, `nome`, `codigo`, `senha`, `contexto`) VALUES ('315', 'ELENA MAIRA OLIVEIRA', '5527', '123456', 'aluno');
INSERT INTO `usuarios` (`id`, `nome`, `codigo`, `senha`, `contexto`) VALUES ('316', 'MATEUS AUGUSTO SILVA PIRES', '5528', '123456', 'aluno');
INSERT INTO `usuarios` (`id`, `nome`, `codigo`, `senha`, `contexto`) VALUES ('317', 'DEISE ELOISE UEBEL LOPES', '5530', '123456', 'aluno');
INSERT INTO `usuarios` (`id`, `nome`, `codigo`, `senha`, `contexto`) VALUES ('318', 'DEIVIDI CRISTIAN SOARES', '5531', '123456', 'aluno');
INSERT INTO `usuarios` (`id`, `nome`, `codigo`, `senha`, `contexto`) VALUES ('319', 'ANGELICA ISABEL RONCATO', '5532', '123456', 'aluno');
INSERT INTO `usuarios` (`id`, `nome`, `codigo`, `senha`, `contexto`) VALUES ('320', 'FABRÍCIO GRANDO DE TOLEDO', '5539', '123456', 'aluno');
INSERT INTO `usuarios` (`id`, `nome`, `codigo`, `senha`, `contexto`) VALUES ('321', 'LUANA BEATRICK ALVES PIRES', '5541', '123456', 'aluno');
INSERT INTO `usuarios` (`id`, `nome`, `codigo`, `senha`, `contexto`) VALUES ('322', 'TAUANA TORTELLI', '5547', '123456', 'aluno');
INSERT INTO `usuarios` (`id`, `nome`, `codigo`, `senha`, `contexto`) VALUES ('323', 'BRUNA DE QUADROS HECK', '5550', '123456', 'aluno');
INSERT INTO `usuarios` (`id`, `nome`, `codigo`, `senha`, `contexto`) VALUES ('324', 'ANDERSON LEONARDO PATZER', '5551', '123456', 'aluno');
INSERT INTO `usuarios` (`id`, `nome`, `codigo`, `senha`, `contexto`) VALUES ('325', 'OLÁDIO LUIZ PAIDA JUNIOR', '5552', '123456', 'aluno');
INSERT INTO `usuarios` (`id`, `nome`, `codigo`, `senha`, `contexto`) VALUES ('326', 'ANNE CRISTINE SILVESTRINI', '5558', '123456', 'aluno');
INSERT INTO `usuarios` (`id`, `nome`, `codigo`, `senha`, `contexto`) VALUES ('327', 'EMANUEL PIRAN CERIOLI', '5559', '123456', 'aluno');
INSERT INTO `usuarios` (`id`, `nome`, `codigo`, `senha`, `contexto`) VALUES ('328', 'JULIA MARIA VESCOVI', '5582', '123456', 'aluno');
INSERT INTO `usuarios` (`id`, `nome`, `codigo`, `senha`, `contexto`) VALUES ('329', 'EMANUELE COPERCINI BORTOLANZA', '5595', '123456', 'aluno');
INSERT INTO `usuarios` (`id`, `nome`, `codigo`, `senha`, `contexto`) VALUES ('330', 'ANA CLAUDIA BALLEN', '5597', '123456', 'aluno');
INSERT INTO `usuarios` (`id`, `nome`, `codigo`, `senha`, `contexto`) VALUES ('331', 'ELISANGELA CAZUNI DIAS', '5607', '123456', 'aluno');
INSERT INTO `usuarios` (`id`, `nome`, `codigo`, `senha`, `contexto`) VALUES ('332', 'LUIZ FELIPE MÜLLER DA SILVA', '5609', '123456', 'aluno');
INSERT INTO `usuarios` (`id`, `nome`, `codigo`, `senha`, `contexto`) VALUES ('333', 'CAMILA JANAINA RODRIGUES', '5617', '123456', 'aluno');
INSERT INTO `usuarios` (`id`, `nome`, `codigo`, `senha`, `contexto`) VALUES ('334', 'LEONARDO GABRIEL PICHINI TROCZINSKI ', '5620', '123456', 'aluno');
INSERT INTO `usuarios` (`id`, `nome`, `codigo`, `senha`, `contexto`) VALUES ('335', 'ALAN PETRICH THOMAZINI', '5621', '123456', 'aluno');
INSERT INTO `usuarios` (`id`, `nome`, `codigo`, `senha`, `contexto`) VALUES ('336', 'KATIUZA DALBOSCO', '5622', '123456', 'aluno');
INSERT INTO `usuarios` (`id`, `nome`, `codigo`, `senha`, `contexto`) VALUES ('337', 'SÔNIA MARA MASURKEVICZ', '5737', '123456', 'aluno');
INSERT INTO `usuarios` (`id`, `nome`, `codigo`, `senha`, `contexto`) VALUES ('338', 'LUIZ COMIRAN DE LIMA', '5739', '123456', 'aluno');
INSERT INTO `usuarios` (`id`, `nome`, `codigo`, `senha`, `contexto`) VALUES ('339', 'EDINÉIA TOLBALDINI SOARES', '5741', '123456', 'aluno');
INSERT INTO `usuarios` (`id`, `nome`, `codigo`, `senha`, `contexto`) VALUES ('340', 'FRANCINE BECKER', '5743', '123456', 'aluno');
INSERT INTO `usuarios` (`id`, `nome`, `codigo`, `senha`, `contexto`) VALUES ('341', 'JOSIANE GARDINO SOARES', '5744', '123456', 'aluno');
INSERT INTO `usuarios` (`id`, `nome`, `codigo`, `senha`, `contexto`) VALUES ('342', 'BRUNA FÁTIMA OGRODOSKI', '5746', '123456', 'aluno');
INSERT INTO `usuarios` (`id`, `nome`, `codigo`, `senha`, `contexto`) VALUES ('343', 'VANESSA SAMARA RONSONI', '5747', '123456', 'aluno');
INSERT INTO `usuarios` (`id`, `nome`, `codigo`, `senha`, `contexto`) VALUES ('344', 'RÚBIA OLEJUKI DARIVA', '5749', '123456', 'aluno');
INSERT INTO `usuarios` (`id`, `nome`, `codigo`, `senha`, `contexto`) VALUES ('345', 'ESTEFANI PASSARINI', '5750', '123456', 'aluno');
INSERT INTO `usuarios` (`id`, `nome`, `codigo`, `senha`, `contexto`) VALUES ('346', 'ÁGATHA VITÓRIA PRESTES', '5751', '123456', 'aluno');
INSERT INTO `usuarios` (`id`, `nome`, `codigo`, `senha`, `contexto`) VALUES ('347', 'ANA JULIA MICHELIN', '5752', '123456', 'aluno');
INSERT INTO `usuarios` (`id`, `nome`, `codigo`, `senha`, `contexto`) VALUES ('348', 'GABRIELA BERNARDI', '5755', '123456', 'aluno');
INSERT INTO `usuarios` (`id`, `nome`, `codigo`, `senha`, `contexto`) VALUES ('349', 'KELVIN ALTAIR MORONA', '5757', '123456', 'aluno');
INSERT INTO `usuarios` (`id`, `nome`, `codigo`, `senha`, `contexto`) VALUES ('350', 'LAURA KURTZ', '5760', '123456', 'aluno');
INSERT INTO `usuarios` (`id`, `nome`, `codigo`, `senha`, `contexto`) VALUES ('351', 'BRUNA ZANELLA', '5762', '123456', 'aluno');
INSERT INTO `usuarios` (`id`, `nome`, `codigo`, `senha`, `contexto`) VALUES ('352', 'DANIELI ALINE NILSON', '5763', '123456', 'aluno');
INSERT INTO `usuarios` (`id`, `nome`, `codigo`, `senha`, `contexto`) VALUES ('353', 'HENRIQUE STAFORTI DOS SANTOS', '5764', '123456', 'aluno');
INSERT INTO `usuarios` (`id`, `nome`, `codigo`, `senha`, `contexto`) VALUES ('354', 'PABLO HENRIQUE BROKOP', '5766', '123456', 'aluno');
INSERT INTO `usuarios` (`id`, `nome`, `codigo`, `senha`, `contexto`) VALUES ('355', 'ANA JÚLIA UTTEICH DORIGON', '5767', '123456', 'aluno');
INSERT INTO `usuarios` (`id`, `nome`, `codigo`, `senha`, `contexto`) VALUES ('356', 'FRANCIELI FÁTIMA OLKOSKI', '5768', '123456', 'aluno');
INSERT INTO `usuarios` (`id`, `nome`, `codigo`, `senha`, `contexto`) VALUES ('357', 'DANIEL LUIZ KWOLL', '5770', '123456', 'aluno');
INSERT INTO `usuarios` (`id`, `nome`, `codigo`, `senha`, `contexto`) VALUES ('358', 'ÉLEN CARLA FANTIN', '5771', '123456', 'aluno');
INSERT INTO `usuarios` (`id`, `nome`, `codigo`, `senha`, `contexto`) VALUES ('359', 'MAIARA MARIA PERKA', '5773', '123456', 'aluno');
INSERT INTO `usuarios` (`id`, `nome`, `codigo`, `senha`, `contexto`) VALUES ('360', 'CAROLINE MACHADO', '5776', '123456', 'aluno');
INSERT INTO `usuarios` (`id`, `nome`, `codigo`, `senha`, `contexto`) VALUES ('361', 'ANA LUÍSA FERREIRA', '5778', '123456', 'aluno');
INSERT INTO `usuarios` (`id`, `nome`, `codigo`, `senha`, `contexto`) VALUES ('362', 'GUSTAVO BALDISSERA MAY', '5779', '123456', 'aluno');
INSERT INTO `usuarios` (`id`, `nome`, `codigo`, `senha`, `contexto`) VALUES ('363', 'FABIANA DE MATTOS', '5780', '123456', 'aluno');
INSERT INTO `usuarios` (`id`, `nome`, `codigo`, `senha`, `contexto`) VALUES ('364', 'EDUARDA LAIS RIGO', '5781', '123456', 'aluno');
INSERT INTO `usuarios` (`id`, `nome`, `codigo`, `senha`, `contexto`) VALUES ('365', 'DANIELA SALETE PEREIRA DOS SANTOS OTONI', '5783', '123456', 'aluno');
INSERT INTO `usuarios` (`id`, `nome`, `codigo`, `senha`, `contexto`) VALUES ('366', 'MARLON DOUGLAS KARPINSKI CANTO ', '5784', '123456', 'aluno');
INSERT INTO `usuarios` (`id`, `nome`, `codigo`, `senha`, `contexto`) VALUES ('367', 'ARISSON LUIS MAROSTICA', '5785', '123456', 'aluno');
INSERT INTO `usuarios` (`id`, `nome`, `codigo`, `senha`, `contexto`) VALUES ('368', 'CRISTIAN MATEUS BERTUOL', '5786', '123456', 'aluno');
INSERT INTO `usuarios` (`id`, `nome`, `codigo`, `senha`, `contexto`) VALUES ('369', 'LEIDINÉIA MACIEL LEITE', '5787', '123456', 'aluno');
INSERT INTO `usuarios` (`id`, `nome`, `codigo`, `senha`, `contexto`) VALUES ('370', 'JOÃO CARLOS VANZ', '5788', '123456', 'aluno');
INSERT INTO `usuarios` (`id`, `nome`, `codigo`, `senha`, `contexto`) VALUES ('371', 'EDUARDA FRANCESCHI', '5789', '123456', 'aluno');
INSERT INTO `usuarios` (`id`, `nome`, `codigo`, `senha`, `contexto`) VALUES ('372', 'TIAGO ANDRE ZORTEA', '5790', '123456', 'aluno');
INSERT INTO `usuarios` (`id`, `nome`, `codigo`, `senha`, `contexto`) VALUES ('373', 'MICHEL JONES PILATTI', '5793', '123456', 'aluno');
INSERT INTO `usuarios` (`id`, `nome`, `codigo`, `senha`, `contexto`) VALUES ('374', 'ARIEL ANTUNES DE OLIVEIRA', '5794', '123456', 'aluno');
INSERT INTO `usuarios` (`id`, `nome`, `codigo`, `senha`, `contexto`) VALUES ('375', 'TAÍS CARLA JACUBOSKI', '5797', '123456', 'aluno');
INSERT INTO `usuarios` (`id`, `nome`, `codigo`, `senha`, `contexto`) VALUES ('376', 'EDICLEI ALVES', '5798', '123456', 'aluno');
INSERT INTO `usuarios` (`id`, `nome`, `codigo`, `senha`, `contexto`) VALUES ('377', 'JANAÍSA ROBERTA BRESOLIN', '5799', '123456', 'aluno');
INSERT INTO `usuarios` (`id`, `nome`, `codigo`, `senha`, `contexto`) VALUES ('378', 'ANA JÚLIA ZAWADZKI', '5800', '123456', 'aluno');
INSERT INTO `usuarios` (`id`, `nome`, `codigo`, `senha`, `contexto`) VALUES ('379', 'GABRIELA ANDRESSA BIRCK', '5802', '123456', 'aluno');
INSERT INTO `usuarios` (`id`, `nome`, `codigo`, `senha`, `contexto`) VALUES ('380', 'TATIANE RIOS DOS SANTOS FERREIRA', '5803', '123456', 'aluno');
INSERT INTO `usuarios` (`id`, `nome`, `codigo`, `senha`, `contexto`) VALUES ('381', 'CAMYLA MODENA', '5806', '123456', 'aluno');
INSERT INTO `usuarios` (`id`, `nome`, `codigo`, `senha`, `contexto`) VALUES ('382', 'ROSÂNGELA DE SOUZA RIOS', '5807', '123456', 'aluno');
INSERT INTO `usuarios` (`id`, `nome`, `codigo`, `senha`, `contexto`) VALUES ('383', 'GUILHERME FREDERICO SCHWEIZER', '5810', '123456', 'aluno');
INSERT INTO `usuarios` (`id`, `nome`, `codigo`, `senha`, `contexto`) VALUES ('384', 'MATEUS RODRIGUES DE CEZARO', '5820', '123456', 'aluno');
INSERT INTO `usuarios` (`id`, `nome`, `codigo`, `senha`, `contexto`) VALUES ('385', 'BRANDA LÚCIA MAZZOCCHI BASSO', '5830', '123456', 'aluno');
INSERT INTO `usuarios` (`id`, `nome`, `codigo`, `senha`, `contexto`) VALUES ('386', 'VAGNER ALEX CANAN', '5852', '123456', 'aluno');
INSERT INTO `usuarios` (`id`, `nome`, `codigo`, `senha`, `contexto`) VALUES ('387', 'PATRÍCIA LIDIANE CANDIDO FRANÇA', '5853', '123456', 'aluno');
INSERT INTO `usuarios` (`id`, `nome`, `codigo`, `senha`, `contexto`) VALUES ('388', 'JARDEL BETIOLO', '5861', '123456', 'aluno');
INSERT INTO `usuarios` (`id`, `nome`, `codigo`, `senha`, `contexto`) VALUES ('389', 'GUILHERME OTAVIO RODRIGUES', '5863', '123456', 'aluno');
INSERT INTO `usuarios` (`id`, `nome`, `codigo`, `senha`, `contexto`) VALUES ('390', 'MILENA HÉLEN RONSONI', '5874', '123456', 'aluno');
INSERT INTO `usuarios` (`id`, `nome`, `codigo`, `senha`, `contexto`) VALUES ('391', 'GUILHERME HENRIQUE PAIVA', '5877', '123456', 'aluno');
INSERT INTO `usuarios` (`id`, `nome`, `codigo`, `senha`, `contexto`) VALUES ('392', 'RODRIGO JOSE JUNGES', '5880', '123456', 'aluno');
INSERT INTO `usuarios` (`id`, `nome`, `codigo`, `senha`, `contexto`) VALUES ('393', 'SARALI FONTANA LIPA', '5886', '123456', 'aluno');
INSERT INTO `usuarios` (`id`, `nome`, `codigo`, `senha`, `contexto`) VALUES ('394', 'MARINA TRINDADE DA CRUZ', '5890', '123456', 'aluno');
INSERT INTO `usuarios` (`id`, `nome`, `codigo`, `senha`, `contexto`) VALUES ('395', 'SÉRGIO LUÍS KANIA JÚNIOR', '5891', '123456', 'aluno');
INSERT INTO `usuarios` (`id`, `nome`, `codigo`, `senha`, `contexto`) VALUES ('396', 'RONIE ANDERSON WELTER', '5892', '123456', 'aluno');
INSERT INTO `usuarios` (`id`, `nome`, `codigo`, `senha`, `contexto`) VALUES ('397', 'BRUNO GABIATTI TRZECIAK', '5898', '123456', 'aluno');
INSERT INTO `usuarios` (`id`, `nome`, `codigo`, `senha`, `contexto`) VALUES ('398', 'TAISE FÁTIMA TUBIN', '5905', '123456', 'aluno');
INSERT INTO `usuarios` (`id`, `nome`, `codigo`, `senha`, `contexto`) VALUES ('399', 'EMANUEL NATAN VOGT', '5907', '123456', 'aluno');
INSERT INTO `usuarios` (`id`, `nome`, `codigo`, `senha`, `contexto`) VALUES ('400', 'DIEGO BARATTO', '5908', '123456', 'aluno');
INSERT INTO `usuarios` (`id`, `nome`, `codigo`, `senha`, `contexto`) VALUES ('401', 'ALEXIA PAOLA CAMARGO CENTOFANTE', '5911', '123456', 'aluno');
INSERT INTO `usuarios` (`id`, `nome`, `codigo`, `senha`, `contexto`) VALUES ('402', 'RENAN PAULO OTELAKOSKI', '5912', '123456', 'aluno');
INSERT INTO `usuarios` (`id`, `nome`, `codigo`, `senha`, `contexto`) VALUES ('403', 'JAMILE TALITA DOS SANTOS SOARES', '5913', '123456', 'aluno');
INSERT INTO `usuarios` (`id`, `nome`, `codigo`, `senha`, `contexto`) VALUES ('404', 'ANGELA MARIA CABRAL LOPES', '5918', '123456', 'aluno');
INSERT INTO `usuarios` (`id`, `nome`, `codigo`, `senha`, `contexto`) VALUES ('405', 'SABRINA IZAQUINI', '5919', '123456', 'aluno');
INSERT INTO `usuarios` (`id`, `nome`, `codigo`, `senha`, `contexto`) VALUES ('406', 'LEONARDO NATAN BATISTELLO MARCHIORO ', '5921', '123456', 'aluno');
INSERT INTO `usuarios` (`id`, `nome`, `codigo`, `senha`, `contexto`) VALUES ('407', 'CAROLINE APARECIDA GONÇALVES', '5922', '123456', 'aluno');
INSERT INTO `usuarios` (`id`, `nome`, `codigo`, `senha`, `contexto`) VALUES ('408', 'ANDREY FERNANDO SOARES', '5927', '123456', 'aluno');
INSERT INTO `usuarios` (`id`, `nome`, `codigo`, `senha`, `contexto`) VALUES ('409', 'TALISSA VIVIANE DOS SANTOS', '5928', '123456', 'aluno');
INSERT INTO `usuarios` (`id`, `nome`, `codigo`, `senha`, `contexto`) VALUES ('410', 'RODRIGO JOSÉ VOLOSKI', '5929', '123456', 'aluno');
INSERT INTO `usuarios` (`id`, `nome`, `codigo`, `senha`, `contexto`) VALUES ('411', 'EDUARDO HENRIQUE FRACASSO', '5930', '123456', 'aluno');
INSERT INTO `usuarios` (`id`, `nome`, `codigo`, `senha`, `contexto`) VALUES ('412', 'MAICON SLAVIERO', '5931', '123456', 'aluno');
INSERT INTO `usuarios` (`id`, `nome`, `codigo`, `senha`, `contexto`) VALUES ('413', 'RENATO JACQUES DAMBROS', '5933', '123456', 'aluno');
INSERT INTO `usuarios` (`id`, `nome`, `codigo`, `senha`, `contexto`) VALUES ('414', 'BRENDA BERNAR FÉU', '5934', '123456', 'aluno');
INSERT INTO `usuarios` (`id`, `nome`, `codigo`, `senha`, `contexto`) VALUES ('415', 'SORIANE MÁRCIA KESSLER', '5935', '123456', 'aluno');
INSERT INTO `usuarios` (`id`, `nome`, `codigo`, `senha`, `contexto`) VALUES ('416', 'WILLIAM CALONEGO', '5937', '123456', 'aluno');
INSERT INTO `usuarios` (`id`, `nome`, `codigo`, `senha`, `contexto`) VALUES ('417', 'BRUNA DOGENSKI', '5938', '123456', 'aluno');
INSERT INTO `usuarios` (`id`, `nome`, `codigo`, `senha`, `contexto`) VALUES ('418', 'EDENILSON LUÍS LEIMANN', '5939', '123456', 'aluno');
INSERT INTO `usuarios` (`id`, `nome`, `codigo`, `senha`, `contexto`) VALUES ('419', 'ILIOMAR RODRIGUES OLIVEIRA', '5940', '123456', 'aluno');
INSERT INTO `usuarios` (`id`, `nome`, `codigo`, `senha`, `contexto`) VALUES ('420', 'JONATAN ELIAS DUARTE', '5943', '123456', 'aluno');
INSERT INTO `usuarios` (`id`, `nome`, `codigo`, `senha`, `contexto`) VALUES ('421', 'GRÉGORY MATHEUS ESBERCI LOBO', '5944', '123456', 'aluno');
INSERT INTO `usuarios` (`id`, `nome`, `codigo`, `senha`, `contexto`) VALUES ('422', 'IGOR RATAIESKI SCHMITT', '5946', '123456', 'aluno');
INSERT INTO `usuarios` (`id`, `nome`, `codigo`, `senha`, `contexto`) VALUES ('423', 'IGOR FELIPE WOIDILLA', '5949', '123456', 'aluno');
INSERT INTO `usuarios` (`id`, `nome`, `codigo`, `senha`, `contexto`) VALUES ('424', 'WILLIAM ROBERTO DOS SANTOS', '5951', '123456', 'aluno');
INSERT INTO `usuarios` (`id`, `nome`, `codigo`, `senha`, `contexto`) VALUES ('425', 'DANIELE KETLIN ZATERA LEYTER', '5952', '123456', 'aluno');
INSERT INTO `usuarios` (`id`, `nome`, `codigo`, `senha`, `contexto`) VALUES ('426', 'ANDRESSA CRISTINA DE SALES DA SILVA ', '5955', '123456', 'aluno');
INSERT INTO `usuarios` (`id`, `nome`, `codigo`, `senha`, `contexto`) VALUES ('427', 'JANICE MARIA DASSI', '5956', '123456', 'aluno');
INSERT INTO `usuarios` (`id`, `nome`, `codigo`, `senha`, `contexto`) VALUES ('428', 'JACSON ANDRÉ PIGATTO', '5958', '123456', 'aluno');
INSERT INTO `usuarios` (`id`, `nome`, `codigo`, `senha`, `contexto`) VALUES ('429', 'BEATRÍS TEREZINHA VELOSO D AVILLA', '5960', '123456', 'aluno');
INSERT INTO `usuarios` (`id`, `nome`, `codigo`, `senha`, `contexto`) VALUES ('430', 'JAÍNE PAULA ROMANOSKI', '5967', '123456', 'aluno');
INSERT INTO `usuarios` (`id`, `nome`, `codigo`, `senha`, `contexto`) VALUES ('431', 'LIGIAMARA CHARLINE DIAS DE SOUZA', '5968', '123456', 'aluno');
INSERT INTO `usuarios` (`id`, `nome`, `codigo`, `senha`, `contexto`) VALUES ('432', 'GUILHERME MARINI FRACARO', '5970', '123456', 'aluno');
INSERT INTO `usuarios` (`id`, `nome`, `codigo`, `senha`, `contexto`) VALUES ('433', 'BRUNA PAULA DE PICOLI', '5971', '123456', 'aluno');
INSERT INTO `usuarios` (`id`, `nome`, `codigo`, `senha`, `contexto`) VALUES ('434', 'ARIEL TOMAZ BONETTI', '5973', '123456', 'aluno');
INSERT INTO `usuarios` (`id`, `nome`, `codigo`, `senha`, `contexto`) VALUES ('435', 'ELISÂNGELA LITWIN', '5974', '123456', 'aluno');
INSERT INTO `usuarios` (`id`, `nome`, `codigo`, `senha`, `contexto`) VALUES ('436', 'RYAN CARLOS LAZZAROTTI FERNANDES DA SILVA', '5975', '123456', 'aluno');
INSERT INTO `usuarios` (`id`, `nome`, `codigo`, `senha`, `contexto`) VALUES ('437', 'CRISIANE REGINA SCHÖNEWEISS', '5976', '123456', 'aluno');
INSERT INTO `usuarios` (`id`, `nome`, `codigo`, `senha`, `contexto`) VALUES ('438', 'SUANA ZARICHTA', '5977', '123456', 'aluno');
INSERT INTO `usuarios` (`id`, `nome`, `codigo`, `senha`, `contexto`) VALUES ('439', 'JAMES KEVIN DOS ANJOS DALL AGNOL', '5979', '123456', 'aluno');
INSERT INTO `usuarios` (`id`, `nome`, `codigo`, `senha`, `contexto`) VALUES ('440', 'GABRIEL RYCHCIK', '5982', '123456', 'aluno');
INSERT INTO `usuarios` (`id`, `nome`, `codigo`, `senha`, `contexto`) VALUES ('441', 'RAUL ROVANI BECKER', '5983', '123456', 'aluno');
INSERT INTO `usuarios` (`id`, `nome`, `codigo`, `senha`, `contexto`) VALUES ('442', 'JÉSSICA SUHRE', '6023', '123456', 'aluno');
INSERT INTO `usuarios` (`id`, `nome`, `codigo`, `senha`, `contexto`) VALUES ('443', 'CÁSSIO ANTÔNIO FLORES', '6024', '123456', 'aluno');
INSERT INTO `usuarios` (`id`, `nome`, `codigo`, `senha`, `contexto`) VALUES ('444', 'RAFAEL DE OLIVEIRA GRACIANO', '6025', '123456', 'aluno');
INSERT INTO `usuarios` (`id`, `nome`, `codigo`, `senha`, `contexto`) VALUES ('445', 'JOÃO MARCOS TRENTIN', '6027', '123456', 'aluno');
INSERT INTO `usuarios` (`id`, `nome`, `codigo`, `senha`, `contexto`) VALUES ('446', 'VOLNEI FELIPE OLKOSKI PAZ', '6028', '123456', 'aluno');
INSERT INTO `usuarios` (`id`, `nome`, `codigo`, `senha`, `contexto`) VALUES ('447', 'DIANE GAIATTO', '6029', '123456', 'aluno');
INSERT INTO `usuarios` (`id`, `nome`, `codigo`, `senha`, `contexto`) VALUES ('448', 'ÉVERTON DIAS MACHADO', '6030', '123456', 'aluno');
INSERT INTO `usuarios` (`id`, `nome`, `codigo`, `senha`, `contexto`) VALUES ('449', 'LAURA RIBEIRO BARBOSA', '6031', '123456', 'aluno');
INSERT INTO `usuarios` (`id`, `nome`, `codigo`, `senha`, `contexto`) VALUES ('450', 'CARINE DE ALBUQUERQUE SEPINHIKI', '6032', '123456', 'aluno');
INSERT INTO `usuarios` (`id`, `nome`, `codigo`, `senha`, `contexto`) VALUES ('451', 'VALENTINA CIGARAN PEREIRA', '6033', '123456', 'aluno');
INSERT INTO `usuarios` (`id`, `nome`, `codigo`, `senha`, `contexto`) VALUES ('452', 'GRÉGORI CLAUDIOMIRO MARTINS DE ALMEIDA', '6034', '123456', 'aluno');
INSERT INTO `usuarios` (`id`, `nome`, `codigo`, `senha`, `contexto`) VALUES ('453', 'LUCAS STRAPASSON BARBACOVI', '6036', '123456', 'aluno');
INSERT INTO `usuarios` (`id`, `nome`, `codigo`, `senha`, `contexto`) VALUES ('454', 'ROBERTO KLUTSCHNIKOW', '6037', '123456', 'aluno');
INSERT INTO `usuarios` (`id`, `nome`, `codigo`, `senha`, `contexto`) VALUES ('455', 'JÉSSICA CADORE', '6038', '123456', 'aluno');
INSERT INTO `usuarios` (`id`, `nome`, `codigo`, `senha`, `contexto`) VALUES ('456', 'ALANA BORTOLI', '6039', '123456', 'aluno');
INSERT INTO `usuarios` (`id`, `nome`, `codigo`, `senha`, `contexto`) VALUES ('457', 'VIVIANE CONFORTIN', '6040', '123456', 'aluno');
INSERT INTO `usuarios` (`id`, `nome`, `codigo`, `senha`, `contexto`) VALUES ('458', 'RAFAEL ANTÔNIO DA SILVA RODRIGUES', '6041', '123456', 'aluno');
INSERT INTO `usuarios` (`id`, `nome`, `codigo`, `senha`, `contexto`) VALUES ('459', 'LUÍS ANTÔNIO CAMILOTTI', '6042', '123456', 'aluno');
INSERT INTO `usuarios` (`id`, `nome`, `codigo`, `senha`, `contexto`) VALUES ('460', 'LARISSA FERNANDA PEREIRA DE OLIVEIRA FREITAS', '6043', '123456', 'aluno');
INSERT INTO `usuarios` (`id`, `nome`, `codigo`, `senha`, `contexto`) VALUES ('461', 'LUANA SANTOS CHAVES', '6044', '123456', 'aluno');
INSERT INTO `usuarios` (`id`, `nome`, `codigo`, `senha`, `contexto`) VALUES ('462', 'SIDIMAR TONIAL', '6048', '123456', 'aluno');
INSERT INTO `usuarios` (`id`, `nome`, `codigo`, `senha`, `contexto`) VALUES ('463', 'CAROLINE NATALI SOARES', '6049', '123456', 'aluno');
INSERT INTO `usuarios` (`id`, `nome`, `codigo`, `senha`, `contexto`) VALUES ('464', 'GABRIEL SOMENZI', '6050', '123456', 'aluno');
INSERT INTO `usuarios` (`id`, `nome`, `codigo`, `senha`, `contexto`) VALUES ('465', 'BRUNA MAIARA LONGO', '6051', '123456', 'aluno');
INSERT INTO `usuarios` (`id`, `nome`, `codigo`, `senha`, `contexto`) VALUES ('466', 'JANAÍNE MARIA KESSLER', '6053', '123456', 'aluno');
INSERT INTO `usuarios` (`id`, `nome`, `codigo`, `senha`, `contexto`) VALUES ('467', 'GIAN CARLOS PEDROSO', '6054', '123456', 'aluno');
INSERT INTO `usuarios` (`id`, `nome`, `codigo`, `senha`, `contexto`) VALUES ('468', 'RAFAEL CELSO DE OLIVEIRA', '6055', '123456', 'aluno');
INSERT INTO `usuarios` (`id`, `nome`, `codigo`, `senha`, `contexto`) VALUES ('469', 'CAROLINE SCHNIPA CAMPESATTO', '6058', '123456', 'aluno');
INSERT INTO `usuarios` (`id`, `nome`, `codigo`, `senha`, `contexto`) VALUES ('470', 'ALESSANDRA DO NASCIMENTO', '6059', '123456', 'aluno');
INSERT INTO `usuarios` (`id`, `nome`, `codigo`, `senha`, `contexto`) VALUES ('471', 'ÉDISON JOSÉ FINGER', '6063', '123456', 'aluno');
INSERT INTO `usuarios` (`id`, `nome`, `codigo`, `senha`, `contexto`) VALUES ('472', 'LUCIANA GIAQUINI', '6064', '123456', 'aluno');
INSERT INTO `usuarios` (`id`, `nome`, `codigo`, `senha`, `contexto`) VALUES ('473', 'SILVAN CARLOS PUERARI', '6065', '123456', 'aluno');
INSERT INTO `usuarios` (`id`, `nome`, `codigo`, `senha`, `contexto`) VALUES ('474', 'WILLIAM EMANUEL MACHADO', '6067', '123456', 'aluno');
INSERT INTO `usuarios` (`id`, `nome`, `codigo`, `senha`, `contexto`) VALUES ('475', 'IVAN CARLOS LERIN', '6069', '123456', 'aluno');
INSERT INTO `usuarios` (`id`, `nome`, `codigo`, `senha`, `contexto`) VALUES ('476', 'LARISSA CORRÊA', '6070', '123456', 'aluno');
INSERT INTO `usuarios` (`id`, `nome`, `codigo`, `senha`, `contexto`) VALUES ('477', 'MATHEUS SPIELMANN MORETTO', '6071', '123456', 'aluno');
INSERT INTO `usuarios` (`id`, `nome`, `codigo`, `senha`, `contexto`) VALUES ('478', 'YURI KUTTER MOCELLIN', '6079', '123456', 'aluno');
INSERT INTO `usuarios` (`id`, `nome`, `codigo`, `senha`, `contexto`) VALUES ('479', 'SAMUEL MATEUS PADILHA DOS SANTOS', '6080', '123456', 'aluno');
INSERT INTO `usuarios` (`id`, `nome`, `codigo`, `senha`, `contexto`) VALUES ('480', 'ROBERTA WARNAVA', '6083', '123456', 'aluno');
INSERT INTO `usuarios` (`id`, `nome`, `codigo`, `senha`, `contexto`) VALUES ('481', 'YGOR MARCANZONI PERETO', '6086', '123456', 'aluno');
INSERT INTO `usuarios` (`id`, `nome`, `codigo`, `senha`, `contexto`) VALUES ('482', 'Admin', '1234', '1234', 'administrador');
INSERT INTO `usuarios` (`id`, `nome`, `codigo`, `senha`, `contexto`) VALUES ('483', 'ELIANE FÁTIMA SAMUEL DO NASCIMENTO', '0000', '123456', 'professor');
INSERT INTO `usuarios` (`id`, `nome`, `codigo`, `senha`, `contexto`) VALUES ('484', 'RAFAEL SOTTILI TESTA', '0000', '123456', 'professor');
INSERT INTO `usuarios` (`id`, `nome`, `codigo`, `senha`, `contexto`) VALUES ('485', 'ANDERSON PAULO POLESE', '0000', '123456', 'professor');
INSERT INTO `usuarios` (`id`, `nome`, `codigo`, `senha`, `contexto`) VALUES ('486', 'CARLOS ROBERTO BOELTER', '0000', '123456', 'professor');
INSERT INTO `usuarios` (`id`, `nome`, `codigo`, `senha`, `contexto`) VALUES ('487', 'CAROLINE OLIVEIRA BIS', '0000', '123456', 'professor');
INSERT INTO `usuarios` (`id`, `nome`, `codigo`, `senha`, `contexto`) VALUES ('488', 'JUCILÉIA GIACOMIN', '0000', '123456', 'professor');
INSERT INTO `usuarios` (`id`, `nome`, `codigo`, `senha`, `contexto`) VALUES ('489', 'HELEN DA SILVA TEIXEIRA', '0000', '123456', 'professor');
INSERT INTO `usuarios` (`id`, `nome`, `codigo`, `senha`, `contexto`) VALUES ('490', 'RODRIGO ESPIUCA DOS ANJOS SIQUEIRA', '0000', '123456', 'professor');
INSERT INTO `usuarios` (`id`, `nome`, `codigo`, `senha`, `contexto`) VALUES ('491', 'RODRIGO GARCEZ', '0000', '123456', 'professor');
INSERT INTO `usuarios` (`id`, `nome`, `codigo`, `senha`, `contexto`) VALUES ('492', 'FLAVIA DALLA COSTA', '0000', '123456', 'professor');
INSERT INTO `usuarios` (`id`, `nome`, `codigo`, `senha`, `contexto`) VALUES ('493', 'DANIELE VANESSA KLOSINSKI', '0000', '123456', 'professor');
INSERT INTO `usuarios` (`id`, `nome`, `codigo`, `senha`, `contexto`) VALUES ('494', 'ALINE MIGUELA BARCELOS TELES', '0000', '123456', 'professor');
INSERT INTO `usuarios` (`id`, `nome`, `codigo`, `senha`, `contexto`) VALUES ('495', 'JULIANA RAQUEL JABOINSKI', '0000', '123456', 'professor');
INSERT INTO `usuarios` (`id`, `nome`, `codigo`, `senha`, `contexto`) VALUES ('496', 'FABIANO  TADEU GRAZIOLI', '0000', '123456', 'professor');
INSERT INTO `usuarios` (`id`, `nome`, `codigo`, `senha`, `contexto`) VALUES ('497', 'MARIA SALETE TORRES', '0000', '123456', 'professor');
INSERT INTO `usuarios` (`id`, `nome`, `codigo`, `senha`, `contexto`) VALUES ('498', 'FABRICIO JOSÉ BRUSTOLIN', '0000', '123456', 'professor');
INSERT INTO `usuarios` (`id`, `nome`, `codigo`, `senha`, `contexto`) VALUES ('499', 'HERCIO MENEGOTTO FERRARO NETO', '0000', '123456', 'professor');
INSERT INTO `usuarios` (`id`, `nome`, `codigo`, `senha`, `contexto`) VALUES ('500', 'FABRICIO EDSON  SANTIN', '0000', '123456', 'professor');
INSERT INTO `usuarios` (`id`, `nome`, `codigo`, `senha`, `contexto`) VALUES ('501', 'MARCOS  ANDRE LUCAS', '0000', '123456', 'professor');
INSERT INTO `usuarios` (`id`, `nome`, `codigo`, `senha`, `contexto`) VALUES ('502', 'ROGÉRIO CIOTTI', '0000', '123456', 'professor');
INSERT INTO `usuarios` (`id`, `nome`, `codigo`, `senha`, `contexto`) VALUES ('503', 'DANIEL MENIN TORTELLI', '0000', '123456', 'professor');
INSERT INTO `usuarios` (`id`, `nome`, `codigo`, `senha`, `contexto`) VALUES ('504', 'SONIA MARI  CIMA', '0000', '123456', 'professor');
INSERT INTO `usuarios` (`id`, `nome`, `codigo`, `senha`, `contexto`) VALUES ('505', 'TIAGO ANTONIO CEZNE', '0000', '123456', 'professor');
INSERT INTO `usuarios` (`id`, `nome`, `codigo`, `senha`, `contexto`) VALUES ('506', 'GIOVANI CARLOS VANI', '0000', '123456', 'professor');
INSERT INTO `usuarios` (`id`, `nome`, `codigo`, `senha`, `contexto`) VALUES ('507', 'SIMONE LEHNHART VARGAS', '0000', '123456', 'professor');
INSERT INTO `usuarios` (`id`, `nome`, `codigo`, `senha`, `contexto`) VALUES ('508', 'ÉLIO HEIMANN', '0000', '123456', 'professor');
INSERT INTO `usuarios` (`id`, `nome`, `codigo`, `senha`, `contexto`) VALUES ('509', 'HUMBERTO DE PELLEGRINI', '0000', '123456', 'professor');
INSERT INTO `usuarios` (`id`, `nome`, `codigo`, `senha`, `contexto`) VALUES ('510', 'CASSIANO TIAGO LUMI', '0000', '123456', 'professor');
INSERT INTO `usuarios` (`id`, `nome`, `codigo`, `senha`, `contexto`) VALUES ('511', 'FERNANDA ZANIN MOTA CORREA', '0000', '123456', 'professor');
INSERT INTO `usuarios` (`id`, `nome`, `codigo`, `senha`, `contexto`) VALUES ('512', 'DULCIMAR JOSE JULKOVSKI', '0000', '123456', 'professor');
INSERT INTO `usuarios` (`id`, `nome`, `codigo`, `senha`, `contexto`) VALUES ('513', 'GIOVANA LIOTTO', '0000', '123456', 'professor');
INSERT INTO `usuarios` (`id`, `nome`, `codigo`, `senha`, `contexto`) VALUES ('514', 'ÉDERSON TIAGO SZLACHTA', '0000', '123456', 'professor');
INSERT INTO `usuarios` (`id`, `nome`, `codigo`, `senha`, `contexto`) VALUES ('515', 'CLAUDIA SEIBT', '0000', '123456', 'professor');
INSERT INTO `usuarios` (`id`, `nome`, `codigo`, `senha`, `contexto`) VALUES ('516', 'Reginaldo José Bolis', '0000', '123456', 'professor');
INSERT INTO `usuarios` (`id`, `nome`, `codigo`, `senha`, `contexto`) VALUES ('517', 'SUZANA FUNK', '0000', '123456', 'professor');
INSERT INTO `usuarios` (`id`, `nome`, `codigo`, `senha`, `contexto`) VALUES ('518', 'MARCIA COSEL FIEBIG', '0000', '123456', 'professor');
INSERT INTO `usuarios` (`id`, `nome`, `codigo`, `senha`, `contexto`) VALUES ('519', 'LUCIANO MORAES NETO', '0000', '123456', 'professor');
INSERT INTO `usuarios` (`id`, `nome`, `codigo`, `senha`, `contexto`) VALUES ('520', 'DOLORES MARIA LONGHI', '0000', '123456', 'professor');
INSERT INTO `usuarios` (`id`, `nome`, `codigo`, `senha`, `contexto`) VALUES ('521', 'CARLOS EDUARDO SOARES VAZ', '0000', '123456', 'professor');
INSERT INTO `usuarios` (`id`, `nome`, `codigo`, `senha`, `contexto`) VALUES ('522', 'LOURDES RAQUEL DONADEL', '0000', '123456', 'professor');
INSERT INTO `usuarios` (`id`, `nome`, `codigo`, `senha`, `contexto`) VALUES ('523', 'PAULO HENRIQUE FASSINA', '0000', '123456', 'professor');
INSERT INTO `usuarios` (`id`, `nome`, `codigo`, `senha`, `contexto`) VALUES ('524', 'CRISTIAN MATEUS VOGT', '0000', '123456', 'professor');


