#
# TABLE STRUCTURE FOR: alternativas
#

DROP TABLE IF EXISTS `alternativas`;

CREATE TABLE `alternativas` (
  `id` int(11) NOT NULL AUTO_INCREMENT,
  `descricao` varchar(45) NOT NULL,
  `correta` tinyint(4) NOT NULL DEFAULT '0',
  `questao` int(10) unsigned NOT NULL,
  PRIMARY KEY (`id`),
  KEY `fk_alternativas_questoes1_idx` (`questao`),
  CONSTRAINT `fk_alternativas_questoes1` FOREIGN KEY (`questao`) REFERENCES `questoes` (`id`) ON DELETE NO ACTION ON UPDATE CASCADE
) ENGINE=InnoDB AUTO_INCREMENT=84 DEFAULT CHARSET=utf8;

INSERT INTO `alternativas` (`id`, `descricao`, `correta`, `questao`) VALUES ('1', 'teste', '1', '1');
INSERT INTO `alternativas` (`id`, `descricao`, `correta`, `questao`) VALUES ('2', 'teste', '0', '1');
INSERT INTO `alternativas` (`id`, `descricao`, `correta`, `questao`) VALUES ('3', 'teste', '0', '1');
INSERT INTO `alternativas` (`id`, `descricao`, `correta`, `questao`) VALUES ('4', 'teste', '0', '1');
INSERT INTO `alternativas` (`id`, `descricao`, `correta`, `questao`) VALUES ('5', 'teste', '0', '1');
INSERT INTO `alternativas` (`id`, `descricao`, `correta`, `questao`) VALUES ('6', 'Em um processo de auditoria de sistema, o aud', '0', '2');
INSERT INTO `alternativas` (`id`, `descricao`, `correta`, `questao`) VALUES ('7', 'Achados de auditoria são fatos significativos', '1', '2');
INSERT INTO `alternativas` (`id`, `descricao`, `correta`, `questao`) VALUES ('8', 'A auditoria da segurança de informação tem co', '0', '2');
INSERT INTO `alternativas` (`id`, `descricao`, `correta`, `questao`) VALUES ('9', 'O processo de auditoria está divido em três f', '0', '2');
INSERT INTO `alternativas` (`id`, `descricao`, `correta`, `questao`) VALUES ('10', 'Devido à falta de confiabilidade dos dados pr', '0', '2');
INSERT INTO `alternativas` (`id`, `descricao`, `correta`, `questao`) VALUES ('11', 'Uma credencial é uma evidência fornecida por ', '0', '3');
INSERT INTO `alternativas` (`id`, `descricao`, `correta`, `questao`) VALUES ('12', 'As senhas são um meio comum de validar a iden', '0', '3');
INSERT INTO `alternativas` (`id`, `descricao`, `correta`, `questao`) VALUES ('13', 'As técnicas biométricas são classificadas com', '1', '3');
INSERT INTO `alternativas` (`id`, `descricao`, `correta`, `questao`) VALUES ('14', 'As áreas de segurança devem ser protegidas po', '0', '3');
INSERT INTO `alternativas` (`id`, `descricao`, `correta`, `questao`) VALUES ('15', 'Em uma rede de computadores, todos os usuário', '0', '3');
INSERT INTO `alternativas` (`id`, `descricao`, `correta`, `questao`) VALUES ('16', 'Bot e Worm', '1', '4');
INSERT INTO `alternativas` (`id`, `descricao`, `correta`, `questao`) VALUES ('17', 'Vírus e Worm', '0', '4');
INSERT INTO `alternativas` (`id`, `descricao`, `correta`, `questao`) VALUES ('18', 'Keylogger e Bot', '0', '4');
INSERT INTO `alternativas` (`id`, `descricao`, `correta`, `questao`) VALUES ('19', 'Cavalo de Troia (trojan) e Keylogger', '0', '4');
INSERT INTO `alternativas` (`id`, `descricao`, `correta`, `questao`) VALUES ('20', 'Cavalo de Troia (trojan) e Vírus', '0', '4');
INSERT INTO `alternativas` (`id`, `descricao`, `correta`, `questao`) VALUES ('21', 'São corretas apenas as afirmativas 1 e 4.', '0', '5');
INSERT INTO `alternativas` (`id`, `descricao`, `correta`, `questao`) VALUES ('22', 'São corretas apenas as afirmativas 2 e 5.', '0', '5');
INSERT INTO `alternativas` (`id`, `descricao`, `correta`, `questao`) VALUES ('23', 'São corretas apenas as afirmativas 3 e 5.', '0', '5');
INSERT INTO `alternativas` (`id`, `descricao`, `correta`, `questao`) VALUES ('24', 'São corretas apenas as afirmativas 1, 2 e 3.', '0', '5');
INSERT INTO `alternativas` (`id`, `descricao`, `correta`, `questao`) VALUES ('25', 'São corretas apenas as afirmativas 1, 4 e 5.', '1', '5');
INSERT INTO `alternativas` (`id`, `descricao`, `correta`, `questao`) VALUES ('26', 'O processo de investigação forense envolve té', '0', '6');
INSERT INTO `alternativas` (`id`, `descricao`, `correta`, `questao`) VALUES ('27', 'Em uma perícia forense computacional, pode-se', '0', '6');
INSERT INTO `alternativas` (`id`, `descricao`, `correta`, `questao`) VALUES ('28', 'Um elemento importante em qualquer investigaç', '1', '6');
INSERT INTO `alternativas` (`id`, `descricao`, `correta`, `questao`) VALUES ('29', 'Como a cópia bit-a-bit dos dados (imagem) nec', '0', '6');
INSERT INTO `alternativas` (`id`, `descricao`, `correta`, `questao`) VALUES ('30', 'Um perito forense pode utilizar diversas ferr', '0', '6');
INSERT INTO `alternativas` (`id`, `descricao`, `correta`, `questao`) VALUES ('31', 'procede-se com a identificação de fatores fun', '0', '7');
INSERT INTO `alternativas` (`id`, `descricao`, `correta`, `questao`) VALUES ('32', 'estabelece-se quem serão os responsáveis por ', '0', '7');
INSERT INTO `alternativas` (`id`, `descricao`, `correta`, `questao`) VALUES ('33', 'define-se a participação da empresa no mercad', '0', '7');
INSERT INTO `alternativas` (`id`, `descricao`, `correta`, `questao`) VALUES ('34', 'agrega valor ao cliente, oferecendo um difere', '0', '7');
INSERT INTO `alternativas` (`id`, `descricao`, `correta`, `questao`) VALUES ('35', 'o empreendedor definirá, com precisão, seu fo', '1', '7');
INSERT INTO `alternativas` (`id`, `descricao`, `correta`, `questao`) VALUES ('36', 'Criar negócios que se desenvolvam e que benef', '0', '8');
INSERT INTO `alternativas` (`id`, `descricao`, `correta`, `questao`) VALUES ('37', 'Motivar pessoas, criar oportunidades de negóc', '0', '8');
INSERT INTO `alternativas` (`id`, `descricao`, `correta`, `questao`) VALUES ('38', 'Transformar ideias em realidade para o benefí', '1', '8');
INSERT INTO `alternativas` (`id`, `descricao`, `correta`, `questao`) VALUES ('39', 'Tornar-se independente, desenvolver habilidad', '0', '8');
INSERT INTO `alternativas` (`id`, `descricao`, `correta`, `questao`) VALUES ('40', 'Somente as afirmativas I, II e III estão corr', '1', '9');
INSERT INTO `alternativas` (`id`, `descricao`, `correta`, `questao`) VALUES ('41', 'Somente as afirmativas II, III e IV estão cor', '0', '9');
INSERT INTO `alternativas` (`id`, `descricao`, `correta`, `questao`) VALUES ('42', 'Somente as afirmativas III, IV e V estão corr', '0', '9');
INSERT INTO `alternativas` (`id`, `descricao`, `correta`, `questao`) VALUES ('43', 'Somente as afirmativas II, III e V estão corr', '0', '9');
INSERT INTO `alternativas` (`id`, `descricao`, `correta`, `questao`) VALUES ('44', 'Economias de escala são obtidas quando a empr', '0', '10');
INSERT INTO `alternativas` (`id`, `descricao`, `correta`, `questao`) VALUES ('45', 'Economias de escopo surgem quando se torna ma', '0', '10');
INSERT INTO `alternativas` (`id`, `descricao`, `correta`, `questao`) VALUES ('46', 'A diferenciação de produtos pode envolver a d', '0', '10');
INSERT INTO `alternativas` (`id`, `descricao`, `correta`, `questao`) VALUES ('47', 'Barreiras a entrada configuram vantagens que ', '1', '10');
INSERT INTO `alternativas` (`id`, `descricao`, `correta`, `questao`) VALUES ('48', 'as empresas utilizam-nos para atingirem seis ', '1', '11');
INSERT INTO `alternativas` (`id`, `descricao`, `correta`, `questao`) VALUES ('49', 'um sistema de informação contém informações s', '0', '11');
INSERT INTO `alternativas` (`id`, `descricao`, `correta`, `questao`) VALUES ('50', 'para utilizar os sistemas de informação com e', '0', '11');
INSERT INTO `alternativas` (`id`, `descricao`, `correta`, `questao`) VALUES ('51', 'são uma das muitas ferramentas estratégicas q', '0', '11');
INSERT INTO `alternativas` (`id`, `descricao`, `correta`, `questao`) VALUES ('52', 'consistem em computadores de vários tipos e m', '0', '11');
INSERT INTO `alternativas` (`id`, `descricao`, `correta`, `questao`) VALUES ('53', 'estratégico', '0', '12');
INSERT INTO `alternativas` (`id`, `descricao`, `correta`, `questao`) VALUES ('54', 'especialista', '0', '12');
INSERT INTO `alternativas` (`id`, `descricao`, `correta`, `questao`) VALUES ('55', 'gerencial', '0', '12');
INSERT INTO `alternativas` (`id`, `descricao`, `correta`, `questao`) VALUES ('56', 'transacional', '1', '12');
INSERT INTO `alternativas` (`id`, `descricao`, `correta`, `questao`) VALUES ('57', 'dimensional', '0', '12');
INSERT INTO `alternativas` (`id`, `descricao`, `correta`, `questao`) VALUES ('58', 'O – T – O – E – T.', '0', '13');
INSERT INTO `alternativas` (`id`, `descricao`, `correta`, `questao`) VALUES ('59', 'O – O – T – T – E.', '0', '13');
INSERT INTO `alternativas` (`id`, `descricao`, `correta`, `questao`) VALUES ('60', 'T – T – O – E – E.', '0', '13');
INSERT INTO `alternativas` (`id`, `descricao`, `correta`, `questao`) VALUES ('61', 'T – O – T – T – E.', '0', '13');
INSERT INTO `alternativas` (`id`, `descricao`, `correta`, `questao`) VALUES ('62', 'E – E – T – T – O.', '1', '13');
INSERT INTO `alternativas` (`id`, `descricao`, `correta`, `questao`) VALUES ('63', 'Desafios gerenciais, aplicações empresariais,', '0', '14');
INSERT INTO `alternativas` (`id`, `descricao`, `correta`, `questao`) VALUES ('64', 'Desafios gerenciais, aplicações regionais, pr', '0', '14');
INSERT INTO `alternativas` (`id`, `descricao`, `correta`, `questao`) VALUES ('65', 'Desafios gerenciais, aplicações empresariais,', '0', '14');
INSERT INTO `alternativas` (`id`, `descricao`, `correta`, `questao`) VALUES ('66', 'Desafios gerenciais, aplicações web, processo', '1', '14');
INSERT INTO `alternativas` (`id`, `descricao`, `correta`, `questao`) VALUES ('67', 'Desafios gerenciais, aplicações empresariais,', '0', '14');
INSERT INTO `alternativas` (`id`, `descricao`, `correta`, `questao`) VALUES ('68', 'São pessoas, software, hardware, informação e', '0', '15');
INSERT INTO `alternativas` (`id`, `descricao`, `correta`, `questao`) VALUES ('69', 'São pessoas, software, hardware e redes', '0', '15');
INSERT INTO `alternativas` (`id`, `descricao`, `correta`, `questao`) VALUES ('70', 'São pessoas, software, hardware, redes e sist', '0', '15');
INSERT INTO `alternativas` (`id`, `descricao`, `correta`, `questao`) VALUES ('71', 'São pessoas, hardware, redes e dados.', '0', '15');
INSERT INTO `alternativas` (`id`, `descricao`, `correta`, `questao`) VALUES ('72', 'São pessoas, software, hardware, redes e dado', '1', '15');
INSERT INTO `alternativas` (`id`, `descricao`, `correta`, `questao`) VALUES ('73', 'Sistema de informação é um conjunto de compon', '0', '16');
INSERT INTO `alternativas` (`id`, `descricao`, `correta`, `questao`) VALUES ('74', 'Sistema de informação é um conjunto de compon', '1', '16');
INSERT INTO `alternativas` (`id`, `descricao`, `correta`, `questao`) VALUES ('75', 'Sistema de informação é um conjunto de compon', '0', '16');
INSERT INTO `alternativas` (`id`, `descricao`, `correta`, `questao`) VALUES ('76', 'Sistema de informação é um conjunto de compon', '0', '16');
INSERT INTO `alternativas` (`id`, `descricao`, `correta`, `questao`) VALUES ('77', 'Sistema de informação é um conjunto de compon', '0', '16');
INSERT INTO `alternativas` (`id`, `descricao`, `correta`, `questao`) VALUES ('78', 'teste', '1', '17');
INSERT INTO `alternativas` (`id`, `descricao`, `correta`, `questao`) VALUES ('79', 'teste', '0', '17');
INSERT INTO `alternativas` (`id`, `descricao`, `correta`, `questao`) VALUES ('80', 'teste', '0', '17');
INSERT INTO `alternativas` (`id`, `descricao`, `correta`, `questao`) VALUES ('81', 'teste', '1', '18');
INSERT INTO `alternativas` (`id`, `descricao`, `correta`, `questao`) VALUES ('82', 'teste', '1', '19');
INSERT INTO `alternativas` (`id`, `descricao`, `correta`, `questao`) VALUES ('83', 'tetse', '1', '20');


#
# TABLE STRUCTURE FOR: curso
#

DROP TABLE IF EXISTS `curso`;

CREATE TABLE `curso` (
  `id` int(11) NOT NULL,
  `nome` varchar(100) DEFAULT NULL,
  PRIMARY KEY (`id`)
) ENGINE=InnoDB DEFAULT CHARSET=utf8;

INSERT INTO `curso` (`id`, `nome`) VALUES ('1', 'CURSO SUPERIOR DE ADMINISTRAÇÃO');
INSERT INTO `curso` (`id`, `nome`) VALUES ('2', 'CURSO DE TECNOLOGIA EM ANÁLISE E DESENVOLVIMENTO DE SISTEMAS');
INSERT INTO `curso` (`id`, `nome`) VALUES ('3', 'CURSO SUPERIOR DE CIÊNCIAS CONTÁBEIS');
INSERT INTO `curso` (`id`, `nome`) VALUES ('4', 'CURSO SUPERIOR DE PEDAGOGIA');
INSERT INTO `curso` (`id`, `nome`) VALUES ('5', 'CURSO SUPERIOR DE DESIGN');
INSERT INTO `curso` (`id`, `nome`) VALUES ('10', 'CURSO SUPERIOR DE TECNOLOGIA EM ELETRÔNICA INDUSTRIAL');


#
# TABLE STRUCTURE FOR: disciplinas
#

DROP TABLE IF EXISTS `disciplinas`;

CREATE TABLE `disciplinas` (
  `id` int(10) unsigned NOT NULL AUTO_INCREMENT,
  `nome` varchar(45) NOT NULL,
  `professor` int(10) unsigned NOT NULL,
  `situacao` varchar(45) DEFAULT 'ativo',
  `curso` int(11) NOT NULL,
  PRIMARY KEY (`id`),
  KEY `professor_usuario_idx` (`professor`),
  KEY `fk_disciplinas_curso1_idx` (`curso`),
  CONSTRAINT `disciplina_professor_usuario` FOREIGN KEY (`professor`) REFERENCES `usuarios` (`id`) ON DELETE NO ACTION ON UPDATE NO ACTION,
  CONSTRAINT `fk_disciplinas_curso1` FOREIGN KEY (`curso`) REFERENCES `curso` (`id`) ON DELETE NO ACTION ON UPDATE NO ACTION
) ENGINE=InnoDB AUTO_INCREMENT=10299 DEFAULT CHARSET=utf8;

INSERT INTO `disciplinas` (`id`, `nome`, `professor`, `situacao`, `curso`) VALUES ('10103', 'ANÁLISE DE CUSTOS', '63', 'ativo', '1');
INSERT INTO `disciplinas` (`id`, `nome`, `professor`, `situacao`, `curso`) VALUES ('10104', 'ADMINISTRAÇÃO ESTRATÉGICA', '255', 'ativo', '1');
INSERT INTO `disciplinas` (`id`, `nome`, `professor`, `situacao`, `curso`) VALUES ('10105', 'ADMINISTRAÇÃO  FINANCEIRA II', '259', 'ativo', '1');
INSERT INTO `disciplinas` (`id`, `nome`, `professor`, `situacao`, `curso`) VALUES ('10106', 'GESTÃO PÚBLICA', '216', 'ativo', '1');
INSERT INTO `disciplinas` (`id`, `nome`, `professor`, `situacao`, `curso`) VALUES ('10107', 'LOGÍSTICA EMPRESARIAL II', '284', 'ativo', '1');
INSERT INTO `disciplinas` (`id`, `nome`, `professor`, `situacao`, `curso`) VALUES ('10108', 'ESTÁGIO SUPERVISIONADO II', '255', 'ativo', '1');
INSERT INTO `disciplinas` (`id`, `nome`, `professor`, `situacao`, `curso`) VALUES ('10109', 'GESTÃO DE AGRONEGÓCIOS', '259', 'ativo', '1');
INSERT INTO `disciplinas` (`id`, `nome`, `professor`, `situacao`, `curso`) VALUES ('10110', 'GESTÃO DA QUALIDADE E PRODUTIVIDADE', '168', 'ativo', '1');
INSERT INTO `disciplinas` (`id`, `nome`, `professor`, `situacao`, `curso`) VALUES ('10111', 'TÉCNICAS DE NEGOCIAÇÃO EMPRESARIAL', '612', 'ativo', '1');
INSERT INTO `disciplinas` (`id`, `nome`, `professor`, `situacao`, `curso`) VALUES ('10117', 'FILOSOFIA, ÉTICA E DIREITOS HUMANOS', '118', 'ativo', '1');
INSERT INTO `disciplinas` (`id`, `nome`, `professor`, `situacao`, `curso`) VALUES ('10118', 'ADMINISTRAÇÃO MERCADOLÓGICA I', '125', 'ativo', '1');
INSERT INTO `disciplinas` (`id`, `nome`, `professor`, `situacao`, `curso`) VALUES ('10119', 'ADMINISTRAÇÃO DA PRODUÇÃO E OPERAÇÕES I', '168', 'ativo', '1');
INSERT INTO `disciplinas` (`id`, `nome`, `professor`, `situacao`, `curso`) VALUES ('10120', 'CONTABILIDADE DE CUSTOS I', '63', 'ativo', '1');
INSERT INTO `disciplinas` (`id`, `nome`, `professor`, `situacao`, `curso`) VALUES ('10121', 'FINANÇAS EMPRESARIAS', '259', 'ativo', '1');
INSERT INTO `disciplinas` (`id`, `nome`, `professor`, `situacao`, `curso`) VALUES ('10123', 'DIDÁTICA E METODOLOGIA DA EDUCAÇÃO INFANTIL', '589', 'ativo', '4');
INSERT INTO `disciplinas` (`id`, `nome`, `professor`, `situacao`, `curso`) VALUES ('10124', 'EDUCAÇÃO INCLUSIVA', '66', 'ativo', '4');
INSERT INTO `disciplinas` (`id`, `nome`, `professor`, `situacao`, `curso`) VALUES ('10125', 'ESCOLA E ORGANIZAÇÃO CURRICULAR', '118', 'ativo', '4');
INSERT INTO `disciplinas` (`id`, `nome`, `professor`, `situacao`, `curso`) VALUES ('10126', 'FUNDAMENTOS E METODOLOGIA DA HISTÓRIA E GEOGR', '50', 'ativo', '4');
INSERT INTO `disciplinas` (`id`, `nome`, `professor`, `situacao`, `curso`) VALUES ('10127', 'PLANEJAMENTO EDUCACIONAL', '66', 'ativo', '4');
INSERT INTO `disciplinas` (`id`, `nome`, `professor`, `situacao`, `curso`) VALUES ('10128', 'PRÁTICA PEDAGÓGICA IV', '589', 'ativo', '4');
INSERT INTO `disciplinas` (`id`, `nome`, `professor`, `situacao`, `curso`) VALUES ('10129', 'ANTROPOLOGIA E EDUCAÇÃO', '118', 'ativo', '4');
INSERT INTO `disciplinas` (`id`, `nome`, `professor`, `situacao`, `curso`) VALUES ('10130', 'DIDÁTICA E METODOLOGIAS DE ENSINO', '627', 'ativo', '4');
INSERT INTO `disciplinas` (`id`, `nome`, `professor`, `situacao`, `curso`) VALUES ('10131', 'ÉTICA, CIDADANIA E DIREITOS HUMANOS', '627', 'ativo', '4');
INSERT INTO `disciplinas` (`id`, `nome`, `professor`, `situacao`, `curso`) VALUES ('10132', 'FUNDAMENTOS DA LÍNGUA ORAL E ESCRITA', '589', 'ativo', '4');
INSERT INTO `disciplinas` (`id`, `nome`, `professor`, `situacao`, `curso`) VALUES ('10133', 'PSICOLOGIA DO DESENVOLVIMENTO', '612', 'ativo', '4');
INSERT INTO `disciplinas` (`id`, `nome`, `professor`, `situacao`, `curso`) VALUES ('10135', 'DIFICULDADES DE APRENDIZAGEM', '66', 'ativo', '4');
INSERT INTO `disciplinas` (`id`, `nome`, `professor`, `situacao`, `curso`) VALUES ('10136', 'ESTÁGIO SUPEVISIONADO - GESTÃO PEDAGÓGICA', '589', 'ativo', '4');
INSERT INTO `disciplinas` (`id`, `nome`, `professor`, `situacao`, `curso`) VALUES ('10137', 'FUNDAMENTOS E METODOLOGIAS DA ARTE', '627', 'ativo', '4');
INSERT INTO `disciplinas` (`id`, `nome`, `professor`, `situacao`, `curso`) VALUES ('10139', 'LITERATURA INFANTIL', '172', 'ativo', '4');
INSERT INTO `disciplinas` (`id`, `nome`, `professor`, `situacao`, `curso`) VALUES ('10140', 'METÓDOS E PROCESSOS DE AVALIAÇÃO', '120', 'ativo', '4');
INSERT INTO `disciplinas` (`id`, `nome`, `professor`, `situacao`, `curso`) VALUES ('10141', 'EDUCAÇÃO NÃO FORMAL', '120', 'ativo', '4');
INSERT INTO `disciplinas` (`id`, `nome`, `professor`, `situacao`, `curso`) VALUES ('10142', 'ESTÁGIO SUPERVISIONADO - ANOS INICIAIS', '589', 'ativo', '4');
INSERT INTO `disciplinas` (`id`, `nome`, `professor`, `situacao`, `curso`) VALUES ('10143', 'LÍNGUA BRASILEIRA DE SINAIS - LIBRAS', '456', 'ativo', '4');
INSERT INTO `disciplinas` (`id`, `nome`, `professor`, `situacao`, `curso`) VALUES ('10144', 'EDUCAÇÃO SEXUAL NAS ESCOLAS', '612', 'ativo', '4');
INSERT INTO `disciplinas` (`id`, `nome`, `professor`, `situacao`, `curso`) VALUES ('10145', 'TCCII', '627', 'ativo', '4');
INSERT INTO `disciplinas` (`id`, `nome`, `professor`, `situacao`, `curso`) VALUES ('10161', 'CONTABILIDADE II', '505', 'ativo', '1');
INSERT INTO `disciplinas` (`id`, `nome`, `professor`, `situacao`, `curso`) VALUES ('10162', 'DIREITO PÚBLICO E PRIVADO', '558', 'ativo', '1');
INSERT INTO `disciplinas` (`id`, `nome`, `professor`, `situacao`, `curso`) VALUES ('10163', 'ESTATÍSTICA APLICADA', '291', 'ativo', '1');
INSERT INTO `disciplinas` (`id`, `nome`, `professor`, `situacao`, `curso`) VALUES ('10164', 'COMUNICAÇÃO EMPRESARIAL', '120', 'ativo', '1');
INSERT INTO `disciplinas` (`id`, `nome`, `professor`, `situacao`, `curso`) VALUES ('10165', 'ECONOMIA I', '562', 'ativo', '1');
INSERT INTO `disciplinas` (`id`, `nome`, `professor`, `situacao`, `curso`) VALUES ('10166', 'SOCIOLOGIA DAS ORGANIZAÇÕES', '118', 'ativo', '1');
INSERT INTO `disciplinas` (`id`, `nome`, `professor`, `situacao`, `curso`) VALUES ('10167', 'LÍNGUA BRASILEIRA DE SINAIS - LIBRAS', '456', 'ativo', '4');
INSERT INTO `disciplinas` (`id`, `nome`, `professor`, `situacao`, `curso`) VALUES ('10168', 'ELETRÔNICA ANALÓGICA I', '258', 'ativo', '10');
INSERT INTO `disciplinas` (`id`, `nome`, `professor`, `situacao`, `curso`) VALUES ('10169', 'MECÂNICA GERAL', '296', 'ativo', '10');
INSERT INTO `disciplinas` (`id`, `nome`, `professor`, `situacao`, `curso`) VALUES ('10170', 'ANÁLISE DE CIRCUITOS II', '258', 'ativo', '10');
INSERT INTO `disciplinas` (`id`, `nome`, `professor`, `situacao`, `curso`) VALUES ('10171', 'CÁLCULO DIFERENCIAL INTEGRAL', '291', 'ativo', '10');
INSERT INTO `disciplinas` (`id`, `nome`, `professor`, `situacao`, `curso`) VALUES ('10172', 'PROJETO INTERDISCIPLINAR I', '258', 'ativo', '10');
INSERT INTO `disciplinas` (`id`, `nome`, `professor`, `situacao`, `curso`) VALUES ('10173', 'ÉTICA, CIDADANIA E DIREITOS HUMANOS', '627', 'ativo', '10');
INSERT INTO `disciplinas` (`id`, `nome`, `professor`, `situacao`, `curso`) VALUES ('10174', 'ELETRÔNICA DIGITAL II', '564', 'ativo', '10');
INSERT INTO `disciplinas` (`id`, `nome`, `professor`, `situacao`, `curso`) VALUES ('10175', 'MÁQUINAS ELÉTRICAS', '364', 'ativo', '10');
INSERT INTO `disciplinas` (`id`, `nome`, `professor`, `situacao`, `curso`) VALUES ('10176', 'ACIONAMENTOS ELÉTRICOS INDUSTRIAIS', '364', 'ativo', '10');
INSERT INTO `disciplinas` (`id`, `nome`, `professor`, `situacao`, `curso`) VALUES ('10177', 'MICROPROCESSADORES E MICROCONTROLADORES I', '564', 'ativo', '10');
INSERT INTO `disciplinas` (`id`, `nome`, `professor`, `situacao`, `curso`) VALUES ('10178', 'PROJETO INTERDISCIPLINAR III', '258', 'ativo', '10');
INSERT INTO `disciplinas` (`id`, `nome`, `professor`, `situacao`, `curso`) VALUES ('10179', 'HIDRÁULICA E PNEUMÁTICA', '296', 'ativo', '10');
INSERT INTO `disciplinas` (`id`, `nome`, `professor`, `situacao`, `curso`) VALUES ('10180', 'FUNDAMENTOS DE ROBÓTICA', '364', 'ativo', '10');
INSERT INTO `disciplinas` (`id`, `nome`, `professor`, `situacao`, `curso`) VALUES ('10181', 'ELETRÔNICA DE POTÊNCIA II', '258', 'ativo', '10');
INSERT INTO `disciplinas` (`id`, `nome`, `professor`, `situacao`, `curso`) VALUES ('10183', 'INSTALAÇÕES ELÉTRICAS', '364', 'ativo', '10');
INSERT INTO `disciplinas` (`id`, `nome`, `professor`, `situacao`, `curso`) VALUES ('10184', 'SEGURANÇA DO TRABALHO', '370', 'ativo', '10');
INSERT INTO `disciplinas` (`id`, `nome`, `professor`, `situacao`, `curso`) VALUES ('10185', 'PROJETO II', '258', 'ativo', '10');
INSERT INTO `disciplinas` (`id`, `nome`, `professor`, `situacao`, `curso`) VALUES ('10186', 'GESTÃO II', '255', 'ativo', '10');
INSERT INTO `disciplinas` (`id`, `nome`, `professor`, `situacao`, `curso`) VALUES ('10202', 'CONTABILIDADE II', '505', 'ativo', '3');
INSERT INTO `disciplinas` (`id`, `nome`, `professor`, `situacao`, `curso`) VALUES ('10203', 'DIREITO PÚBLICO E PRIVADO', '558', 'ativo', '3');
INSERT INTO `disciplinas` (`id`, `nome`, `professor`, `situacao`, `curso`) VALUES ('10204', 'ESTATÍSTICA APLICADA', '291', 'ativo', '3');
INSERT INTO `disciplinas` (`id`, `nome`, `professor`, `situacao`, `curso`) VALUES ('10205', 'ECONOMIA I', '562', 'ativo', '3');
INSERT INTO `disciplinas` (`id`, `nome`, `professor`, `situacao`, `curso`) VALUES ('10206', 'SOCIOLOGIA DAS ORGANIZAÇÕES', '118', 'ativo', '3');
INSERT INTO `disciplinas` (`id`, `nome`, `professor`, `situacao`, `curso`) VALUES ('10207', 'COMUNICAÇÃO EMPRESARIAL', '120', 'ativo', '3');
INSERT INTO `disciplinas` (`id`, `nome`, `professor`, `situacao`, `curso`) VALUES ('10208', 'CONTABILIDADE IV', '631', 'ativo', '3');
INSERT INTO `disciplinas` (`id`, `nome`, `professor`, `situacao`, `curso`) VALUES ('10209', 'CONTABILIDADE DE CUSTOS I', '63', 'ativo', '3');
INSERT INTO `disciplinas` (`id`, `nome`, `professor`, `situacao`, `curso`) VALUES ('10210', 'FINANÇAS EMPRESARIAIS', '259', 'ativo', '3');
INSERT INTO `disciplinas` (`id`, `nome`, `professor`, `situacao`, `curso`) VALUES ('10211', 'DIREITO TRIBUTÁRIO', '285', 'ativo', '3');
INSERT INTO `disciplinas` (`id`, `nome`, `professor`, `situacao`, `curso`) VALUES ('10212', 'FILOSOFIA, ÉTICA E DIREITO HUMANOS', '118', 'ativo', '3');
INSERT INTO `disciplinas` (`id`, `nome`, `professor`, `situacao`, `curso`) VALUES ('10213', 'TÓPICOS CONTEMPORÂNEOS EM CONTABILIDADE', '537', 'ativo', '3');
INSERT INTO `disciplinas` (`id`, `nome`, `professor`, `situacao`, `curso`) VALUES ('10214', 'CONTABILIDADE TRIBUTÁRIA II', '109', 'ativo', '3');
INSERT INTO `disciplinas` (`id`, `nome`, `professor`, `situacao`, `curso`) VALUES ('10215', 'MERCADO FINANCEIRO E DE CAPITAIS', '284', 'ativo', '3');
INSERT INTO `disciplinas` (`id`, `nome`, `professor`, `situacao`, `curso`) VALUES ('10216', 'PESQUISA EM CONTABILIDADE', '154', 'ativo', '3');
INSERT INTO `disciplinas` (`id`, `nome`, `professor`, `situacao`, `curso`) VALUES ('10217', 'AUDITORIA II', '537', 'ativo', '3');
INSERT INTO `disciplinas` (`id`, `nome`, `professor`, `situacao`, `curso`) VALUES ('10218', 'CONTABILIDADE GERENCIAL', '63', 'ativo', '3');
INSERT INTO `disciplinas` (`id`, `nome`, `professor`, `situacao`, `curso`) VALUES ('10219', 'CONTABILIDADE AVANÇADA', '505', 'ativo', '3');
INSERT INTO `disciplinas` (`id`, `nome`, `professor`, `situacao`, `curso`) VALUES ('10220', 'SISTEMAS DE INFORMAÇÕES CONTÁBEIS', '537', 'ativo', '3');
INSERT INTO `disciplinas` (`id`, `nome`, `professor`, `situacao`, `curso`) VALUES ('10221', 'EMPREENDEDORISMO', '537', 'ativo', '3');
INSERT INTO `disciplinas` (`id`, `nome`, `professor`, `situacao`, `curso`) VALUES ('10222', 'ROTINAS TRABALHISTAS E PREVIDENCIÁRIAS', '287', 'ativo', '3');
INSERT INTO `disciplinas` (`id`, `nome`, `professor`, `situacao`, `curso`) VALUES ('10223', 'ESTÁGIO CURRICULAR SUPERVISIONADO II', '285', 'ativo', '3');
INSERT INTO `disciplinas` (`id`, `nome`, `professor`, `situacao`, `curso`) VALUES ('10224', 'CONTABILIDADE PÚBLICA', '631', 'ativo', '3');
INSERT INTO `disciplinas` (`id`, `nome`, `professor`, `situacao`, `curso`) VALUES ('10225', 'ARQUITETURA DE COMPUTADORES', '202', 'ativo', '2');
INSERT INTO `disciplinas` (`id`, `nome`, `professor`, `situacao`, `curso`) VALUES ('10226', 'LÓGICA DA PROGRAMAÇÃO I', '105', 'ativo', '2');
INSERT INTO `disciplinas` (`id`, `nome`, `professor`, `situacao`, `curso`) VALUES ('10227', 'ENGENHARIA DE SOFTWARE I', '433', 'ativo', '2');
INSERT INTO `disciplinas` (`id`, `nome`, `professor`, `situacao`, `curso`) VALUES ('10228', 'PROGRAMAÇÃO WEB I', '406', 'ativo', '2');
INSERT INTO `disciplinas` (`id`, `nome`, `professor`, `situacao`, `curso`) VALUES ('10229', 'CONTABILIDADE APLICADA', '562', 'ativo', '2');
INSERT INTO `disciplinas` (`id`, `nome`, `professor`, `situacao`, `curso`) VALUES ('10230', 'PROGRAMAÇÃO ORIENTADA A OBJETO I', '105', 'ativo', '2');
INSERT INTO `disciplinas` (`id`, `nome`, `professor`, `situacao`, `curso`) VALUES ('10231', 'ESTRUTURA DE DADOS', '406', 'ativo', '2');
INSERT INTO `disciplinas` (`id`, `nome`, `professor`, `situacao`, `curso`) VALUES ('10232', 'REDES E SERVIDORES', '202', 'ativo', '2');
INSERT INTO `disciplinas` (`id`, `nome`, `professor`, `situacao`, `curso`) VALUES ('10233', 'BANCO DE DADOS II', '433', 'ativo', '2');
INSERT INTO `disciplinas` (`id`, `nome`, `professor`, `situacao`, `curso`) VALUES ('10234', 'GERÊNCIA DE PROJETOS', '406', 'ativo', '2');
INSERT INTO `disciplinas` (`id`, `nome`, `professor`, `situacao`, `curso`) VALUES ('10235', 'AUDITORIA E SEGURANÇA DE SISTEMAS', '580', 'ativo', '2');
INSERT INTO `disciplinas` (`id`, `nome`, `professor`, `situacao`, `curso`) VALUES ('10236', 'EMPREENDEDORISMO EM TI', '125', 'ativo', '2');
INSERT INTO `disciplinas` (`id`, `nome`, `professor`, `situacao`, `curso`) VALUES ('10237', 'DESENVOLVIMENTO DO TCC - ESTÁGIO', '433', 'ativo', '2');
INSERT INTO `disciplinas` (`id`, `nome`, `professor`, `situacao`, `curso`) VALUES ('10238', 'SISTEMAS DE INFORMAÇÃO', '433', 'ativo', '2');
INSERT INTO `disciplinas` (`id`, `nome`, `professor`, `situacao`, `curso`) VALUES ('10239', 'DESENHO GEOMÉTRICO', '507', 'ativo', '5');
INSERT INTO `disciplinas` (`id`, `nome`, `professor`, `situacao`, `curso`) VALUES ('10240', 'PROJETO E MODELAGEM I', '198', 'ativo', '5');
INSERT INTO `disciplinas` (`id`, `nome`, `professor`, `situacao`, `curso`) VALUES ('10241', 'DESENHO ILUSTRATIVO', '101', 'ativo', '5');
INSERT INTO `disciplinas` (`id`, `nome`, `professor`, `situacao`, `curso`) VALUES ('10242', 'METODOLOGIA DA PESQUISA PROJETUAL', '50', 'ativo', '5');
INSERT INTO `disciplinas` (`id`, `nome`, `professor`, `situacao`, `curso`) VALUES ('10243', 'MATERIAIS APLICADOS AO DESIGN', '53', 'ativo', '5');
INSERT INTO `disciplinas` (`id`, `nome`, `professor`, `situacao`, `curso`) VALUES ('10244', 'PROJETO E MODELAGEM III', '198', 'ativo', '5');
INSERT INTO `disciplinas` (`id`, `nome`, `professor`, `situacao`, `curso`) VALUES ('10245', 'TEORIA DA COMUNICAÇÃO E SEMIÓTICA', '507', 'ativo', '5');
INSERT INTO `disciplinas` (`id`, `nome`, `professor`, `situacao`, `curso`) VALUES ('10246', 'COMPUTAÇÃO GRÁFICA I', '611', 'ativo', '5');
INSERT INTO `disciplinas` (`id`, `nome`, `professor`, `situacao`, `curso`) VALUES ('10247', 'SINALÉTICA E TIPOGRAFIA', '123', 'ativo', '5');
INSERT INTO `disciplinas` (`id`, `nome`, `professor`, `situacao`, `curso`) VALUES ('10248', 'EXPRESSÃO E PRODUÇÃO GRÁFICA', '198', 'ativo', '5');
INSERT INTO `disciplinas` (`id`, `nome`, `professor`, `situacao`, `curso`) VALUES ('10249', 'MECANISMOS E ESTRUTURAS', '611', 'ativo', '5');
INSERT INTO `disciplinas` (`id`, `nome`, `professor`, `situacao`, `curso`) VALUES ('10250', 'PROJETO V', '123', 'ativo', '5');
INSERT INTO `disciplinas` (`id`, `nome`, `professor`, `situacao`, `curso`) VALUES ('10251', 'MARKETING', '406', 'ativo', '5');
INSERT INTO `disciplinas` (`id`, `nome`, `professor`, `situacao`, `curso`) VALUES ('10252', 'PROCESSOS DE FABRICAÇÃO E MODELAGEM V', '53', 'ativo', '5');
INSERT INTO `disciplinas` (`id`, `nome`, `professor`, `situacao`, `curso`) VALUES ('10253', 'DESIGN MANAGEMENT', '507', 'ativo', '5');
INSERT INTO `disciplinas` (`id`, `nome`, `professor`, `situacao`, `curso`) VALUES ('10254', 'PRÁTICAS PROFISSIONAIS - ESTÁGIO II', '123', 'ativo', '5');
INSERT INTO `disciplinas` (`id`, `nome`, `professor`, `situacao`, `curso`) VALUES ('10255', 'SOCIOLOGIA APLICADA', '118', 'ativo', '5');
INSERT INTO `disciplinas` (`id`, `nome`, `professor`, `situacao`, `curso`) VALUES ('10256', 'TRABALHO DE CONCLUSÃO DE CURSO II', '507', 'ativo', '5');
INSERT INTO `disciplinas` (`id`, `nome`, `professor`, `situacao`, `curso`) VALUES ('10276', 'TRABALHO DE CONCLUSÃO DE CURSO', '258', 'ativo', '10');
INSERT INTO `disciplinas` (`id`, `nome`, `professor`, `situacao`, `curso`) VALUES ('10298', 'ESTÁGIO CURRICULAR SUPERVISIONADO I', '285', 'ativo', '3');


#
# TABLE STRUCTURE FOR: formularios
#

DROP TABLE IF EXISTS `formularios`;

CREATE TABLE `formularios` (
  `id` int(10) unsigned NOT NULL AUTO_INCREMENT,
  `aluno` int(10) unsigned NOT NULL,
  `disciplina` int(10) unsigned NOT NULL,
  `prova` int(11) NOT NULL,
  `situacao` enum('em andamento','finalizada') NOT NULL,
  PRIMARY KEY (`id`),
  KEY `fk_provas_matriculas1_idx` (`aluno`,`disciplina`),
  KEY `fk_provas_provas1_idx` (`prova`),
  CONSTRAINT `fk_provas_matriculas1` FOREIGN KEY (`aluno`, `disciplina`) REFERENCES `matriculas` (`aluno`, `disciplina`) ON DELETE NO ACTION ON UPDATE CASCADE,
  CONSTRAINT `fk_provas_provas1` FOREIGN KEY (`prova`) REFERENCES `provas` (`id`) ON DELETE NO ACTION ON UPDATE NO ACTION
) ENGINE=InnoDB AUTO_INCREMENT=4 DEFAULT CHARSET=utf8;

INSERT INTO `formularios` (`id`, `aluno`, `disciplina`, `prova`, `situacao`) VALUES ('1', '4964', '10235', '2', 'em andamento');
INSERT INTO `formularios` (`id`, `aluno`, `disciplina`, `prova`, `situacao`) VALUES ('2', '4964', '10236', '2', 'em andamento');
INSERT INTO `formularios` (`id`, `aluno`, `disciplina`, `prova`, `situacao`) VALUES ('3', '4964', '10238', '2', 'em andamento');


#
# TABLE STRUCTURE FOR: itens_prova
#

DROP TABLE IF EXISTS `itens_prova`;

CREATE TABLE `itens_prova` (
  `id` int(10) unsigned NOT NULL AUTO_INCREMENT,
  `questao` int(10) unsigned NOT NULL,
  `formulario` int(10) unsigned NOT NULL,
  PRIMARY KEY (`id`),
  KEY `fk_itens_prova_questoes1_idx` (`questao`),
  KEY `fk_itens_prova_formularios1_idx` (`formulario`),
  CONSTRAINT `fk_itens_prova_formularios1` FOREIGN KEY (`formulario`) REFERENCES `formularios` (`id`) ON DELETE NO ACTION ON UPDATE NO ACTION,
  CONSTRAINT `fk_itens_prova_questoes1` FOREIGN KEY (`questao`) REFERENCES `questoes` (`id`) ON DELETE NO ACTION ON UPDATE CASCADE
) ENGINE=InnoDB AUTO_INCREMENT=13 DEFAULT CHARSET=utf8;

INSERT INTO `itens_prova` (`id`, `questao`, `formulario`) VALUES ('1', '5', '1');
INSERT INTO `itens_prova` (`id`, `questao`, `formulario`) VALUES ('2', '3', '1');
INSERT INTO `itens_prova` (`id`, `questao`, `formulario`) VALUES ('3', '6', '1');
INSERT INTO `itens_prova` (`id`, `questao`, `formulario`) VALUES ('4', '2', '1');
INSERT INTO `itens_prova` (`id`, `questao`, `formulario`) VALUES ('5', '9', '2');
INSERT INTO `itens_prova` (`id`, `questao`, `formulario`) VALUES ('6', '11', '2');
INSERT INTO `itens_prova` (`id`, `questao`, `formulario`) VALUES ('7', '10', '2');
INSERT INTO `itens_prova` (`id`, `questao`, `formulario`) VALUES ('8', '7', '2');
INSERT INTO `itens_prova` (`id`, `questao`, `formulario`) VALUES ('9', '16', '3');
INSERT INTO `itens_prova` (`id`, `questao`, `formulario`) VALUES ('10', '13', '3');
INSERT INTO `itens_prova` (`id`, `questao`, `formulario`) VALUES ('11', '12', '3');
INSERT INTO `itens_prova` (`id`, `questao`, `formulario`) VALUES ('12', '14', '3');


#
# TABLE STRUCTURE FOR: matriculas
#

DROP TABLE IF EXISTS `matriculas`;

CREATE TABLE `matriculas` (
  `aluno` int(10) unsigned NOT NULL,
  `disciplina` int(10) unsigned NOT NULL,
  PRIMARY KEY (`aluno`,`disciplina`),
  KEY `fk_alunos_has_disciplinas_disciplinas1_idx` (`disciplina`),
  CONSTRAINT `fk_alunos_has_disciplinas_disciplinas1` FOREIGN KEY (`disciplina`) REFERENCES `disciplinas` (`id`) ON DELETE NO ACTION ON UPDATE CASCADE,
  CONSTRAINT `matricula_aluno_usuario` FOREIGN KEY (`aluno`) REFERENCES `usuarios` (`id`) ON DELETE NO ACTION ON UPDATE NO ACTION
) ENGINE=InnoDB DEFAULT CHARSET=utf8;

INSERT INTO `matriculas` (`aluno`, `disciplina`) VALUES ('185', '10106');
INSERT INTO `matriculas` (`aluno`, `disciplina`) VALUES ('185', '10107');
INSERT INTO `matriculas` (`aluno`, `disciplina`) VALUES ('185', '10109');
INSERT INTO `matriculas` (`aluno`, `disciplina`) VALUES ('456', '10143');
INSERT INTO `matriculas` (`aluno`, `disciplina`) VALUES ('456', '10167');
INSERT INTO `matriculas` (`aluno`, `disciplina`) VALUES ('1022', '10219');
INSERT INTO `matriculas` (`aluno`, `disciplina`) VALUES ('1022', '10220');
INSERT INTO `matriculas` (`aluno`, `disciplina`) VALUES ('1022', '10221');
INSERT INTO `matriculas` (`aluno`, `disciplina`) VALUES ('1022', '10222');
INSERT INTO `matriculas` (`aluno`, `disciplina`) VALUES ('1022', '10223');
INSERT INTO `matriculas` (`aluno`, `disciplina`) VALUES ('1022', '10224');
INSERT INTO `matriculas` (`aluno`, `disciplina`) VALUES ('1060', '10141');
INSERT INTO `matriculas` (`aluno`, `disciplina`) VALUES ('1060', '10142');
INSERT INTO `matriculas` (`aluno`, `disciplina`) VALUES ('1060', '10143');
INSERT INTO `matriculas` (`aluno`, `disciplina`) VALUES ('1060', '10144');
INSERT INTO `matriculas` (`aluno`, `disciplina`) VALUES ('1060', '10145');
INSERT INTO `matriculas` (`aluno`, `disciplina`) VALUES ('1162', '10135');
INSERT INTO `matriculas` (`aluno`, `disciplina`) VALUES ('1162', '10136');
INSERT INTO `matriculas` (`aluno`, `disciplina`) VALUES ('1162', '10137');
INSERT INTO `matriculas` (`aluno`, `disciplina`) VALUES ('1162', '10139');
INSERT INTO `matriculas` (`aluno`, `disciplina`) VALUES ('1162', '10140');
INSERT INTO `matriculas` (`aluno`, `disciplina`) VALUES ('1162', '10167');
INSERT INTO `matriculas` (`aluno`, `disciplina`) VALUES ('1496', '10212');
INSERT INTO `matriculas` (`aluno`, `disciplina`) VALUES ('1740', '10247');
INSERT INTO `matriculas` (`aluno`, `disciplina`) VALUES ('1740', '10251');
INSERT INTO `matriculas` (`aluno`, `disciplina`) VALUES ('1740', '10255');
INSERT INTO `matriculas` (`aluno`, `disciplina`) VALUES ('1761', '10225');
INSERT INTO `matriculas` (`aluno`, `disciplina`) VALUES ('1761', '10226');
INSERT INTO `matriculas` (`aluno`, `disciplina`) VALUES ('1761', '10227');
INSERT INTO `matriculas` (`aluno`, `disciplina`) VALUES ('1761', '10228');
INSERT INTO `matriculas` (`aluno`, `disciplina`) VALUES ('1816', '10126');
INSERT INTO `matriculas` (`aluno`, `disciplina`) VALUES ('1816', '10132');
INSERT INTO `matriculas` (`aluno`, `disciplina`) VALUES ('1816', '10135');
INSERT INTO `matriculas` (`aluno`, `disciplina`) VALUES ('1816', '10136');
INSERT INTO `matriculas` (`aluno`, `disciplina`) VALUES ('1816', '10139');
INSERT INTO `matriculas` (`aluno`, `disciplina`) VALUES ('1816', '10140');
INSERT INTO `matriculas` (`aluno`, `disciplina`) VALUES ('1816', '10167');
INSERT INTO `matriculas` (`aluno`, `disciplina`) VALUES ('1837', '10249');
INSERT INTO `matriculas` (`aluno`, `disciplina`) VALUES ('1837', '10250');
INSERT INTO `matriculas` (`aluno`, `disciplina`) VALUES ('1837', '10251');
INSERT INTO `matriculas` (`aluno`, `disciplina`) VALUES ('1837', '10252');
INSERT INTO `matriculas` (`aluno`, `disciplina`) VALUES ('1837', '10253');
INSERT INTO `matriculas` (`aluno`, `disciplina`) VALUES ('1896', '10103');
INSERT INTO `matriculas` (`aluno`, `disciplina`) VALUES ('1896', '10105');
INSERT INTO `matriculas` (`aluno`, `disciplina`) VALUES ('1905', '10185');
INSERT INTO `matriculas` (`aluno`, `disciplina`) VALUES ('1905', '10276');
INSERT INTO `matriculas` (`aluno`, `disciplina`) VALUES ('1907', '10103');
INSERT INTO `matriculas` (`aluno`, `disciplina`) VALUES ('1907', '10104');
INSERT INTO `matriculas` (`aluno`, `disciplina`) VALUES ('1907', '10105');
INSERT INTO `matriculas` (`aluno`, `disciplina`) VALUES ('1907', '10106');
INSERT INTO `matriculas` (`aluno`, `disciplina`) VALUES ('1907', '10107');
INSERT INTO `matriculas` (`aluno`, `disciplina`) VALUES ('1959', '10185');
INSERT INTO `matriculas` (`aluno`, `disciplina`) VALUES ('1959', '10276');
INSERT INTO `matriculas` (`aluno`, `disciplina`) VALUES ('2070', '10118');
INSERT INTO `matriculas` (`aluno`, `disciplina`) VALUES ('2070', '10119');
INSERT INTO `matriculas` (`aluno`, `disciplina`) VALUES ('2070', '10120');
INSERT INTO `matriculas` (`aluno`, `disciplina`) VALUES ('2070', '10121');
INSERT INTO `matriculas` (`aluno`, `disciplina`) VALUES ('2239', '10202');
INSERT INTO `matriculas` (`aluno`, `disciplina`) VALUES ('2239', '10209');
INSERT INTO `matriculas` (`aluno`, `disciplina`) VALUES ('2239', '10211');
INSERT INTO `matriculas` (`aluno`, `disciplina`) VALUES ('2239', '10212');
INSERT INTO `matriculas` (`aluno`, `disciplina`) VALUES ('2264', '10129');
INSERT INTO `matriculas` (`aluno`, `disciplina`) VALUES ('2264', '10130');
INSERT INTO `matriculas` (`aluno`, `disciplina`) VALUES ('2264', '10131');
INSERT INTO `matriculas` (`aluno`, `disciplina`) VALUES ('2264', '10132');
INSERT INTO `matriculas` (`aluno`, `disciplina`) VALUES ('2264', '10133');
INSERT INTO `matriculas` (`aluno`, `disciplina`) VALUES ('2279', '10225');
INSERT INTO `matriculas` (`aluno`, `disciplina`) VALUES ('2279', '10229');
INSERT INTO `matriculas` (`aluno`, `disciplina`) VALUES ('2279', '10233');
INSERT INTO `matriculas` (`aluno`, `disciplina`) VALUES ('2279', '10236');
INSERT INTO `matriculas` (`aluno`, `disciplina`) VALUES ('2294', '10235');
INSERT INTO `matriculas` (`aluno`, `disciplina`) VALUES ('2294', '10236');
INSERT INTO `matriculas` (`aluno`, `disciplina`) VALUES ('2294', '10237');
INSERT INTO `matriculas` (`aluno`, `disciplina`) VALUES ('2294', '10238');
INSERT INTO `matriculas` (`aluno`, `disciplina`) VALUES ('2547', '10168');
INSERT INTO `matriculas` (`aluno`, `disciplina`) VALUES ('2547', '10169');
INSERT INTO `matriculas` (`aluno`, `disciplina`) VALUES ('2547', '10170');
INSERT INTO `matriculas` (`aluno`, `disciplina`) VALUES ('2547', '10171');
INSERT INTO `matriculas` (`aluno`, `disciplina`) VALUES ('2547', '10172');
INSERT INTO `matriculas` (`aluno`, `disciplina`) VALUES ('2547', '10173');
INSERT INTO `matriculas` (`aluno`, `disciplina`) VALUES ('2550', '10239');
INSERT INTO `matriculas` (`aluno`, `disciplina`) VALUES ('2550', '10240');
INSERT INTO `matriculas` (`aluno`, `disciplina`) VALUES ('2550', '10241');
INSERT INTO `matriculas` (`aluno`, `disciplina`) VALUES ('2550', '10242');
INSERT INTO `matriculas` (`aluno`, `disciplina`) VALUES ('2550', '10243');
INSERT INTO `matriculas` (`aluno`, `disciplina`) VALUES ('2602', '10117');
INSERT INTO `matriculas` (`aluno`, `disciplina`) VALUES ('2602', '10118');
INSERT INTO `matriculas` (`aluno`, `disciplina`) VALUES ('2602', '10119');
INSERT INTO `matriculas` (`aluno`, `disciplina`) VALUES ('2602', '10120');
INSERT INTO `matriculas` (`aluno`, `disciplina`) VALUES ('2602', '10121');
INSERT INTO `matriculas` (`aluno`, `disciplina`) VALUES ('2719', '10108');
INSERT INTO `matriculas` (`aluno`, `disciplina`) VALUES ('2719', '10109');
INSERT INTO `matriculas` (`aluno`, `disciplina`) VALUES ('2719', '10110');
INSERT INTO `matriculas` (`aluno`, `disciplina`) VALUES ('2719', '10111');
INSERT INTO `matriculas` (`aluno`, `disciplina`) VALUES ('2730', '10108');
INSERT INTO `matriculas` (`aluno`, `disciplina`) VALUES ('2730', '10109');
INSERT INTO `matriculas` (`aluno`, `disciplina`) VALUES ('2730', '10110');
INSERT INTO `matriculas` (`aluno`, `disciplina`) VALUES ('2730', '10111');
INSERT INTO `matriculas` (`aluno`, `disciplina`) VALUES ('2734', '10108');
INSERT INTO `matriculas` (`aluno`, `disciplina`) VALUES ('2734', '10109');
INSERT INTO `matriculas` (`aluno`, `disciplina`) VALUES ('2734', '10110');
INSERT INTO `matriculas` (`aluno`, `disciplina`) VALUES ('2734', '10111');
INSERT INTO `matriculas` (`aluno`, `disciplina`) VALUES ('2800', '10168');
INSERT INTO `matriculas` (`aluno`, `disciplina`) VALUES ('2800', '10170');
INSERT INTO `matriculas` (`aluno`, `disciplina`) VALUES ('2800', '10171');
INSERT INTO `matriculas` (`aluno`, `disciplina`) VALUES ('2800', '10172');
INSERT INTO `matriculas` (`aluno`, `disciplina`) VALUES ('2882', '10239');
INSERT INTO `matriculas` (`aluno`, `disciplina`) VALUES ('2882', '10240');
INSERT INTO `matriculas` (`aluno`, `disciplina`) VALUES ('2882', '10241');
INSERT INTO `matriculas` (`aluno`, `disciplina`) VALUES ('2882', '10242');
INSERT INTO `matriculas` (`aluno`, `disciplina`) VALUES ('2882', '10243');
INSERT INTO `matriculas` (`aluno`, `disciplina`) VALUES ('3262', '10141');
INSERT INTO `matriculas` (`aluno`, `disciplina`) VALUES ('3262', '10142');
INSERT INTO `matriculas` (`aluno`, `disciplina`) VALUES ('3262', '10144');
INSERT INTO `matriculas` (`aluno`, `disciplina`) VALUES ('3262', '10145');
INSERT INTO `matriculas` (`aluno`, `disciplina`) VALUES ('3302', '10168');
INSERT INTO `matriculas` (`aluno`, `disciplina`) VALUES ('3302', '10171');
INSERT INTO `matriculas` (`aluno`, `disciplina`) VALUES ('3302', '10175');
INSERT INTO `matriculas` (`aluno`, `disciplina`) VALUES ('3302', '10176');
INSERT INTO `matriculas` (`aluno`, `disciplina`) VALUES ('3302', '10178');
INSERT INTO `matriculas` (`aluno`, `disciplina`) VALUES ('3302', '10179');
INSERT INTO `matriculas` (`aluno`, `disciplina`) VALUES ('3365', '10117');
INSERT INTO `matriculas` (`aluno`, `disciplina`) VALUES ('3365', '10118');
INSERT INTO `matriculas` (`aluno`, `disciplina`) VALUES ('3365', '10119');
INSERT INTO `matriculas` (`aluno`, `disciplina`) VALUES ('3365', '10120');
INSERT INTO `matriculas` (`aluno`, `disciplina`) VALUES ('3365', '10121');
INSERT INTO `matriculas` (`aluno`, `disciplina`) VALUES ('3635', '10181');
INSERT INTO `matriculas` (`aluno`, `disciplina`) VALUES ('3635', '10183');
INSERT INTO `matriculas` (`aluno`, `disciplina`) VALUES ('3635', '10184');
INSERT INTO `matriculas` (`aluno`, `disciplina`) VALUES ('3696', '10254');
INSERT INTO `matriculas` (`aluno`, `disciplina`) VALUES ('3696', '10255');
INSERT INTO `matriculas` (`aluno`, `disciplina`) VALUES ('3696', '10256');
INSERT INTO `matriculas` (`aluno`, `disciplina`) VALUES ('3741', '10161');
INSERT INTO `matriculas` (`aluno`, `disciplina`) VALUES ('3741', '10162');
INSERT INTO `matriculas` (`aluno`, `disciplina`) VALUES ('3741', '10163');
INSERT INTO `matriculas` (`aluno`, `disciplina`) VALUES ('3741', '10164');
INSERT INTO `matriculas` (`aluno`, `disciplina`) VALUES ('3741', '10165');
INSERT INTO `matriculas` (`aluno`, `disciplina`) VALUES ('3741', '10166');
INSERT INTO `matriculas` (`aluno`, `disciplina`) VALUES ('3764', '10108');
INSERT INTO `matriculas` (`aluno`, `disciplina`) VALUES ('3764', '10109');
INSERT INTO `matriculas` (`aluno`, `disciplina`) VALUES ('3764', '10110');
INSERT INTO `matriculas` (`aluno`, `disciplina`) VALUES ('3764', '10111');
INSERT INTO `matriculas` (`aluno`, `disciplina`) VALUES ('3777', '10244');
INSERT INTO `matriculas` (`aluno`, `disciplina`) VALUES ('3777', '10245');
INSERT INTO `matriculas` (`aluno`, `disciplina`) VALUES ('3777', '10246');
INSERT INTO `matriculas` (`aluno`, `disciplina`) VALUES ('3777', '10247');
INSERT INTO `matriculas` (`aluno`, `disciplina`) VALUES ('3777', '10248');
INSERT INTO `matriculas` (`aluno`, `disciplina`) VALUES ('3787', '10249');
INSERT INTO `matriculas` (`aluno`, `disciplina`) VALUES ('3787', '10250');
INSERT INTO `matriculas` (`aluno`, `disciplina`) VALUES ('3787', '10251');
INSERT INTO `matriculas` (`aluno`, `disciplina`) VALUES ('3787', '10252');
INSERT INTO `matriculas` (`aluno`, `disciplina`) VALUES ('3787', '10253');
INSERT INTO `matriculas` (`aluno`, `disciplina`) VALUES ('3820', '10108');
INSERT INTO `matriculas` (`aluno`, `disciplina`) VALUES ('3820', '10109');
INSERT INTO `matriculas` (`aluno`, `disciplina`) VALUES ('3820', '10110');
INSERT INTO `matriculas` (`aluno`, `disciplina`) VALUES ('3855', '10141');
INSERT INTO `matriculas` (`aluno`, `disciplina`) VALUES ('3855', '10142');
INSERT INTO `matriculas` (`aluno`, `disciplina`) VALUES ('3855', '10143');
INSERT INTO `matriculas` (`aluno`, `disciplina`) VALUES ('3855', '10144');
INSERT INTO `matriculas` (`aluno`, `disciplina`) VALUES ('3855', '10145');
INSERT INTO `matriculas` (`aluno`, `disciplina`) VALUES ('3910', '10237');
INSERT INTO `matriculas` (`aluno`, `disciplina`) VALUES ('3947', '10213');
INSERT INTO `matriculas` (`aluno`, `disciplina`) VALUES ('3947', '10214');
INSERT INTO `matriculas` (`aluno`, `disciplina`) VALUES ('3947', '10215');
INSERT INTO `matriculas` (`aluno`, `disciplina`) VALUES ('3947', '10216');
INSERT INTO `matriculas` (`aluno`, `disciplina`) VALUES ('3947', '10217');
INSERT INTO `matriculas` (`aluno`, `disciplina`) VALUES ('3947', '10218');
INSERT INTO `matriculas` (`aluno`, `disciplina`) VALUES ('3957', '10239');
INSERT INTO `matriculas` (`aluno`, `disciplina`) VALUES ('3957', '10240');
INSERT INTO `matriculas` (`aluno`, `disciplina`) VALUES ('3957', '10241');
INSERT INTO `matriculas` (`aluno`, `disciplina`) VALUES ('3957', '10242');
INSERT INTO `matriculas` (`aluno`, `disciplina`) VALUES ('3957', '10243');
INSERT INTO `matriculas` (`aluno`, `disciplina`) VALUES ('4192', '10185');
INSERT INTO `matriculas` (`aluno`, `disciplina`) VALUES ('4192', '10276');
INSERT INTO `matriculas` (`aluno`, `disciplina`) VALUES ('4226', '10108');
INSERT INTO `matriculas` (`aluno`, `disciplina`) VALUES ('4226', '10109');
INSERT INTO `matriculas` (`aluno`, `disciplina`) VALUES ('4226', '10110');
INSERT INTO `matriculas` (`aluno`, `disciplina`) VALUES ('4226', '10111');
INSERT INTO `matriculas` (`aluno`, `disciplina`) VALUES ('4394', '10249');
INSERT INTO `matriculas` (`aluno`, `disciplina`) VALUES ('4394', '10251');
INSERT INTO `matriculas` (`aluno`, `disciplina`) VALUES ('4396', '10108');
INSERT INTO `matriculas` (`aluno`, `disciplina`) VALUES ('4396', '10109');
INSERT INTO `matriculas` (`aluno`, `disciplina`) VALUES ('4396', '10111');
INSERT INTO `matriculas` (`aluno`, `disciplina`) VALUES ('4400', '10108');
INSERT INTO `matriculas` (`aluno`, `disciplina`) VALUES ('4400', '10109');
INSERT INTO `matriculas` (`aluno`, `disciplina`) VALUES ('4400', '10110');
INSERT INTO `matriculas` (`aluno`, `disciplina`) VALUES ('4400', '10111');
INSERT INTO `matriculas` (`aluno`, `disciplina`) VALUES ('4405', '10219');
INSERT INTO `matriculas` (`aluno`, `disciplina`) VALUES ('4405', '10220');
INSERT INTO `matriculas` (`aluno`, `disciplina`) VALUES ('4405', '10221');
INSERT INTO `matriculas` (`aluno`, `disciplina`) VALUES ('4405', '10222');
INSERT INTO `matriculas` (`aluno`, `disciplina`) VALUES ('4405', '10223');
INSERT INTO `matriculas` (`aluno`, `disciplina`) VALUES ('4405', '10224');
INSERT INTO `matriculas` (`aluno`, `disciplina`) VALUES ('4406', '10254');
INSERT INTO `matriculas` (`aluno`, `disciplina`) VALUES ('4406', '10255');
INSERT INTO `matriculas` (`aluno`, `disciplina`) VALUES ('4406', '10256');
INSERT INTO `matriculas` (`aluno`, `disciplina`) VALUES ('4407', '10254');
INSERT INTO `matriculas` (`aluno`, `disciplina`) VALUES ('4407', '10255');
INSERT INTO `matriculas` (`aluno`, `disciplina`) VALUES ('4407', '10256');
INSERT INTO `matriculas` (`aluno`, `disciplina`) VALUES ('4408', '10219');
INSERT INTO `matriculas` (`aluno`, `disciplina`) VALUES ('4408', '10220');
INSERT INTO `matriculas` (`aluno`, `disciplina`) VALUES ('4408', '10221');
INSERT INTO `matriculas` (`aluno`, `disciplina`) VALUES ('4408', '10222');
INSERT INTO `matriculas` (`aluno`, `disciplina`) VALUES ('4408', '10223');
INSERT INTO `matriculas` (`aluno`, `disciplina`) VALUES ('4408', '10224');
INSERT INTO `matriculas` (`aluno`, `disciplina`) VALUES ('4410', '10254');
INSERT INTO `matriculas` (`aluno`, `disciplina`) VALUES ('4410', '10255');
INSERT INTO `matriculas` (`aluno`, `disciplina`) VALUES ('4410', '10256');
INSERT INTO `matriculas` (`aluno`, `disciplina`) VALUES ('4412', '10108');
INSERT INTO `matriculas` (`aluno`, `disciplina`) VALUES ('4412', '10109');
INSERT INTO `matriculas` (`aluno`, `disciplina`) VALUES ('4412', '10110');
INSERT INTO `matriculas` (`aluno`, `disciplina`) VALUES ('4412', '10111');
INSERT INTO `matriculas` (`aluno`, `disciplina`) VALUES ('4413', '10254');
INSERT INTO `matriculas` (`aluno`, `disciplina`) VALUES ('4413', '10255');
INSERT INTO `matriculas` (`aluno`, `disciplina`) VALUES ('4413', '10256');
INSERT INTO `matriculas` (`aluno`, `disciplina`) VALUES ('4416', '10141');
INSERT INTO `matriculas` (`aluno`, `disciplina`) VALUES ('4416', '10142');
INSERT INTO `matriculas` (`aluno`, `disciplina`) VALUES ('4416', '10143');
INSERT INTO `matriculas` (`aluno`, `disciplina`) VALUES ('4416', '10144');
INSERT INTO `matriculas` (`aluno`, `disciplina`) VALUES ('4416', '10145');
INSERT INTO `matriculas` (`aluno`, `disciplina`) VALUES ('4419', '10254');
INSERT INTO `matriculas` (`aluno`, `disciplina`) VALUES ('4419', '10255');
INSERT INTO `matriculas` (`aluno`, `disciplina`) VALUES ('4419', '10256');
INSERT INTO `matriculas` (`aluno`, `disciplina`) VALUES ('4420', '10254');
INSERT INTO `matriculas` (`aluno`, `disciplina`) VALUES ('4420', '10255');
INSERT INTO `matriculas` (`aluno`, `disciplina`) VALUES ('4420', '10256');
INSERT INTO `matriculas` (`aluno`, `disciplina`) VALUES ('4421', '10219');
INSERT INTO `matriculas` (`aluno`, `disciplina`) VALUES ('4421', '10220');
INSERT INTO `matriculas` (`aluno`, `disciplina`) VALUES ('4421', '10221');
INSERT INTO `matriculas` (`aluno`, `disciplina`) VALUES ('4421', '10222');
INSERT INTO `matriculas` (`aluno`, `disciplina`) VALUES ('4421', '10223');
INSERT INTO `matriculas` (`aluno`, `disciplina`) VALUES ('4421', '10224');
INSERT INTO `matriculas` (`aluno`, `disciplina`) VALUES ('4423', '10219');
INSERT INTO `matriculas` (`aluno`, `disciplina`) VALUES ('4423', '10220');
INSERT INTO `matriculas` (`aluno`, `disciplina`) VALUES ('4423', '10221');
INSERT INTO `matriculas` (`aluno`, `disciplina`) VALUES ('4423', '10222');
INSERT INTO `matriculas` (`aluno`, `disciplina`) VALUES ('4423', '10223');
INSERT INTO `matriculas` (`aluno`, `disciplina`) VALUES ('4423', '10224');
INSERT INTO `matriculas` (`aluno`, `disciplina`) VALUES ('4426', '10254');
INSERT INTO `matriculas` (`aluno`, `disciplina`) VALUES ('4426', '10255');
INSERT INTO `matriculas` (`aluno`, `disciplina`) VALUES ('4426', '10256');
INSERT INTO `matriculas` (`aluno`, `disciplina`) VALUES ('4429', '10219');
INSERT INTO `matriculas` (`aluno`, `disciplina`) VALUES ('4429', '10220');
INSERT INTO `matriculas` (`aluno`, `disciplina`) VALUES ('4429', '10221');
INSERT INTO `matriculas` (`aluno`, `disciplina`) VALUES ('4429', '10222');
INSERT INTO `matriculas` (`aluno`, `disciplina`) VALUES ('4429', '10223');
INSERT INTO `matriculas` (`aluno`, `disciplina`) VALUES ('4429', '10224');
INSERT INTO `matriculas` (`aluno`, `disciplina`) VALUES ('4430', '10108');
INSERT INTO `matriculas` (`aluno`, `disciplina`) VALUES ('4430', '10109');
INSERT INTO `matriculas` (`aluno`, `disciplina`) VALUES ('4430', '10110');
INSERT INTO `matriculas` (`aluno`, `disciplina`) VALUES ('4430', '10111');
INSERT INTO `matriculas` (`aluno`, `disciplina`) VALUES ('4432', '10108');
INSERT INTO `matriculas` (`aluno`, `disciplina`) VALUES ('4432', '10109');
INSERT INTO `matriculas` (`aluno`, `disciplina`) VALUES ('4432', '10110');
INSERT INTO `matriculas` (`aluno`, `disciplina`) VALUES ('4432', '10111');
INSERT INTO `matriculas` (`aluno`, `disciplina`) VALUES ('4434', '10108');
INSERT INTO `matriculas` (`aluno`, `disciplina`) VALUES ('4434', '10109');
INSERT INTO `matriculas` (`aluno`, `disciplina`) VALUES ('4434', '10111');
INSERT INTO `matriculas` (`aluno`, `disciplina`) VALUES ('4436', '10219');
INSERT INTO `matriculas` (`aluno`, `disciplina`) VALUES ('4436', '10220');
INSERT INTO `matriculas` (`aluno`, `disciplina`) VALUES ('4436', '10221');
INSERT INTO `matriculas` (`aluno`, `disciplina`) VALUES ('4436', '10222');
INSERT INTO `matriculas` (`aluno`, `disciplina`) VALUES ('4436', '10223');
INSERT INTO `matriculas` (`aluno`, `disciplina`) VALUES ('4436', '10224');
INSERT INTO `matriculas` (`aluno`, `disciplina`) VALUES ('4438', '10108');
INSERT INTO `matriculas` (`aluno`, `disciplina`) VALUES ('4438', '10109');
INSERT INTO `matriculas` (`aluno`, `disciplina`) VALUES ('4438', '10110');
INSERT INTO `matriculas` (`aluno`, `disciplina`) VALUES ('4438', '10111');
INSERT INTO `matriculas` (`aluno`, `disciplina`) VALUES ('4441', '10141');
INSERT INTO `matriculas` (`aluno`, `disciplina`) VALUES ('4441', '10142');
INSERT INTO `matriculas` (`aluno`, `disciplina`) VALUES ('4441', '10143');
INSERT INTO `matriculas` (`aluno`, `disciplina`) VALUES ('4441', '10144');
INSERT INTO `matriculas` (`aluno`, `disciplina`) VALUES ('4441', '10145');
INSERT INTO `matriculas` (`aluno`, `disciplina`) VALUES ('4443', '10219');
INSERT INTO `matriculas` (`aluno`, `disciplina`) VALUES ('4443', '10220');
INSERT INTO `matriculas` (`aluno`, `disciplina`) VALUES ('4443', '10221');
INSERT INTO `matriculas` (`aluno`, `disciplina`) VALUES ('4443', '10222');
INSERT INTO `matriculas` (`aluno`, `disciplina`) VALUES ('4443', '10223');
INSERT INTO `matriculas` (`aluno`, `disciplina`) VALUES ('4443', '10224');
INSERT INTO `matriculas` (`aluno`, `disciplina`) VALUES ('4444', '10167');
INSERT INTO `matriculas` (`aluno`, `disciplina`) VALUES ('4446', '10108');
INSERT INTO `matriculas` (`aluno`, `disciplina`) VALUES ('4446', '10109');
INSERT INTO `matriculas` (`aluno`, `disciplina`) VALUES ('4446', '10110');
INSERT INTO `matriculas` (`aluno`, `disciplina`) VALUES ('4446', '10111');
INSERT INTO `matriculas` (`aluno`, `disciplina`) VALUES ('4447', '10109');
INSERT INTO `matriculas` (`aluno`, `disciplina`) VALUES ('4447', '10110');
INSERT INTO `matriculas` (`aluno`, `disciplina`) VALUES ('4447', '10111');
INSERT INTO `matriculas` (`aluno`, `disciplina`) VALUES ('4447', '10118');
INSERT INTO `matriculas` (`aluno`, `disciplina`) VALUES ('4448', '10108');
INSERT INTO `matriculas` (`aluno`, `disciplina`) VALUES ('4448', '10109');
INSERT INTO `matriculas` (`aluno`, `disciplina`) VALUES ('4448', '10110');
INSERT INTO `matriculas` (`aluno`, `disciplina`) VALUES ('4448', '10111');
INSERT INTO `matriculas` (`aluno`, `disciplina`) VALUES ('4449', '10219');
INSERT INTO `matriculas` (`aluno`, `disciplina`) VALUES ('4449', '10220');
INSERT INTO `matriculas` (`aluno`, `disciplina`) VALUES ('4449', '10221');
INSERT INTO `matriculas` (`aluno`, `disciplina`) VALUES ('4449', '10222');
INSERT INTO `matriculas` (`aluno`, `disciplina`) VALUES ('4449', '10223');
INSERT INTO `matriculas` (`aluno`, `disciplina`) VALUES ('4449', '10224');
INSERT INTO `matriculas` (`aluno`, `disciplina`) VALUES ('4452', '10141');
INSERT INTO `matriculas` (`aluno`, `disciplina`) VALUES ('4452', '10142');
INSERT INTO `matriculas` (`aluno`, `disciplina`) VALUES ('4452', '10143');
INSERT INTO `matriculas` (`aluno`, `disciplina`) VALUES ('4452', '10144');
INSERT INTO `matriculas` (`aluno`, `disciplina`) VALUES ('4452', '10145');
INSERT INTO `matriculas` (`aluno`, `disciplina`) VALUES ('4455', '10174');
INSERT INTO `matriculas` (`aluno`, `disciplina`) VALUES ('4455', '10185');
INSERT INTO `matriculas` (`aluno`, `disciplina`) VALUES ('4455', '10276');
INSERT INTO `matriculas` (`aluno`, `disciplina`) VALUES ('4456', '10141');
INSERT INTO `matriculas` (`aluno`, `disciplina`) VALUES ('4456', '10142');
INSERT INTO `matriculas` (`aluno`, `disciplina`) VALUES ('4456', '10143');
INSERT INTO `matriculas` (`aluno`, `disciplina`) VALUES ('4456', '10144');
INSERT INTO `matriculas` (`aluno`, `disciplina`) VALUES ('4456', '10145');
INSERT INTO `matriculas` (`aluno`, `disciplina`) VALUES ('4458', '10219');
INSERT INTO `matriculas` (`aluno`, `disciplina`) VALUES ('4458', '10220');
INSERT INTO `matriculas` (`aluno`, `disciplina`) VALUES ('4458', '10221');
INSERT INTO `matriculas` (`aluno`, `disciplina`) VALUES ('4458', '10222');
INSERT INTO `matriculas` (`aluno`, `disciplina`) VALUES ('4458', '10223');
INSERT INTO `matriculas` (`aluno`, `disciplina`) VALUES ('4458', '10224');
INSERT INTO `matriculas` (`aluno`, `disciplina`) VALUES ('4459', '10141');
INSERT INTO `matriculas` (`aluno`, `disciplina`) VALUES ('4459', '10142');
INSERT INTO `matriculas` (`aluno`, `disciplina`) VALUES ('4459', '10143');
INSERT INTO `matriculas` (`aluno`, `disciplina`) VALUES ('4459', '10144');
INSERT INTO `matriculas` (`aluno`, `disciplina`) VALUES ('4459', '10145');
INSERT INTO `matriculas` (`aluno`, `disciplina`) VALUES ('4462', '10141');
INSERT INTO `matriculas` (`aluno`, `disciplina`) VALUES ('4462', '10142');
INSERT INTO `matriculas` (`aluno`, `disciplina`) VALUES ('4462', '10143');
INSERT INTO `matriculas` (`aluno`, `disciplina`) VALUES ('4462', '10144');
INSERT INTO `matriculas` (`aluno`, `disciplina`) VALUES ('4462', '10145');
INSERT INTO `matriculas` (`aluno`, `disciplina`) VALUES ('4467', '10219');
INSERT INTO `matriculas` (`aluno`, `disciplina`) VALUES ('4467', '10220');
INSERT INTO `matriculas` (`aluno`, `disciplina`) VALUES ('4467', '10221');
INSERT INTO `matriculas` (`aluno`, `disciplina`) VALUES ('4467', '10223');
INSERT INTO `matriculas` (`aluno`, `disciplina`) VALUES ('4467', '10224');
INSERT INTO `matriculas` (`aluno`, `disciplina`) VALUES ('4472', '10141');
INSERT INTO `matriculas` (`aluno`, `disciplina`) VALUES ('4472', '10142');
INSERT INTO `matriculas` (`aluno`, `disciplina`) VALUES ('4472', '10143');
INSERT INTO `matriculas` (`aluno`, `disciplina`) VALUES ('4472', '10144');
INSERT INTO `matriculas` (`aluno`, `disciplina`) VALUES ('4472', '10145');
INSERT INTO `matriculas` (`aluno`, `disciplina`) VALUES ('4474', '10219');
INSERT INTO `matriculas` (`aluno`, `disciplina`) VALUES ('4474', '10220');
INSERT INTO `matriculas` (`aluno`, `disciplina`) VALUES ('4474', '10221');
INSERT INTO `matriculas` (`aluno`, `disciplina`) VALUES ('4474', '10222');
INSERT INTO `matriculas` (`aluno`, `disciplina`) VALUES ('4474', '10223');
INSERT INTO `matriculas` (`aluno`, `disciplina`) VALUES ('4474', '10224');
INSERT INTO `matriculas` (`aluno`, `disciplina`) VALUES ('4477', '10141');
INSERT INTO `matriculas` (`aluno`, `disciplina`) VALUES ('4477', '10142');
INSERT INTO `matriculas` (`aluno`, `disciplina`) VALUES ('4477', '10143');
INSERT INTO `matriculas` (`aluno`, `disciplina`) VALUES ('4477', '10144');
INSERT INTO `matriculas` (`aluno`, `disciplina`) VALUES ('4477', '10145');
INSERT INTO `matriculas` (`aluno`, `disciplina`) VALUES ('4478', '10219');
INSERT INTO `matriculas` (`aluno`, `disciplina`) VALUES ('4478', '10220');
INSERT INTO `matriculas` (`aluno`, `disciplina`) VALUES ('4478', '10221');
INSERT INTO `matriculas` (`aluno`, `disciplina`) VALUES ('4478', '10222');
INSERT INTO `matriculas` (`aluno`, `disciplina`) VALUES ('4478', '10223');
INSERT INTO `matriculas` (`aluno`, `disciplina`) VALUES ('4478', '10224');
INSERT INTO `matriculas` (`aluno`, `disciplina`) VALUES ('4479', '10249');
INSERT INTO `matriculas` (`aluno`, `disciplina`) VALUES ('4479', '10250');
INSERT INTO `matriculas` (`aluno`, `disciplina`) VALUES ('4479', '10251');
INSERT INTO `matriculas` (`aluno`, `disciplina`) VALUES ('4479', '10252');
INSERT INTO `matriculas` (`aluno`, `disciplina`) VALUES ('4479', '10253');
INSERT INTO `matriculas` (`aluno`, `disciplina`) VALUES ('4488', '10249');
INSERT INTO `matriculas` (`aluno`, `disciplina`) VALUES ('4488', '10250');
INSERT INTO `matriculas` (`aluno`, `disciplina`) VALUES ('4488', '10251');
INSERT INTO `matriculas` (`aluno`, `disciplina`) VALUES ('4488', '10252');
INSERT INTO `matriculas` (`aluno`, `disciplina`) VALUES ('4488', '10253');
INSERT INTO `matriculas` (`aluno`, `disciplina`) VALUES ('4490', '10219');
INSERT INTO `matriculas` (`aluno`, `disciplina`) VALUES ('4490', '10220');
INSERT INTO `matriculas` (`aluno`, `disciplina`) VALUES ('4490', '10221');
INSERT INTO `matriculas` (`aluno`, `disciplina`) VALUES ('4490', '10222');
INSERT INTO `matriculas` (`aluno`, `disciplina`) VALUES ('4490', '10223');
INSERT INTO `matriculas` (`aluno`, `disciplina`) VALUES ('4490', '10224');
INSERT INTO `matriculas` (`aluno`, `disciplina`) VALUES ('4495', '10141');
INSERT INTO `matriculas` (`aluno`, `disciplina`) VALUES ('4495', '10142');
INSERT INTO `matriculas` (`aluno`, `disciplina`) VALUES ('4495', '10143');
INSERT INTO `matriculas` (`aluno`, `disciplina`) VALUES ('4495', '10144');
INSERT INTO `matriculas` (`aluno`, `disciplina`) VALUES ('4495', '10145');
INSERT INTO `matriculas` (`aluno`, `disciplina`) VALUES ('4499', '10219');
INSERT INTO `matriculas` (`aluno`, `disciplina`) VALUES ('4499', '10220');
INSERT INTO `matriculas` (`aluno`, `disciplina`) VALUES ('4499', '10221');
INSERT INTO `matriculas` (`aluno`, `disciplina`) VALUES ('4499', '10222');
INSERT INTO `matriculas` (`aluno`, `disciplina`) VALUES ('4499', '10223');
INSERT INTO `matriculas` (`aluno`, `disciplina`) VALUES ('4499', '10224');
INSERT INTO `matriculas` (`aluno`, `disciplina`) VALUES ('4506', '10254');
INSERT INTO `matriculas` (`aluno`, `disciplina`) VALUES ('4506', '10255');
INSERT INTO `matriculas` (`aluno`, `disciplina`) VALUES ('4506', '10256');
INSERT INTO `matriculas` (`aluno`, `disciplina`) VALUES ('4510', '10141');
INSERT INTO `matriculas` (`aluno`, `disciplina`) VALUES ('4510', '10142');
INSERT INTO `matriculas` (`aluno`, `disciplina`) VALUES ('4510', '10143');
INSERT INTO `matriculas` (`aluno`, `disciplina`) VALUES ('4510', '10144');
INSERT INTO `matriculas` (`aluno`, `disciplina`) VALUES ('4510', '10145');
INSERT INTO `matriculas` (`aluno`, `disciplina`) VALUES ('4513', '10219');
INSERT INTO `matriculas` (`aluno`, `disciplina`) VALUES ('4513', '10220');
INSERT INTO `matriculas` (`aluno`, `disciplina`) VALUES ('4513', '10221');
INSERT INTO `matriculas` (`aluno`, `disciplina`) VALUES ('4513', '10222');
INSERT INTO `matriculas` (`aluno`, `disciplina`) VALUES ('4513', '10223');
INSERT INTO `matriculas` (`aluno`, `disciplina`) VALUES ('4513', '10224');
INSERT INTO `matriculas` (`aluno`, `disciplina`) VALUES ('4527', '10123');
INSERT INTO `matriculas` (`aluno`, `disciplina`) VALUES ('4527', '10124');
INSERT INTO `matriculas` (`aluno`, `disciplina`) VALUES ('4527', '10126');
INSERT INTO `matriculas` (`aluno`, `disciplina`) VALUES ('4527', '10142');
INSERT INTO `matriculas` (`aluno`, `disciplina`) VALUES ('4527', '10144');
INSERT INTO `matriculas` (`aluno`, `disciplina`) VALUES ('4527', '10145');
INSERT INTO `matriculas` (`aluno`, `disciplina`) VALUES ('4572', '10108');
INSERT INTO `matriculas` (`aluno`, `disciplina`) VALUES ('4572', '10109');
INSERT INTO `matriculas` (`aluno`, `disciplina`) VALUES ('4572', '10110');
INSERT INTO `matriculas` (`aluno`, `disciplina`) VALUES ('4572', '10111');
INSERT INTO `matriculas` (`aluno`, `disciplina`) VALUES ('4615', '10108');
INSERT INTO `matriculas` (`aluno`, `disciplina`) VALUES ('4619', '10237');
INSERT INTO `matriculas` (`aluno`, `disciplina`) VALUES ('4623', '10181');
INSERT INTO `matriculas` (`aluno`, `disciplina`) VALUES ('4623', '10183');
INSERT INTO `matriculas` (`aluno`, `disciplina`) VALUES ('4623', '10184');
INSERT INTO `matriculas` (`aluno`, `disciplina`) VALUES ('4625', '10204');
INSERT INTO `matriculas` (`aluno`, `disciplina`) VALUES ('4625', '10219');
INSERT INTO `matriculas` (`aluno`, `disciplina`) VALUES ('4625', '10221');
INSERT INTO `matriculas` (`aluno`, `disciplina`) VALUES ('4625', '10222');
INSERT INTO `matriculas` (`aluno`, `disciplina`) VALUES ('4625', '10223');
INSERT INTO `matriculas` (`aluno`, `disciplina`) VALUES ('4625', '10224');
INSERT INTO `matriculas` (`aluno`, `disciplina`) VALUES ('4627', '10219');
INSERT INTO `matriculas` (`aluno`, `disciplina`) VALUES ('4627', '10220');
INSERT INTO `matriculas` (`aluno`, `disciplina`) VALUES ('4627', '10221');
INSERT INTO `matriculas` (`aluno`, `disciplina`) VALUES ('4627', '10222');
INSERT INTO `matriculas` (`aluno`, `disciplina`) VALUES ('4627', '10224');
INSERT INTO `matriculas` (`aluno`, `disciplina`) VALUES ('4627', '10298');
INSERT INTO `matriculas` (`aluno`, `disciplina`) VALUES ('4628', '10254');
INSERT INTO `matriculas` (`aluno`, `disciplina`) VALUES ('4628', '10255');
INSERT INTO `matriculas` (`aluno`, `disciplina`) VALUES ('4628', '10256');
INSERT INTO `matriculas` (`aluno`, `disciplina`) VALUES ('4633', '10254');
INSERT INTO `matriculas` (`aluno`, `disciplina`) VALUES ('4633', '10255');
INSERT INTO `matriculas` (`aluno`, `disciplina`) VALUES ('4633', '10256');
INSERT INTO `matriculas` (`aluno`, `disciplina`) VALUES ('4634', '10254');
INSERT INTO `matriculas` (`aluno`, `disciplina`) VALUES ('4634', '10255');
INSERT INTO `matriculas` (`aluno`, `disciplina`) VALUES ('4634', '10256');
INSERT INTO `matriculas` (`aluno`, `disciplina`) VALUES ('4637', '10141');
INSERT INTO `matriculas` (`aluno`, `disciplina`) VALUES ('4637', '10142');
INSERT INTO `matriculas` (`aluno`, `disciplina`) VALUES ('4637', '10143');
INSERT INTO `matriculas` (`aluno`, `disciplina`) VALUES ('4637', '10144');
INSERT INTO `matriculas` (`aluno`, `disciplina`) VALUES ('4637', '10145');
INSERT INTO `matriculas` (`aluno`, `disciplina`) VALUES ('4649', '10108');
INSERT INTO `matriculas` (`aluno`, `disciplina`) VALUES ('4649', '10109');
INSERT INTO `matriculas` (`aluno`, `disciplina`) VALUES ('4649', '10110');
INSERT INTO `matriculas` (`aluno`, `disciplina`) VALUES ('4649', '10111');
INSERT INTO `matriculas` (`aluno`, `disciplina`) VALUES ('4658', '10108');
INSERT INTO `matriculas` (`aluno`, `disciplina`) VALUES ('4658', '10109');
INSERT INTO `matriculas` (`aluno`, `disciplina`) VALUES ('4658', '10111');
INSERT INTO `matriculas` (`aluno`, `disciplina`) VALUES ('4659', '10237');
INSERT INTO `matriculas` (`aluno`, `disciplina`) VALUES ('4660', '10108');
INSERT INTO `matriculas` (`aluno`, `disciplina`) VALUES ('4660', '10109');
INSERT INTO `matriculas` (`aluno`, `disciplina`) VALUES ('4660', '10110');
INSERT INTO `matriculas` (`aluno`, `disciplina`) VALUES ('4660', '10111');
INSERT INTO `matriculas` (`aluno`, `disciplina`) VALUES ('4662', '10254');
INSERT INTO `matriculas` (`aluno`, `disciplina`) VALUES ('4662', '10255');
INSERT INTO `matriculas` (`aluno`, `disciplina`) VALUES ('4662', '10256');
INSERT INTO `matriculas` (`aluno`, `disciplina`) VALUES ('4663', '10123');
INSERT INTO `matriculas` (`aluno`, `disciplina`) VALUES ('4663', '10124');
INSERT INTO `matriculas` (`aluno`, `disciplina`) VALUES ('4663', '10126');
INSERT INTO `matriculas` (`aluno`, `disciplina`) VALUES ('4663', '10142');
INSERT INTO `matriculas` (`aluno`, `disciplina`) VALUES ('4663', '10144');
INSERT INTO `matriculas` (`aluno`, `disciplina`) VALUES ('4663', '10145');
INSERT INTO `matriculas` (`aluno`, `disciplina`) VALUES ('4669', '10141');
INSERT INTO `matriculas` (`aluno`, `disciplina`) VALUES ('4669', '10142');
INSERT INTO `matriculas` (`aluno`, `disciplina`) VALUES ('4669', '10143');
INSERT INTO `matriculas` (`aluno`, `disciplina`) VALUES ('4669', '10144');
INSERT INTO `matriculas` (`aluno`, `disciplina`) VALUES ('4669', '10145');
INSERT INTO `matriculas` (`aluno`, `disciplina`) VALUES ('4671', '10103');
INSERT INTO `matriculas` (`aluno`, `disciplina`) VALUES ('4671', '10106');
INSERT INTO `matriculas` (`aluno`, `disciplina`) VALUES ('4671', '10109');
INSERT INTO `matriculas` (`aluno`, `disciplina`) VALUES ('4671', '10117');
INSERT INTO `matriculas` (`aluno`, `disciplina`) VALUES ('4676', '10141');
INSERT INTO `matriculas` (`aluno`, `disciplina`) VALUES ('4676', '10142');
INSERT INTO `matriculas` (`aluno`, `disciplina`) VALUES ('4676', '10143');
INSERT INTO `matriculas` (`aluno`, `disciplina`) VALUES ('4676', '10144');
INSERT INTO `matriculas` (`aluno`, `disciplina`) VALUES ('4676', '10145');
INSERT INTO `matriculas` (`aluno`, `disciplina`) VALUES ('4717', '10219');
INSERT INTO `matriculas` (`aluno`, `disciplina`) VALUES ('4717', '10220');
INSERT INTO `matriculas` (`aluno`, `disciplina`) VALUES ('4717', '10221');
INSERT INTO `matriculas` (`aluno`, `disciplina`) VALUES ('4717', '10222');
INSERT INTO `matriculas` (`aluno`, `disciplina`) VALUES ('4717', '10223');
INSERT INTO `matriculas` (`aluno`, `disciplina`) VALUES ('4717', '10224');
INSERT INTO `matriculas` (`aluno`, `disciplina`) VALUES ('4779', '10235');
INSERT INTO `matriculas` (`aluno`, `disciplina`) VALUES ('4779', '10236');
INSERT INTO `matriculas` (`aluno`, `disciplina`) VALUES ('4779', '10237');
INSERT INTO `matriculas` (`aluno`, `disciplina`) VALUES ('4779', '10238');
INSERT INTO `matriculas` (`aluno`, `disciplina`) VALUES ('4781', '10238');
INSERT INTO `matriculas` (`aluno`, `disciplina`) VALUES ('4782', '10206');
INSERT INTO `matriculas` (`aluno`, `disciplina`) VALUES ('4782', '10219');
INSERT INTO `matriculas` (`aluno`, `disciplina`) VALUES ('4782', '10220');
INSERT INTO `matriculas` (`aluno`, `disciplina`) VALUES ('4782', '10221');
INSERT INTO `matriculas` (`aluno`, `disciplina`) VALUES ('4782', '10222');
INSERT INTO `matriculas` (`aluno`, `disciplina`) VALUES ('4782', '10223');
INSERT INTO `matriculas` (`aluno`, `disciplina`) VALUES ('4782', '10224');
INSERT INTO `matriculas` (`aluno`, `disciplina`) VALUES ('4785', '10217');
INSERT INTO `matriculas` (`aluno`, `disciplina`) VALUES ('4785', '10219');
INSERT INTO `matriculas` (`aluno`, `disciplina`) VALUES ('4785', '10220');
INSERT INTO `matriculas` (`aluno`, `disciplina`) VALUES ('4785', '10221');
INSERT INTO `matriculas` (`aluno`, `disciplina`) VALUES ('4785', '10222');
INSERT INTO `matriculas` (`aluno`, `disciplina`) VALUES ('4785', '10223');
INSERT INTO `matriculas` (`aluno`, `disciplina`) VALUES ('4785', '10224');
INSERT INTO `matriculas` (`aluno`, `disciplina`) VALUES ('4786', '10103');
INSERT INTO `matriculas` (`aluno`, `disciplina`) VALUES ('4786', '10104');
INSERT INTO `matriculas` (`aluno`, `disciplina`) VALUES ('4786', '10105');
INSERT INTO `matriculas` (`aluno`, `disciplina`) VALUES ('4786', '10106');
INSERT INTO `matriculas` (`aluno`, `disciplina`) VALUES ('4786', '10107');
INSERT INTO `matriculas` (`aluno`, `disciplina`) VALUES ('4818', '10206');
INSERT INTO `matriculas` (`aluno`, `disciplina`) VALUES ('4818', '10219');
INSERT INTO `matriculas` (`aluno`, `disciplina`) VALUES ('4818', '10220');
INSERT INTO `matriculas` (`aluno`, `disciplina`) VALUES ('4818', '10221');
INSERT INTO `matriculas` (`aluno`, `disciplina`) VALUES ('4818', '10222');
INSERT INTO `matriculas` (`aluno`, `disciplina`) VALUES ('4818', '10223');
INSERT INTO `matriculas` (`aluno`, `disciplina`) VALUES ('4818', '10224');
INSERT INTO `matriculas` (`aluno`, `disciplina`) VALUES ('4825', '10108');
INSERT INTO `matriculas` (`aluno`, `disciplina`) VALUES ('4825', '10109');
INSERT INTO `matriculas` (`aluno`, `disciplina`) VALUES ('4825', '10110');
INSERT INTO `matriculas` (`aluno`, `disciplina`) VALUES ('4825', '10111');
INSERT INTO `matriculas` (`aluno`, `disciplina`) VALUES ('4829', '10206');
INSERT INTO `matriculas` (`aluno`, `disciplina`) VALUES ('4829', '10219');
INSERT INTO `matriculas` (`aluno`, `disciplina`) VALUES ('4829', '10220');
INSERT INTO `matriculas` (`aluno`, `disciplina`) VALUES ('4829', '10221');
INSERT INTO `matriculas` (`aluno`, `disciplina`) VALUES ('4829', '10222');
INSERT INTO `matriculas` (`aluno`, `disciplina`) VALUES ('4829', '10223');
INSERT INTO `matriculas` (`aluno`, `disciplina`) VALUES ('4829', '10224');
INSERT INTO `matriculas` (`aluno`, `disciplina`) VALUES ('4831', '10219');
INSERT INTO `matriculas` (`aluno`, `disciplina`) VALUES ('4831', '10220');
INSERT INTO `matriculas` (`aluno`, `disciplina`) VALUES ('4831', '10221');
INSERT INTO `matriculas` (`aluno`, `disciplina`) VALUES ('4831', '10222');
INSERT INTO `matriculas` (`aluno`, `disciplina`) VALUES ('4831', '10223');
INSERT INTO `matriculas` (`aluno`, `disciplina`) VALUES ('4831', '10224');
INSERT INTO `matriculas` (`aluno`, `disciplina`) VALUES ('4887', '10249');
INSERT INTO `matriculas` (`aluno`, `disciplina`) VALUES ('4887', '10250');
INSERT INTO `matriculas` (`aluno`, `disciplina`) VALUES ('4887', '10251');
INSERT INTO `matriculas` (`aluno`, `disciplina`) VALUES ('4887', '10252');
INSERT INTO `matriculas` (`aluno`, `disciplina`) VALUES ('4887', '10253');
INSERT INTO `matriculas` (`aluno`, `disciplina`) VALUES ('4888', '10202');
INSERT INTO `matriculas` (`aluno`, `disciplina`) VALUES ('4888', '10213');
INSERT INTO `matriculas` (`aluno`, `disciplina`) VALUES ('4888', '10215');
INSERT INTO `matriculas` (`aluno`, `disciplina`) VALUES ('4888', '10216');
INSERT INTO `matriculas` (`aluno`, `disciplina`) VALUES ('4888', '10217');
INSERT INTO `matriculas` (`aluno`, `disciplina`) VALUES ('4888', '10218');
INSERT INTO `matriculas` (`aluno`, `disciplina`) VALUES ('4888', '10220');
INSERT INTO `matriculas` (`aluno`, `disciplina`) VALUES ('4888', '10221');
INSERT INTO `matriculas` (`aluno`, `disciplina`) VALUES ('4889', '10213');
INSERT INTO `matriculas` (`aluno`, `disciplina`) VALUES ('4889', '10214');
INSERT INTO `matriculas` (`aluno`, `disciplina`) VALUES ('4889', '10215');
INSERT INTO `matriculas` (`aluno`, `disciplina`) VALUES ('4889', '10216');
INSERT INTO `matriculas` (`aluno`, `disciplina`) VALUES ('4889', '10217');
INSERT INTO `matriculas` (`aluno`, `disciplina`) VALUES ('4889', '10218');
INSERT INTO `matriculas` (`aluno`, `disciplina`) VALUES ('4901', '10249');
INSERT INTO `matriculas` (`aluno`, `disciplina`) VALUES ('4901', '10250');
INSERT INTO `matriculas` (`aluno`, `disciplina`) VALUES ('4901', '10251');
INSERT INTO `matriculas` (`aluno`, `disciplina`) VALUES ('4901', '10252');
INSERT INTO `matriculas` (`aluno`, `disciplina`) VALUES ('4901', '10253');
INSERT INTO `matriculas` (`aluno`, `disciplina`) VALUES ('4903', '10244');
INSERT INTO `matriculas` (`aluno`, `disciplina`) VALUES ('4903', '10245');
INSERT INTO `matriculas` (`aluno`, `disciplina`) VALUES ('4903', '10246');
INSERT INTO `matriculas` (`aluno`, `disciplina`) VALUES ('4903', '10248');
INSERT INTO `matriculas` (`aluno`, `disciplina`) VALUES ('4904', '10249');
INSERT INTO `matriculas` (`aluno`, `disciplina`) VALUES ('4904', '10250');
INSERT INTO `matriculas` (`aluno`, `disciplina`) VALUES ('4904', '10251');
INSERT INTO `matriculas` (`aluno`, `disciplina`) VALUES ('4904', '10252');
INSERT INTO `matriculas` (`aluno`, `disciplina`) VALUES ('4904', '10253');
INSERT INTO `matriculas` (`aluno`, `disciplina`) VALUES ('4907', '10135');
INSERT INTO `matriculas` (`aluno`, `disciplina`) VALUES ('4907', '10136');
INSERT INTO `matriculas` (`aluno`, `disciplina`) VALUES ('4907', '10137');
INSERT INTO `matriculas` (`aluno`, `disciplina`) VALUES ('4907', '10139');
INSERT INTO `matriculas` (`aluno`, `disciplina`) VALUES ('4907', '10140');
INSERT INTO `matriculas` (`aluno`, `disciplina`) VALUES ('4907', '10167');
INSERT INTO `matriculas` (`aluno`, `disciplina`) VALUES ('4911', '10213');
INSERT INTO `matriculas` (`aluno`, `disciplina`) VALUES ('4911', '10214');
INSERT INTO `matriculas` (`aluno`, `disciplina`) VALUES ('4911', '10215');
INSERT INTO `matriculas` (`aluno`, `disciplina`) VALUES ('4911', '10216');
INSERT INTO `matriculas` (`aluno`, `disciplina`) VALUES ('4911', '10217');
INSERT INTO `matriculas` (`aluno`, `disciplina`) VALUES ('4911', '10218');
INSERT INTO `matriculas` (`aluno`, `disciplina`) VALUES ('4912', '10249');
INSERT INTO `matriculas` (`aluno`, `disciplina`) VALUES ('4912', '10250');
INSERT INTO `matriculas` (`aluno`, `disciplina`) VALUES ('4912', '10251');
INSERT INTO `matriculas` (`aluno`, `disciplina`) VALUES ('4912', '10252');
INSERT INTO `matriculas` (`aluno`, `disciplina`) VALUES ('4912', '10253');
INSERT INTO `matriculas` (`aluno`, `disciplina`) VALUES ('4915', '10103');
INSERT INTO `matriculas` (`aluno`, `disciplina`) VALUES ('4915', '10104');
INSERT INTO `matriculas` (`aluno`, `disciplina`) VALUES ('4915', '10105');
INSERT INTO `matriculas` (`aluno`, `disciplina`) VALUES ('4915', '10106');
INSERT INTO `matriculas` (`aluno`, `disciplina`) VALUES ('4915', '10107');
INSERT INTO `matriculas` (`aluno`, `disciplina`) VALUES ('4917', '10135');
INSERT INTO `matriculas` (`aluno`, `disciplina`) VALUES ('4917', '10136');
INSERT INTO `matriculas` (`aluno`, `disciplina`) VALUES ('4917', '10137');
INSERT INTO `matriculas` (`aluno`, `disciplina`) VALUES ('4917', '10139');
INSERT INTO `matriculas` (`aluno`, `disciplina`) VALUES ('4917', '10140');
INSERT INTO `matriculas` (`aluno`, `disciplina`) VALUES ('4917', '10167');
INSERT INTO `matriculas` (`aluno`, `disciplina`) VALUES ('4918', '10213');
INSERT INTO `matriculas` (`aluno`, `disciplina`) VALUES ('4918', '10214');
INSERT INTO `matriculas` (`aluno`, `disciplina`) VALUES ('4918', '10215');
INSERT INTO `matriculas` (`aluno`, `disciplina`) VALUES ('4918', '10216');
INSERT INTO `matriculas` (`aluno`, `disciplina`) VALUES ('4918', '10217');
INSERT INTO `matriculas` (`aluno`, `disciplina`) VALUES ('4918', '10218');
INSERT INTO `matriculas` (`aluno`, `disciplina`) VALUES ('4919', '10175');
INSERT INTO `matriculas` (`aluno`, `disciplina`) VALUES ('4919', '10180');
INSERT INTO `matriculas` (`aluno`, `disciplina`) VALUES ('4919', '10183');
INSERT INTO `matriculas` (`aluno`, `disciplina`) VALUES ('4919', '10184');
INSERT INTO `matriculas` (`aluno`, `disciplina`) VALUES ('4919', '10186');
INSERT INTO `matriculas` (`aluno`, `disciplina`) VALUES ('4924', '10213');
INSERT INTO `matriculas` (`aluno`, `disciplina`) VALUES ('4924', '10214');
INSERT INTO `matriculas` (`aluno`, `disciplina`) VALUES ('4924', '10215');
INSERT INTO `matriculas` (`aluno`, `disciplina`) VALUES ('4924', '10216');
INSERT INTO `matriculas` (`aluno`, `disciplina`) VALUES ('4924', '10217');
INSERT INTO `matriculas` (`aluno`, `disciplina`) VALUES ('4924', '10218');
INSERT INTO `matriculas` (`aluno`, `disciplina`) VALUES ('4927', '10103');
INSERT INTO `matriculas` (`aluno`, `disciplina`) VALUES ('4927', '10104');
INSERT INTO `matriculas` (`aluno`, `disciplina`) VALUES ('4927', '10105');
INSERT INTO `matriculas` (`aluno`, `disciplina`) VALUES ('4927', '10106');
INSERT INTO `matriculas` (`aluno`, `disciplina`) VALUES ('4927', '10110');
INSERT INTO `matriculas` (`aluno`, `disciplina`) VALUES ('4930', '10135');
INSERT INTO `matriculas` (`aluno`, `disciplina`) VALUES ('4930', '10136');
INSERT INTO `matriculas` (`aluno`, `disciplina`) VALUES ('4930', '10137');
INSERT INTO `matriculas` (`aluno`, `disciplina`) VALUES ('4930', '10139');
INSERT INTO `matriculas` (`aluno`, `disciplina`) VALUES ('4930', '10140');
INSERT INTO `matriculas` (`aluno`, `disciplina`) VALUES ('4930', '10167');
INSERT INTO `matriculas` (`aluno`, `disciplina`) VALUES ('4931', '10117');
INSERT INTO `matriculas` (`aluno`, `disciplina`) VALUES ('4931', '10118');
INSERT INTO `matriculas` (`aluno`, `disciplina`) VALUES ('4931', '10119');
INSERT INTO `matriculas` (`aluno`, `disciplina`) VALUES ('4931', '10120');
INSERT INTO `matriculas` (`aluno`, `disciplina`) VALUES ('4931', '10121');
INSERT INTO `matriculas` (`aluno`, `disciplina`) VALUES ('4935', '10117');
INSERT INTO `matriculas` (`aluno`, `disciplina`) VALUES ('4935', '10118');
INSERT INTO `matriculas` (`aluno`, `disciplina`) VALUES ('4935', '10119');
INSERT INTO `matriculas` (`aluno`, `disciplina`) VALUES ('4935', '10120');
INSERT INTO `matriculas` (`aluno`, `disciplina`) VALUES ('4935', '10121');
INSERT INTO `matriculas` (`aluno`, `disciplina`) VALUES ('4936', '10235');
INSERT INTO `matriculas` (`aluno`, `disciplina`) VALUES ('4936', '10236');
INSERT INTO `matriculas` (`aluno`, `disciplina`) VALUES ('4936', '10237');
INSERT INTO `matriculas` (`aluno`, `disciplina`) VALUES ('4936', '10238');
INSERT INTO `matriculas` (`aluno`, `disciplina`) VALUES ('4946', '10213');
INSERT INTO `matriculas` (`aluno`, `disciplina`) VALUES ('4946', '10214');
INSERT INTO `matriculas` (`aluno`, `disciplina`) VALUES ('4946', '10215');
INSERT INTO `matriculas` (`aluno`, `disciplina`) VALUES ('4946', '10216');
INSERT INTO `matriculas` (`aluno`, `disciplina`) VALUES ('4946', '10217');
INSERT INTO `matriculas` (`aluno`, `disciplina`) VALUES ('4946', '10218');
INSERT INTO `matriculas` (`aluno`, `disciplina`) VALUES ('4948', '10213');
INSERT INTO `matriculas` (`aluno`, `disciplina`) VALUES ('4948', '10214');
INSERT INTO `matriculas` (`aluno`, `disciplina`) VALUES ('4948', '10215');
INSERT INTO `matriculas` (`aluno`, `disciplina`) VALUES ('4948', '10216');
INSERT INTO `matriculas` (`aluno`, `disciplina`) VALUES ('4948', '10217');
INSERT INTO `matriculas` (`aluno`, `disciplina`) VALUES ('4948', '10218');
INSERT INTO `matriculas` (`aluno`, `disciplina`) VALUES ('4950', '10135');
INSERT INTO `matriculas` (`aluno`, `disciplina`) VALUES ('4950', '10136');
INSERT INTO `matriculas` (`aluno`, `disciplina`) VALUES ('4950', '10137');
INSERT INTO `matriculas` (`aluno`, `disciplina`) VALUES ('4950', '10139');
INSERT INTO `matriculas` (`aluno`, `disciplina`) VALUES ('4950', '10140');
INSERT INTO `matriculas` (`aluno`, `disciplina`) VALUES ('4950', '10167');
INSERT INTO `matriculas` (`aluno`, `disciplina`) VALUES ('4951', '10249');
INSERT INTO `matriculas` (`aluno`, `disciplina`) VALUES ('4951', '10250');
INSERT INTO `matriculas` (`aluno`, `disciplina`) VALUES ('4951', '10251');
INSERT INTO `matriculas` (`aluno`, `disciplina`) VALUES ('4951', '10252');
INSERT INTO `matriculas` (`aluno`, `disciplina`) VALUES ('4951', '10253');
INSERT INTO `matriculas` (`aluno`, `disciplina`) VALUES ('4952', '10235');
INSERT INTO `matriculas` (`aluno`, `disciplina`) VALUES ('4952', '10236');
INSERT INTO `matriculas` (`aluno`, `disciplina`) VALUES ('4952', '10237');
INSERT INTO `matriculas` (`aluno`, `disciplina`) VALUES ('4952', '10238');
INSERT INTO `matriculas` (`aluno`, `disciplina`) VALUES ('4955', '10180');
INSERT INTO `matriculas` (`aluno`, `disciplina`) VALUES ('4955', '10181');
INSERT INTO `matriculas` (`aluno`, `disciplina`) VALUES ('4955', '10183');
INSERT INTO `matriculas` (`aluno`, `disciplina`) VALUES ('4955', '10184');
INSERT INTO `matriculas` (`aluno`, `disciplina`) VALUES ('4955', '10185');
INSERT INTO `matriculas` (`aluno`, `disciplina`) VALUES ('4955', '10186');
INSERT INTO `matriculas` (`aluno`, `disciplina`) VALUES ('4955', '10276');
INSERT INTO `matriculas` (`aluno`, `disciplina`) VALUES ('4956', '10202');
INSERT INTO `matriculas` (`aluno`, `disciplina`) VALUES ('4956', '10213');
INSERT INTO `matriculas` (`aluno`, `disciplina`) VALUES ('4956', '10214');
INSERT INTO `matriculas` (`aluno`, `disciplina`) VALUES ('4956', '10215');
INSERT INTO `matriculas` (`aluno`, `disciplina`) VALUES ('4956', '10216');
INSERT INTO `matriculas` (`aluno`, `disciplina`) VALUES ('4956', '10217');
INSERT INTO `matriculas` (`aluno`, `disciplina`) VALUES ('4956', '10218');
INSERT INTO `matriculas` (`aluno`, `disciplina`) VALUES ('4958', '10213');
INSERT INTO `matriculas` (`aluno`, `disciplina`) VALUES ('4958', '10214');
INSERT INTO `matriculas` (`aluno`, `disciplina`) VALUES ('4958', '10215');
INSERT INTO `matriculas` (`aluno`, `disciplina`) VALUES ('4958', '10216');
INSERT INTO `matriculas` (`aluno`, `disciplina`) VALUES ('4958', '10217');
INSERT INTO `matriculas` (`aluno`, `disciplina`) VALUES ('4958', '10218');
INSERT INTO `matriculas` (`aluno`, `disciplina`) VALUES ('4959', '10249');
INSERT INTO `matriculas` (`aluno`, `disciplina`) VALUES ('4959', '10250');
INSERT INTO `matriculas` (`aluno`, `disciplina`) VALUES ('4959', '10251');
INSERT INTO `matriculas` (`aluno`, `disciplina`) VALUES ('4959', '10252');
INSERT INTO `matriculas` (`aluno`, `disciplina`) VALUES ('4959', '10253');
INSERT INTO `matriculas` (`aluno`, `disciplina`) VALUES ('4964', '10235');
INSERT INTO `matriculas` (`aluno`, `disciplina`) VALUES ('4964', '10236');
INSERT INTO `matriculas` (`aluno`, `disciplina`) VALUES ('4964', '10237');
INSERT INTO `matriculas` (`aluno`, `disciplina`) VALUES ('4964', '10238');
INSERT INTO `matriculas` (`aluno`, `disciplina`) VALUES ('4965', '10213');
INSERT INTO `matriculas` (`aluno`, `disciplina`) VALUES ('4965', '10214');
INSERT INTO `matriculas` (`aluno`, `disciplina`) VALUES ('4965', '10215');
INSERT INTO `matriculas` (`aluno`, `disciplina`) VALUES ('4965', '10216');
INSERT INTO `matriculas` (`aluno`, `disciplina`) VALUES ('4965', '10217');
INSERT INTO `matriculas` (`aluno`, `disciplina`) VALUES ('4965', '10218');
INSERT INTO `matriculas` (`aluno`, `disciplina`) VALUES ('4968', '10235');
INSERT INTO `matriculas` (`aluno`, `disciplina`) VALUES ('4968', '10236');
INSERT INTO `matriculas` (`aluno`, `disciplina`) VALUES ('4968', '10237');
INSERT INTO `matriculas` (`aluno`, `disciplina`) VALUES ('4968', '10238');
INSERT INTO `matriculas` (`aluno`, `disciplina`) VALUES ('4969', '10103');
INSERT INTO `matriculas` (`aluno`, `disciplina`) VALUES ('4969', '10104');
INSERT INTO `matriculas` (`aluno`, `disciplina`) VALUES ('4969', '10105');
INSERT INTO `matriculas` (`aluno`, `disciplina`) VALUES ('4969', '10106');
INSERT INTO `matriculas` (`aluno`, `disciplina`) VALUES ('4969', '10107');
INSERT INTO `matriculas` (`aluno`, `disciplina`) VALUES ('4973', '10180');
INSERT INTO `matriculas` (`aluno`, `disciplina`) VALUES ('4973', '10183');
INSERT INTO `matriculas` (`aluno`, `disciplina`) VALUES ('4973', '10184');
INSERT INTO `matriculas` (`aluno`, `disciplina`) VALUES ('4973', '10186');
INSERT INTO `matriculas` (`aluno`, `disciplina`) VALUES ('4978', '10170');
INSERT INTO `matriculas` (`aluno`, `disciplina`) VALUES ('4978', '10171');
INSERT INTO `matriculas` (`aluno`, `disciplina`) VALUES ('4978', '10175');
INSERT INTO `matriculas` (`aluno`, `disciplina`) VALUES ('4978', '10180');
INSERT INTO `matriculas` (`aluno`, `disciplina`) VALUES ('4978', '10184');
INSERT INTO `matriculas` (`aluno`, `disciplina`) VALUES ('4980', '10103');
INSERT INTO `matriculas` (`aluno`, `disciplina`) VALUES ('4980', '10104');
INSERT INTO `matriculas` (`aluno`, `disciplina`) VALUES ('4980', '10105');
INSERT INTO `matriculas` (`aluno`, `disciplina`) VALUES ('4980', '10106');
INSERT INTO `matriculas` (`aluno`, `disciplina`) VALUES ('4980', '10107');
INSERT INTO `matriculas` (`aluno`, `disciplina`) VALUES ('4981', '10235');
INSERT INTO `matriculas` (`aluno`, `disciplina`) VALUES ('4981', '10236');
INSERT INTO `matriculas` (`aluno`, `disciplina`) VALUES ('4981', '10237');
INSERT INTO `matriculas` (`aluno`, `disciplina`) VALUES ('4981', '10238');
INSERT INTO `matriculas` (`aluno`, `disciplina`) VALUES ('4982', '10213');
INSERT INTO `matriculas` (`aluno`, `disciplina`) VALUES ('4982', '10214');
INSERT INTO `matriculas` (`aluno`, `disciplina`) VALUES ('4982', '10215');
INSERT INTO `matriculas` (`aluno`, `disciplina`) VALUES ('4982', '10216');
INSERT INTO `matriculas` (`aluno`, `disciplina`) VALUES ('4982', '10217');
INSERT INTO `matriculas` (`aluno`, `disciplina`) VALUES ('4982', '10218');
INSERT INTO `matriculas` (`aluno`, `disciplina`) VALUES ('4985', '10135');
INSERT INTO `matriculas` (`aluno`, `disciplina`) VALUES ('4985', '10136');
INSERT INTO `matriculas` (`aluno`, `disciplina`) VALUES ('4985', '10137');
INSERT INTO `matriculas` (`aluno`, `disciplina`) VALUES ('4985', '10139');
INSERT INTO `matriculas` (`aluno`, `disciplina`) VALUES ('4985', '10140');
INSERT INTO `matriculas` (`aluno`, `disciplina`) VALUES ('4985', '10167');
INSERT INTO `matriculas` (`aluno`, `disciplina`) VALUES ('4989', '10135');
INSERT INTO `matriculas` (`aluno`, `disciplina`) VALUES ('4989', '10136');
INSERT INTO `matriculas` (`aluno`, `disciplina`) VALUES ('4989', '10137');
INSERT INTO `matriculas` (`aluno`, `disciplina`) VALUES ('4989', '10139');
INSERT INTO `matriculas` (`aluno`, `disciplina`) VALUES ('4989', '10140');
INSERT INTO `matriculas` (`aluno`, `disciplina`) VALUES ('4989', '10167');
INSERT INTO `matriculas` (`aluno`, `disciplina`) VALUES ('4993', '10123');
INSERT INTO `matriculas` (`aluno`, `disciplina`) VALUES ('4993', '10124');
INSERT INTO `matriculas` (`aluno`, `disciplina`) VALUES ('4993', '10125');
INSERT INTO `matriculas` (`aluno`, `disciplina`) VALUES ('4993', '10126');
INSERT INTO `matriculas` (`aluno`, `disciplina`) VALUES ('4993', '10127');
INSERT INTO `matriculas` (`aluno`, `disciplina`) VALUES ('4993', '10128');
INSERT INTO `matriculas` (`aluno`, `disciplina`) VALUES ('4995', '10235');
INSERT INTO `matriculas` (`aluno`, `disciplina`) VALUES ('4995', '10236');
INSERT INTO `matriculas` (`aluno`, `disciplina`) VALUES ('4995', '10238');
INSERT INTO `matriculas` (`aluno`, `disciplina`) VALUES ('5003', '10103');
INSERT INTO `matriculas` (`aluno`, `disciplina`) VALUES ('5003', '10104');
INSERT INTO `matriculas` (`aluno`, `disciplina`) VALUES ('5003', '10105');
INSERT INTO `matriculas` (`aluno`, `disciplina`) VALUES ('5003', '10106');
INSERT INTO `matriculas` (`aluno`, `disciplina`) VALUES ('5003', '10107');
INSERT INTO `matriculas` (`aluno`, `disciplina`) VALUES ('5005', '10213');
INSERT INTO `matriculas` (`aluno`, `disciplina`) VALUES ('5005', '10214');
INSERT INTO `matriculas` (`aluno`, `disciplina`) VALUES ('5005', '10215');
INSERT INTO `matriculas` (`aluno`, `disciplina`) VALUES ('5005', '10216');
INSERT INTO `matriculas` (`aluno`, `disciplina`) VALUES ('5005', '10217');
INSERT INTO `matriculas` (`aluno`, `disciplina`) VALUES ('5005', '10218');
INSERT INTO `matriculas` (`aluno`, `disciplina`) VALUES ('5007', '10213');
INSERT INTO `matriculas` (`aluno`, `disciplina`) VALUES ('5007', '10214');
INSERT INTO `matriculas` (`aluno`, `disciplina`) VALUES ('5007', '10215');
INSERT INTO `matriculas` (`aluno`, `disciplina`) VALUES ('5007', '10216');
INSERT INTO `matriculas` (`aluno`, `disciplina`) VALUES ('5007', '10217');
INSERT INTO `matriculas` (`aluno`, `disciplina`) VALUES ('5007', '10218');
INSERT INTO `matriculas` (`aluno`, `disciplina`) VALUES ('5029', '10103');
INSERT INTO `matriculas` (`aluno`, `disciplina`) VALUES ('5029', '10104');
INSERT INTO `matriculas` (`aluno`, `disciplina`) VALUES ('5029', '10105');
INSERT INTO `matriculas` (`aluno`, `disciplina`) VALUES ('5029', '10106');
INSERT INTO `matriculas` (`aluno`, `disciplina`) VALUES ('5029', '10107');
INSERT INTO `matriculas` (`aluno`, `disciplina`) VALUES ('5031', '10175');
INSERT INTO `matriculas` (`aluno`, `disciplina`) VALUES ('5031', '10177');
INSERT INTO `matriculas` (`aluno`, `disciplina`) VALUES ('5031', '10184');
INSERT INTO `matriculas` (`aluno`, `disciplina`) VALUES ('5031', '10186');
INSERT INTO `matriculas` (`aluno`, `disciplina`) VALUES ('5033', '10228');
INSERT INTO `matriculas` (`aluno`, `disciplina`) VALUES ('5033', '10235');
INSERT INTO `matriculas` (`aluno`, `disciplina`) VALUES ('5033', '10236');
INSERT INTO `matriculas` (`aluno`, `disciplina`) VALUES ('5033', '10238');
INSERT INTO `matriculas` (`aluno`, `disciplina`) VALUES ('5034', '10249');
INSERT INTO `matriculas` (`aluno`, `disciplina`) VALUES ('5034', '10250');
INSERT INTO `matriculas` (`aluno`, `disciplina`) VALUES ('5034', '10251');
INSERT INTO `matriculas` (`aluno`, `disciplina`) VALUES ('5034', '10252');
INSERT INTO `matriculas` (`aluno`, `disciplina`) VALUES ('5034', '10253');
INSERT INTO `matriculas` (`aluno`, `disciplina`) VALUES ('5036', '10235');
INSERT INTO `matriculas` (`aluno`, `disciplina`) VALUES ('5036', '10236');
INSERT INTO `matriculas` (`aluno`, `disciplina`) VALUES ('5036', '10238');
INSERT INTO `matriculas` (`aluno`, `disciplina`) VALUES ('5039', '10180');
INSERT INTO `matriculas` (`aluno`, `disciplina`) VALUES ('5039', '10181');
INSERT INTO `matriculas` (`aluno`, `disciplina`) VALUES ('5039', '10183');
INSERT INTO `matriculas` (`aluno`, `disciplina`) VALUES ('5039', '10184');
INSERT INTO `matriculas` (`aluno`, `disciplina`) VALUES ('5039', '10186');
INSERT INTO `matriculas` (`aluno`, `disciplina`) VALUES ('5040', '10103');
INSERT INTO `matriculas` (`aluno`, `disciplina`) VALUES ('5040', '10104');
INSERT INTO `matriculas` (`aluno`, `disciplina`) VALUES ('5040', '10105');
INSERT INTO `matriculas` (`aluno`, `disciplina`) VALUES ('5040', '10106');
INSERT INTO `matriculas` (`aluno`, `disciplina`) VALUES ('5040', '10107');
INSERT INTO `matriculas` (`aluno`, `disciplina`) VALUES ('5041', '10103');
INSERT INTO `matriculas` (`aluno`, `disciplina`) VALUES ('5041', '10104');
INSERT INTO `matriculas` (`aluno`, `disciplina`) VALUES ('5041', '10105');
INSERT INTO `matriculas` (`aluno`, `disciplina`) VALUES ('5041', '10106');
INSERT INTO `matriculas` (`aluno`, `disciplina`) VALUES ('5041', '10107');
INSERT INTO `matriculas` (`aluno`, `disciplina`) VALUES ('5050', '10175');
INSERT INTO `matriculas` (`aluno`, `disciplina`) VALUES ('5050', '10176');
INSERT INTO `matriculas` (`aluno`, `disciplina`) VALUES ('5050', '10177');
INSERT INTO `matriculas` (`aluno`, `disciplina`) VALUES ('5050', '10184');
INSERT INTO `matriculas` (`aluno`, `disciplina`) VALUES ('5054', '10249');
INSERT INTO `matriculas` (`aluno`, `disciplina`) VALUES ('5054', '10250');
INSERT INTO `matriculas` (`aluno`, `disciplina`) VALUES ('5054', '10251');
INSERT INTO `matriculas` (`aluno`, `disciplina`) VALUES ('5054', '10252');
INSERT INTO `matriculas` (`aluno`, `disciplina`) VALUES ('5054', '10253');
INSERT INTO `matriculas` (`aluno`, `disciplina`) VALUES ('5055', '10103');
INSERT INTO `matriculas` (`aluno`, `disciplina`) VALUES ('5055', '10104');
INSERT INTO `matriculas` (`aluno`, `disciplina`) VALUES ('5055', '10105');
INSERT INTO `matriculas` (`aluno`, `disciplina`) VALUES ('5055', '10106');
INSERT INTO `matriculas` (`aluno`, `disciplina`) VALUES ('5055', '10107');
INSERT INTO `matriculas` (`aluno`, `disciplina`) VALUES ('5061', '10105');
INSERT INTO `matriculas` (`aluno`, `disciplina`) VALUES ('5061', '10109');
INSERT INTO `matriculas` (`aluno`, `disciplina`) VALUES ('5061', '10110');
INSERT INTO `matriculas` (`aluno`, `disciplina`) VALUES ('5064', '10103');
INSERT INTO `matriculas` (`aluno`, `disciplina`) VALUES ('5064', '10105');
INSERT INTO `matriculas` (`aluno`, `disciplina`) VALUES ('5064', '10106');
INSERT INTO `matriculas` (`aluno`, `disciplina`) VALUES ('5064', '10110');
INSERT INTO `matriculas` (`aluno`, `disciplina`) VALUES ('5067', '10174');
INSERT INTO `matriculas` (`aluno`, `disciplina`) VALUES ('5067', '10181');
INSERT INTO `matriculas` (`aluno`, `disciplina`) VALUES ('5067', '10183');
INSERT INTO `matriculas` (`aluno`, `disciplina`) VALUES ('5067', '10184');
INSERT INTO `matriculas` (`aluno`, `disciplina`) VALUES ('5067', '10186');
INSERT INTO `matriculas` (`aluno`, `disciplina`) VALUES ('5068', '10249');
INSERT INTO `matriculas` (`aluno`, `disciplina`) VALUES ('5068', '10250');
INSERT INTO `matriculas` (`aluno`, `disciplina`) VALUES ('5068', '10251');
INSERT INTO `matriculas` (`aluno`, `disciplina`) VALUES ('5068', '10252');
INSERT INTO `matriculas` (`aluno`, `disciplina`) VALUES ('5068', '10253');
INSERT INTO `matriculas` (`aluno`, `disciplina`) VALUES ('5077', '10213');
INSERT INTO `matriculas` (`aluno`, `disciplina`) VALUES ('5077', '10214');
INSERT INTO `matriculas` (`aluno`, `disciplina`) VALUES ('5077', '10215');
INSERT INTO `matriculas` (`aluno`, `disciplina`) VALUES ('5077', '10216');
INSERT INTO `matriculas` (`aluno`, `disciplina`) VALUES ('5077', '10217');
INSERT INTO `matriculas` (`aluno`, `disciplina`) VALUES ('5077', '10218');
INSERT INTO `matriculas` (`aluno`, `disciplina`) VALUES ('5082', '10180');
INSERT INTO `matriculas` (`aluno`, `disciplina`) VALUES ('5082', '10181');
INSERT INTO `matriculas` (`aluno`, `disciplina`) VALUES ('5082', '10183');
INSERT INTO `matriculas` (`aluno`, `disciplina`) VALUES ('5082', '10184');
INSERT INTO `matriculas` (`aluno`, `disciplina`) VALUES ('5082', '10186');
INSERT INTO `matriculas` (`aluno`, `disciplina`) VALUES ('5083', '10180');
INSERT INTO `matriculas` (`aluno`, `disciplina`) VALUES ('5083', '10181');
INSERT INTO `matriculas` (`aluno`, `disciplina`) VALUES ('5083', '10183');
INSERT INTO `matriculas` (`aluno`, `disciplina`) VALUES ('5083', '10184');
INSERT INTO `matriculas` (`aluno`, `disciplina`) VALUES ('5083', '10185');
INSERT INTO `matriculas` (`aluno`, `disciplina`) VALUES ('5083', '10186');
INSERT INTO `matriculas` (`aluno`, `disciplina`) VALUES ('5159', '10230');
INSERT INTO `matriculas` (`aluno`, `disciplina`) VALUES ('5159', '10231');
INSERT INTO `matriculas` (`aluno`, `disciplina`) VALUES ('5159', '10232');
INSERT INTO `matriculas` (`aluno`, `disciplina`) VALUES ('5159', '10233');
INSERT INTO `matriculas` (`aluno`, `disciplina`) VALUES ('5159', '10234');
INSERT INTO `matriculas` (`aluno`, `disciplina`) VALUES ('5161', '10135');
INSERT INTO `matriculas` (`aluno`, `disciplina`) VALUES ('5161', '10137');
INSERT INTO `matriculas` (`aluno`, `disciplina`) VALUES ('5161', '10139');
INSERT INTO `matriculas` (`aluno`, `disciplina`) VALUES ('5161', '10140');
INSERT INTO `matriculas` (`aluno`, `disciplina`) VALUES ('5161', '10167');
INSERT INTO `matriculas` (`aluno`, `disciplina`) VALUES ('5164', '10103');
INSERT INTO `matriculas` (`aluno`, `disciplina`) VALUES ('5164', '10104');
INSERT INTO `matriculas` (`aluno`, `disciplina`) VALUES ('5164', '10105');
INSERT INTO `matriculas` (`aluno`, `disciplina`) VALUES ('5164', '10106');
INSERT INTO `matriculas` (`aluno`, `disciplina`) VALUES ('5164', '10107');
INSERT INTO `matriculas` (`aluno`, `disciplina`) VALUES ('5165', '10103');
INSERT INTO `matriculas` (`aluno`, `disciplina`) VALUES ('5165', '10104');
INSERT INTO `matriculas` (`aluno`, `disciplina`) VALUES ('5165', '10105');
INSERT INTO `matriculas` (`aluno`, `disciplina`) VALUES ('5165', '10106');
INSERT INTO `matriculas` (`aluno`, `disciplina`) VALUES ('5165', '10107');
INSERT INTO `matriculas` (`aluno`, `disciplina`) VALUES ('5166', '10103');
INSERT INTO `matriculas` (`aluno`, `disciplina`) VALUES ('5166', '10104');
INSERT INTO `matriculas` (`aluno`, `disciplina`) VALUES ('5166', '10105');
INSERT INTO `matriculas` (`aluno`, `disciplina`) VALUES ('5166', '10107');
INSERT INTO `matriculas` (`aluno`, `disciplina`) VALUES ('5167', '10249');
INSERT INTO `matriculas` (`aluno`, `disciplina`) VALUES ('5167', '10250');
INSERT INTO `matriculas` (`aluno`, `disciplina`) VALUES ('5167', '10251');
INSERT INTO `matriculas` (`aluno`, `disciplina`) VALUES ('5167', '10252');
INSERT INTO `matriculas` (`aluno`, `disciplina`) VALUES ('5167', '10253');
INSERT INTO `matriculas` (`aluno`, `disciplina`) VALUES ('5168', '10236');
INSERT INTO `matriculas` (`aluno`, `disciplina`) VALUES ('5168', '10237');
INSERT INTO `matriculas` (`aluno`, `disciplina`) VALUES ('5168', '10238');
INSERT INTO `matriculas` (`aluno`, `disciplina`) VALUES ('5169', '10249');
INSERT INTO `matriculas` (`aluno`, `disciplina`) VALUES ('5169', '10250');
INSERT INTO `matriculas` (`aluno`, `disciplina`) VALUES ('5169', '10251');
INSERT INTO `matriculas` (`aluno`, `disciplina`) VALUES ('5169', '10252');
INSERT INTO `matriculas` (`aluno`, `disciplina`) VALUES ('5169', '10253');
INSERT INTO `matriculas` (`aluno`, `disciplina`) VALUES ('5170', '10180');
INSERT INTO `matriculas` (`aluno`, `disciplina`) VALUES ('5170', '10181');
INSERT INTO `matriculas` (`aluno`, `disciplina`) VALUES ('5170', '10183');
INSERT INTO `matriculas` (`aluno`, `disciplina`) VALUES ('5170', '10184');
INSERT INTO `matriculas` (`aluno`, `disciplina`) VALUES ('5170', '10185');
INSERT INTO `matriculas` (`aluno`, `disciplina`) VALUES ('5170', '10186');
INSERT INTO `matriculas` (`aluno`, `disciplina`) VALUES ('5172', '10135');
INSERT INTO `matriculas` (`aluno`, `disciplina`) VALUES ('5172', '10136');
INSERT INTO `matriculas` (`aluno`, `disciplina`) VALUES ('5172', '10137');
INSERT INTO `matriculas` (`aluno`, `disciplina`) VALUES ('5172', '10139');
INSERT INTO `matriculas` (`aluno`, `disciplina`) VALUES ('5172', '10140');
INSERT INTO `matriculas` (`aluno`, `disciplina`) VALUES ('5172', '10167');
INSERT INTO `matriculas` (`aluno`, `disciplina`) VALUES ('5178', '10135');
INSERT INTO `matriculas` (`aluno`, `disciplina`) VALUES ('5178', '10136');
INSERT INTO `matriculas` (`aluno`, `disciplina`) VALUES ('5178', '10137');
INSERT INTO `matriculas` (`aluno`, `disciplina`) VALUES ('5178', '10139');
INSERT INTO `matriculas` (`aluno`, `disciplina`) VALUES ('5178', '10140');
INSERT INTO `matriculas` (`aluno`, `disciplina`) VALUES ('5178', '10167');
INSERT INTO `matriculas` (`aluno`, `disciplina`) VALUES ('5179', '10249');
INSERT INTO `matriculas` (`aluno`, `disciplina`) VALUES ('5179', '10250');
INSERT INTO `matriculas` (`aluno`, `disciplina`) VALUES ('5179', '10251');
INSERT INTO `matriculas` (`aluno`, `disciplina`) VALUES ('5179', '10252');
INSERT INTO `matriculas` (`aluno`, `disciplina`) VALUES ('5179', '10253');
INSERT INTO `matriculas` (`aluno`, `disciplina`) VALUES ('5180', '10219');
INSERT INTO `matriculas` (`aluno`, `disciplina`) VALUES ('5180', '10222');
INSERT INTO `matriculas` (`aluno`, `disciplina`) VALUES ('5180', '10223');
INSERT INTO `matriculas` (`aluno`, `disciplina`) VALUES ('5180', '10224');
INSERT INTO `matriculas` (`aluno`, `disciplina`) VALUES ('5180', '10298');
INSERT INTO `matriculas` (`aluno`, `disciplina`) VALUES ('5184', '10103');
INSERT INTO `matriculas` (`aluno`, `disciplina`) VALUES ('5184', '10105');
INSERT INTO `matriculas` (`aluno`, `disciplina`) VALUES ('5187', '10105');
INSERT INTO `matriculas` (`aluno`, `disciplina`) VALUES ('5187', '10109');
INSERT INTO `matriculas` (`aluno`, `disciplina`) VALUES ('5187', '10161');
INSERT INTO `matriculas` (`aluno`, `disciplina`) VALUES ('5189', '10123');
INSERT INTO `matriculas` (`aluno`, `disciplina`) VALUES ('5189', '10125');
INSERT INTO `matriculas` (`aluno`, `disciplina`) VALUES ('5189', '10126');
INSERT INTO `matriculas` (`aluno`, `disciplina`) VALUES ('5189', '10132');
INSERT INTO `matriculas` (`aluno`, `disciplina`) VALUES ('5189', '10133');
INSERT INTO `matriculas` (`aluno`, `disciplina`) VALUES ('5189', '10136');
INSERT INTO `matriculas` (`aluno`, `disciplina`) VALUES ('5190', '10105');
INSERT INTO `matriculas` (`aluno`, `disciplina`) VALUES ('5218', '10135');
INSERT INTO `matriculas` (`aluno`, `disciplina`) VALUES ('5218', '10137');
INSERT INTO `matriculas` (`aluno`, `disciplina`) VALUES ('5218', '10141');
INSERT INTO `matriculas` (`aluno`, `disciplina`) VALUES ('5218', '10144');
INSERT INTO `matriculas` (`aluno`, `disciplina`) VALUES ('5267', '10230');
INSERT INTO `matriculas` (`aluno`, `disciplina`) VALUES ('5267', '10231');
INSERT INTO `matriculas` (`aluno`, `disciplina`) VALUES ('5267', '10232');
INSERT INTO `matriculas` (`aluno`, `disciplina`) VALUES ('5267', '10233');
INSERT INTO `matriculas` (`aluno`, `disciplina`) VALUES ('5267', '10234');
INSERT INTO `matriculas` (`aluno`, `disciplina`) VALUES ('5268', '10208');
INSERT INTO `matriculas` (`aluno`, `disciplina`) VALUES ('5268', '10209');
INSERT INTO `matriculas` (`aluno`, `disciplina`) VALUES ('5268', '10210');
INSERT INTO `matriculas` (`aluno`, `disciplina`) VALUES ('5268', '10211');
INSERT INTO `matriculas` (`aluno`, `disciplina`) VALUES ('5268', '10212');
INSERT INTO `matriculas` (`aluno`, `disciplina`) VALUES ('5269', '10117');
INSERT INTO `matriculas` (`aluno`, `disciplina`) VALUES ('5269', '10118');
INSERT INTO `matriculas` (`aluno`, `disciplina`) VALUES ('5269', '10119');
INSERT INTO `matriculas` (`aluno`, `disciplina`) VALUES ('5269', '10120');
INSERT INTO `matriculas` (`aluno`, `disciplina`) VALUES ('5269', '10121');
INSERT INTO `matriculas` (`aluno`, `disciplina`) VALUES ('5271', '10123');
INSERT INTO `matriculas` (`aluno`, `disciplina`) VALUES ('5271', '10124');
INSERT INTO `matriculas` (`aluno`, `disciplina`) VALUES ('5271', '10125');
INSERT INTO `matriculas` (`aluno`, `disciplina`) VALUES ('5271', '10126');
INSERT INTO `matriculas` (`aluno`, `disciplina`) VALUES ('5271', '10127');
INSERT INTO `matriculas` (`aluno`, `disciplina`) VALUES ('5271', '10128');
INSERT INTO `matriculas` (`aluno`, `disciplina`) VALUES ('5272', '10208');
INSERT INTO `matriculas` (`aluno`, `disciplina`) VALUES ('5272', '10209');
INSERT INTO `matriculas` (`aluno`, `disciplina`) VALUES ('5272', '10210');
INSERT INTO `matriculas` (`aluno`, `disciplina`) VALUES ('5272', '10211');
INSERT INTO `matriculas` (`aluno`, `disciplina`) VALUES ('5272', '10212');
INSERT INTO `matriculas` (`aluno`, `disciplina`) VALUES ('5273', '10117');
INSERT INTO `matriculas` (`aluno`, `disciplina`) VALUES ('5273', '10118');
INSERT INTO `matriculas` (`aluno`, `disciplina`) VALUES ('5273', '10119');
INSERT INTO `matriculas` (`aluno`, `disciplina`) VALUES ('5273', '10120');
INSERT INTO `matriculas` (`aluno`, `disciplina`) VALUES ('5273', '10121');
INSERT INTO `matriculas` (`aluno`, `disciplina`) VALUES ('5275', '10123');
INSERT INTO `matriculas` (`aluno`, `disciplina`) VALUES ('5275', '10124');
INSERT INTO `matriculas` (`aluno`, `disciplina`) VALUES ('5275', '10125');
INSERT INTO `matriculas` (`aluno`, `disciplina`) VALUES ('5275', '10126');
INSERT INTO `matriculas` (`aluno`, `disciplina`) VALUES ('5275', '10127');
INSERT INTO `matriculas` (`aluno`, `disciplina`) VALUES ('5275', '10128');
INSERT INTO `matriculas` (`aluno`, `disciplina`) VALUES ('5276', '10117');
INSERT INTO `matriculas` (`aluno`, `disciplina`) VALUES ('5276', '10118');
INSERT INTO `matriculas` (`aluno`, `disciplina`) VALUES ('5276', '10119');
INSERT INTO `matriculas` (`aluno`, `disciplina`) VALUES ('5276', '10120');
INSERT INTO `matriculas` (`aluno`, `disciplina`) VALUES ('5276', '10121');
INSERT INTO `matriculas` (`aluno`, `disciplina`) VALUES ('5277', '10124');
INSERT INTO `matriculas` (`aluno`, `disciplina`) VALUES ('5277', '10125');
INSERT INTO `matriculas` (`aluno`, `disciplina`) VALUES ('5277', '10126');
INSERT INTO `matriculas` (`aluno`, `disciplina`) VALUES ('5277', '10127');
INSERT INTO `matriculas` (`aluno`, `disciplina`) VALUES ('5277', '10128');
INSERT INTO `matriculas` (`aluno`, `disciplina`) VALUES ('5279', '10123');
INSERT INTO `matriculas` (`aluno`, `disciplina`) VALUES ('5279', '10124');
INSERT INTO `matriculas` (`aluno`, `disciplina`) VALUES ('5279', '10125');
INSERT INTO `matriculas` (`aluno`, `disciplina`) VALUES ('5279', '10126');
INSERT INTO `matriculas` (`aluno`, `disciplina`) VALUES ('5279', '10127');
INSERT INTO `matriculas` (`aluno`, `disciplina`) VALUES ('5279', '10128');
INSERT INTO `matriculas` (`aluno`, `disciplina`) VALUES ('5280', '10123');
INSERT INTO `matriculas` (`aluno`, `disciplina`) VALUES ('5280', '10124');
INSERT INTO `matriculas` (`aluno`, `disciplina`) VALUES ('5280', '10125');
INSERT INTO `matriculas` (`aluno`, `disciplina`) VALUES ('5280', '10126');
INSERT INTO `matriculas` (`aluno`, `disciplina`) VALUES ('5280', '10127');
INSERT INTO `matriculas` (`aluno`, `disciplina`) VALUES ('5280', '10128');
INSERT INTO `matriculas` (`aluno`, `disciplina`) VALUES ('5282', '10174');
INSERT INTO `matriculas` (`aluno`, `disciplina`) VALUES ('5282', '10175');
INSERT INTO `matriculas` (`aluno`, `disciplina`) VALUES ('5282', '10176');
INSERT INTO `matriculas` (`aluno`, `disciplina`) VALUES ('5282', '10177');
INSERT INTO `matriculas` (`aluno`, `disciplina`) VALUES ('5282', '10178');
INSERT INTO `matriculas` (`aluno`, `disciplina`) VALUES ('5282', '10179');
INSERT INTO `matriculas` (`aluno`, `disciplina`) VALUES ('5283', '10174');
INSERT INTO `matriculas` (`aluno`, `disciplina`) VALUES ('5283', '10175');
INSERT INTO `matriculas` (`aluno`, `disciplina`) VALUES ('5283', '10176');
INSERT INTO `matriculas` (`aluno`, `disciplina`) VALUES ('5283', '10177');
INSERT INTO `matriculas` (`aluno`, `disciplina`) VALUES ('5283', '10178');
INSERT INTO `matriculas` (`aluno`, `disciplina`) VALUES ('5283', '10179');
INSERT INTO `matriculas` (`aluno`, `disciplina`) VALUES ('5286', '10174');
INSERT INTO `matriculas` (`aluno`, `disciplina`) VALUES ('5286', '10175');
INSERT INTO `matriculas` (`aluno`, `disciplina`) VALUES ('5286', '10176');
INSERT INTO `matriculas` (`aluno`, `disciplina`) VALUES ('5286', '10177');
INSERT INTO `matriculas` (`aluno`, `disciplina`) VALUES ('5286', '10178');
INSERT INTO `matriculas` (`aluno`, `disciplina`) VALUES ('5286', '10179');
INSERT INTO `matriculas` (`aluno`, `disciplina`) VALUES ('5287', '10117');
INSERT INTO `matriculas` (`aluno`, `disciplina`) VALUES ('5287', '10118');
INSERT INTO `matriculas` (`aluno`, `disciplina`) VALUES ('5287', '10119');
INSERT INTO `matriculas` (`aluno`, `disciplina`) VALUES ('5287', '10120');
INSERT INTO `matriculas` (`aluno`, `disciplina`) VALUES ('5287', '10121');
INSERT INTO `matriculas` (`aluno`, `disciplina`) VALUES ('5289', '10208');
INSERT INTO `matriculas` (`aluno`, `disciplina`) VALUES ('5289', '10209');
INSERT INTO `matriculas` (`aluno`, `disciplina`) VALUES ('5289', '10210');
INSERT INTO `matriculas` (`aluno`, `disciplina`) VALUES ('5289', '10211');
INSERT INTO `matriculas` (`aluno`, `disciplina`) VALUES ('5289', '10212');
INSERT INTO `matriculas` (`aluno`, `disciplina`) VALUES ('5290', '10123');
INSERT INTO `matriculas` (`aluno`, `disciplina`) VALUES ('5290', '10124');
INSERT INTO `matriculas` (`aluno`, `disciplina`) VALUES ('5290', '10125');
INSERT INTO `matriculas` (`aluno`, `disciplina`) VALUES ('5290', '10126');
INSERT INTO `matriculas` (`aluno`, `disciplina`) VALUES ('5290', '10127');
INSERT INTO `matriculas` (`aluno`, `disciplina`) VALUES ('5290', '10128');
INSERT INTO `matriculas` (`aluno`, `disciplina`) VALUES ('5293', '10208');
INSERT INTO `matriculas` (`aluno`, `disciplina`) VALUES ('5293', '10209');
INSERT INTO `matriculas` (`aluno`, `disciplina`) VALUES ('5293', '10210');
INSERT INTO `matriculas` (`aluno`, `disciplina`) VALUES ('5293', '10211');
INSERT INTO `matriculas` (`aluno`, `disciplina`) VALUES ('5293', '10212');
INSERT INTO `matriculas` (`aluno`, `disciplina`) VALUES ('5294', '10208');
INSERT INTO `matriculas` (`aluno`, `disciplina`) VALUES ('5294', '10209');
INSERT INTO `matriculas` (`aluno`, `disciplina`) VALUES ('5294', '10210');
INSERT INTO `matriculas` (`aluno`, `disciplina`) VALUES ('5294', '10211');
INSERT INTO `matriculas` (`aluno`, `disciplina`) VALUES ('5294', '10212');
INSERT INTO `matriculas` (`aluno`, `disciplina`) VALUES ('5296', '10208');
INSERT INTO `matriculas` (`aluno`, `disciplina`) VALUES ('5296', '10209');
INSERT INTO `matriculas` (`aluno`, `disciplina`) VALUES ('5296', '10210');
INSERT INTO `matriculas` (`aluno`, `disciplina`) VALUES ('5296', '10211');
INSERT INTO `matriculas` (`aluno`, `disciplina`) VALUES ('5296', '10212');
INSERT INTO `matriculas` (`aluno`, `disciplina`) VALUES ('5298', '10117');
INSERT INTO `matriculas` (`aluno`, `disciplina`) VALUES ('5298', '10118');
INSERT INTO `matriculas` (`aluno`, `disciplina`) VALUES ('5298', '10119');
INSERT INTO `matriculas` (`aluno`, `disciplina`) VALUES ('5298', '10120');
INSERT INTO `matriculas` (`aluno`, `disciplina`) VALUES ('5298', '10121');
INSERT INTO `matriculas` (`aluno`, `disciplina`) VALUES ('5300', '10202');
INSERT INTO `matriculas` (`aluno`, `disciplina`) VALUES ('5300', '10203');
INSERT INTO `matriculas` (`aluno`, `disciplina`) VALUES ('5300', '10204');
INSERT INTO `matriculas` (`aluno`, `disciplina`) VALUES ('5300', '10205');
INSERT INTO `matriculas` (`aluno`, `disciplina`) VALUES ('5300', '10206');
INSERT INTO `matriculas` (`aluno`, `disciplina`) VALUES ('5300', '10207');
INSERT INTO `matriculas` (`aluno`, `disciplina`) VALUES ('5301', '10244');
INSERT INTO `matriculas` (`aluno`, `disciplina`) VALUES ('5301', '10245');
INSERT INTO `matriculas` (`aluno`, `disciplina`) VALUES ('5301', '10246');
INSERT INTO `matriculas` (`aluno`, `disciplina`) VALUES ('5301', '10247');
INSERT INTO `matriculas` (`aluno`, `disciplina`) VALUES ('5301', '10248');
INSERT INTO `matriculas` (`aluno`, `disciplina`) VALUES ('5303', '10244');
INSERT INTO `matriculas` (`aluno`, `disciplina`) VALUES ('5303', '10245');
INSERT INTO `matriculas` (`aluno`, `disciplina`) VALUES ('5303', '10246');
INSERT INTO `matriculas` (`aluno`, `disciplina`) VALUES ('5303', '10247');
INSERT INTO `matriculas` (`aluno`, `disciplina`) VALUES ('5303', '10248');
INSERT INTO `matriculas` (`aluno`, `disciplina`) VALUES ('5304', '10117');
INSERT INTO `matriculas` (`aluno`, `disciplina`) VALUES ('5304', '10118');
INSERT INTO `matriculas` (`aluno`, `disciplina`) VALUES ('5304', '10119');
INSERT INTO `matriculas` (`aluno`, `disciplina`) VALUES ('5304', '10120');
INSERT INTO `matriculas` (`aluno`, `disciplina`) VALUES ('5304', '10121');
INSERT INTO `matriculas` (`aluno`, `disciplina`) VALUES ('5306', '10208');
INSERT INTO `matriculas` (`aluno`, `disciplina`) VALUES ('5306', '10209');
INSERT INTO `matriculas` (`aluno`, `disciplina`) VALUES ('5306', '10210');
INSERT INTO `matriculas` (`aluno`, `disciplina`) VALUES ('5306', '10211');
INSERT INTO `matriculas` (`aluno`, `disciplina`) VALUES ('5306', '10212');
INSERT INTO `matriculas` (`aluno`, `disciplina`) VALUES ('5307', '10208');
INSERT INTO `matriculas` (`aluno`, `disciplina`) VALUES ('5307', '10209');
INSERT INTO `matriculas` (`aluno`, `disciplina`) VALUES ('5307', '10210');
INSERT INTO `matriculas` (`aluno`, `disciplina`) VALUES ('5307', '10211');
INSERT INTO `matriculas` (`aluno`, `disciplina`) VALUES ('5307', '10212');
INSERT INTO `matriculas` (`aluno`, `disciplina`) VALUES ('5310', '10208');
INSERT INTO `matriculas` (`aluno`, `disciplina`) VALUES ('5310', '10209');
INSERT INTO `matriculas` (`aluno`, `disciplina`) VALUES ('5310', '10210');
INSERT INTO `matriculas` (`aluno`, `disciplina`) VALUES ('5310', '10211');
INSERT INTO `matriculas` (`aluno`, `disciplina`) VALUES ('5310', '10212');
INSERT INTO `matriculas` (`aluno`, `disciplina`) VALUES ('5312', '10123');
INSERT INTO `matriculas` (`aluno`, `disciplina`) VALUES ('5312', '10124');
INSERT INTO `matriculas` (`aluno`, `disciplina`) VALUES ('5312', '10125');
INSERT INTO `matriculas` (`aluno`, `disciplina`) VALUES ('5312', '10126');
INSERT INTO `matriculas` (`aluno`, `disciplina`) VALUES ('5312', '10127');
INSERT INTO `matriculas` (`aluno`, `disciplina`) VALUES ('5312', '10128');
INSERT INTO `matriculas` (`aluno`, `disciplina`) VALUES ('5314', '10244');
INSERT INTO `matriculas` (`aluno`, `disciplina`) VALUES ('5314', '10245');
INSERT INTO `matriculas` (`aluno`, `disciplina`) VALUES ('5314', '10246');
INSERT INTO `matriculas` (`aluno`, `disciplina`) VALUES ('5314', '10247');
INSERT INTO `matriculas` (`aluno`, `disciplina`) VALUES ('5314', '10248');
INSERT INTO `matriculas` (`aluno`, `disciplina`) VALUES ('5315', '10117');
INSERT INTO `matriculas` (`aluno`, `disciplina`) VALUES ('5315', '10118');
INSERT INTO `matriculas` (`aluno`, `disciplina`) VALUES ('5315', '10119');
INSERT INTO `matriculas` (`aluno`, `disciplina`) VALUES ('5315', '10120');
INSERT INTO `matriculas` (`aluno`, `disciplina`) VALUES ('5315', '10121');
INSERT INTO `matriculas` (`aluno`, `disciplina`) VALUES ('5318', '10230');
INSERT INTO `matriculas` (`aluno`, `disciplina`) VALUES ('5318', '10231');
INSERT INTO `matriculas` (`aluno`, `disciplina`) VALUES ('5318', '10232');
INSERT INTO `matriculas` (`aluno`, `disciplina`) VALUES ('5318', '10233');
INSERT INTO `matriculas` (`aluno`, `disciplina`) VALUES ('5318', '10234');
INSERT INTO `matriculas` (`aluno`, `disciplina`) VALUES ('5320', '10230');
INSERT INTO `matriculas` (`aluno`, `disciplina`) VALUES ('5320', '10231');
INSERT INTO `matriculas` (`aluno`, `disciplina`) VALUES ('5320', '10232');
INSERT INTO `matriculas` (`aluno`, `disciplina`) VALUES ('5320', '10233');
INSERT INTO `matriculas` (`aluno`, `disciplina`) VALUES ('5320', '10234');
INSERT INTO `matriculas` (`aluno`, `disciplina`) VALUES ('5322', '10208');
INSERT INTO `matriculas` (`aluno`, `disciplina`) VALUES ('5322', '10209');
INSERT INTO `matriculas` (`aluno`, `disciplina`) VALUES ('5322', '10210');
INSERT INTO `matriculas` (`aluno`, `disciplina`) VALUES ('5322', '10211');
INSERT INTO `matriculas` (`aluno`, `disciplina`) VALUES ('5322', '10212');
INSERT INTO `matriculas` (`aluno`, `disciplina`) VALUES ('5323', '10230');
INSERT INTO `matriculas` (`aluno`, `disciplina`) VALUES ('5323', '10231');
INSERT INTO `matriculas` (`aluno`, `disciplina`) VALUES ('5323', '10232');
INSERT INTO `matriculas` (`aluno`, `disciplina`) VALUES ('5323', '10233');
INSERT INTO `matriculas` (`aluno`, `disciplina`) VALUES ('5323', '10234');
INSERT INTO `matriculas` (`aluno`, `disciplina`) VALUES ('5324', '10123');
INSERT INTO `matriculas` (`aluno`, `disciplina`) VALUES ('5324', '10124');
INSERT INTO `matriculas` (`aluno`, `disciplina`) VALUES ('5324', '10125');
INSERT INTO `matriculas` (`aluno`, `disciplina`) VALUES ('5324', '10126');
INSERT INTO `matriculas` (`aluno`, `disciplina`) VALUES ('5324', '10127');
INSERT INTO `matriculas` (`aluno`, `disciplina`) VALUES ('5324', '10128');
INSERT INTO `matriculas` (`aluno`, `disciplina`) VALUES ('5326', '10123');
INSERT INTO `matriculas` (`aluno`, `disciplina`) VALUES ('5326', '10124');
INSERT INTO `matriculas` (`aluno`, `disciplina`) VALUES ('5326', '10125');
INSERT INTO `matriculas` (`aluno`, `disciplina`) VALUES ('5326', '10126');
INSERT INTO `matriculas` (`aluno`, `disciplina`) VALUES ('5326', '10127');
INSERT INTO `matriculas` (`aluno`, `disciplina`) VALUES ('5326', '10128');
INSERT INTO `matriculas` (`aluno`, `disciplina`) VALUES ('5328', '10117');
INSERT INTO `matriculas` (`aluno`, `disciplina`) VALUES ('5328', '10118');
INSERT INTO `matriculas` (`aluno`, `disciplina`) VALUES ('5328', '10119');
INSERT INTO `matriculas` (`aluno`, `disciplina`) VALUES ('5328', '10120');
INSERT INTO `matriculas` (`aluno`, `disciplina`) VALUES ('5328', '10121');
INSERT INTO `matriculas` (`aluno`, `disciplina`) VALUES ('5330', '10174');
INSERT INTO `matriculas` (`aluno`, `disciplina`) VALUES ('5330', '10175');
INSERT INTO `matriculas` (`aluno`, `disciplina`) VALUES ('5330', '10176');
INSERT INTO `matriculas` (`aluno`, `disciplina`) VALUES ('5330', '10177');
INSERT INTO `matriculas` (`aluno`, `disciplina`) VALUES ('5330', '10178');
INSERT INTO `matriculas` (`aluno`, `disciplina`) VALUES ('5330', '10179');
INSERT INTO `matriculas` (`aluno`, `disciplina`) VALUES ('5331', '10230');
INSERT INTO `matriculas` (`aluno`, `disciplina`) VALUES ('5331', '10231');
INSERT INTO `matriculas` (`aluno`, `disciplina`) VALUES ('5331', '10232');
INSERT INTO `matriculas` (`aluno`, `disciplina`) VALUES ('5331', '10233');
INSERT INTO `matriculas` (`aluno`, `disciplina`) VALUES ('5331', '10234');
INSERT INTO `matriculas` (`aluno`, `disciplina`) VALUES ('5332', '10213');
INSERT INTO `matriculas` (`aluno`, `disciplina`) VALUES ('5332', '10214');
INSERT INTO `matriculas` (`aluno`, `disciplina`) VALUES ('5332', '10217');
INSERT INTO `matriculas` (`aluno`, `disciplina`) VALUES ('5332', '10218');
INSERT INTO `matriculas` (`aluno`, `disciplina`) VALUES ('5332', '10224');
INSERT INTO `matriculas` (`aluno`, `disciplina`) VALUES ('5333', '10230');
INSERT INTO `matriculas` (`aluno`, `disciplina`) VALUES ('5333', '10231');
INSERT INTO `matriculas` (`aluno`, `disciplina`) VALUES ('5333', '10232');
INSERT INTO `matriculas` (`aluno`, `disciplina`) VALUES ('5333', '10233');
INSERT INTO `matriculas` (`aluno`, `disciplina`) VALUES ('5333', '10234');
INSERT INTO `matriculas` (`aluno`, `disciplina`) VALUES ('5334', '10123');
INSERT INTO `matriculas` (`aluno`, `disciplina`) VALUES ('5334', '10124');
INSERT INTO `matriculas` (`aluno`, `disciplina`) VALUES ('5334', '10125');
INSERT INTO `matriculas` (`aluno`, `disciplina`) VALUES ('5334', '10126');
INSERT INTO `matriculas` (`aluno`, `disciplina`) VALUES ('5334', '10127');
INSERT INTO `matriculas` (`aluno`, `disciplina`) VALUES ('5334', '10128');
INSERT INTO `matriculas` (`aluno`, `disciplina`) VALUES ('5335', '10123');
INSERT INTO `matriculas` (`aluno`, `disciplina`) VALUES ('5335', '10124');
INSERT INTO `matriculas` (`aluno`, `disciplina`) VALUES ('5335', '10125');
INSERT INTO `matriculas` (`aluno`, `disciplina`) VALUES ('5335', '10126');
INSERT INTO `matriculas` (`aluno`, `disciplina`) VALUES ('5335', '10127');
INSERT INTO `matriculas` (`aluno`, `disciplina`) VALUES ('5335', '10128');
INSERT INTO `matriculas` (`aluno`, `disciplina`) VALUES ('5336', '10208');
INSERT INTO `matriculas` (`aluno`, `disciplina`) VALUES ('5336', '10209');
INSERT INTO `matriculas` (`aluno`, `disciplina`) VALUES ('5336', '10210');
INSERT INTO `matriculas` (`aluno`, `disciplina`) VALUES ('5336', '10211');
INSERT INTO `matriculas` (`aluno`, `disciplina`) VALUES ('5336', '10212');
INSERT INTO `matriculas` (`aluno`, `disciplina`) VALUES ('5337', '10208');
INSERT INTO `matriculas` (`aluno`, `disciplina`) VALUES ('5337', '10209');
INSERT INTO `matriculas` (`aluno`, `disciplina`) VALUES ('5337', '10210');
INSERT INTO `matriculas` (`aluno`, `disciplina`) VALUES ('5337', '10211');
INSERT INTO `matriculas` (`aluno`, `disciplina`) VALUES ('5337', '10212');
INSERT INTO `matriculas` (`aluno`, `disciplina`) VALUES ('5338', '10244');
INSERT INTO `matriculas` (`aluno`, `disciplina`) VALUES ('5338', '10245');
INSERT INTO `matriculas` (`aluno`, `disciplina`) VALUES ('5338', '10246');
INSERT INTO `matriculas` (`aluno`, `disciplina`) VALUES ('5338', '10247');
INSERT INTO `matriculas` (`aluno`, `disciplina`) VALUES ('5338', '10248');
INSERT INTO `matriculas` (`aluno`, `disciplina`) VALUES ('5342', '10244');
INSERT INTO `matriculas` (`aluno`, `disciplina`) VALUES ('5342', '10245');
INSERT INTO `matriculas` (`aluno`, `disciplina`) VALUES ('5342', '10246');
INSERT INTO `matriculas` (`aluno`, `disciplina`) VALUES ('5342', '10247');
INSERT INTO `matriculas` (`aluno`, `disciplina`) VALUES ('5342', '10248');
INSERT INTO `matriculas` (`aluno`, `disciplina`) VALUES ('5345', '10117');
INSERT INTO `matriculas` (`aluno`, `disciplina`) VALUES ('5345', '10118');
INSERT INTO `matriculas` (`aluno`, `disciplina`) VALUES ('5345', '10119');
INSERT INTO `matriculas` (`aluno`, `disciplina`) VALUES ('5345', '10120');
INSERT INTO `matriculas` (`aluno`, `disciplina`) VALUES ('5345', '10121');
INSERT INTO `matriculas` (`aluno`, `disciplina`) VALUES ('5346', '10123');
INSERT INTO `matriculas` (`aluno`, `disciplina`) VALUES ('5346', '10124');
INSERT INTO `matriculas` (`aluno`, `disciplina`) VALUES ('5346', '10125');
INSERT INTO `matriculas` (`aluno`, `disciplina`) VALUES ('5346', '10126');
INSERT INTO `matriculas` (`aluno`, `disciplina`) VALUES ('5346', '10127');
INSERT INTO `matriculas` (`aluno`, `disciplina`) VALUES ('5346', '10128');
INSERT INTO `matriculas` (`aluno`, `disciplina`) VALUES ('5348', '10208');
INSERT INTO `matriculas` (`aluno`, `disciplina`) VALUES ('5348', '10209');
INSERT INTO `matriculas` (`aluno`, `disciplina`) VALUES ('5348', '10210');
INSERT INTO `matriculas` (`aluno`, `disciplina`) VALUES ('5348', '10211');
INSERT INTO `matriculas` (`aluno`, `disciplina`) VALUES ('5348', '10212');
INSERT INTO `matriculas` (`aluno`, `disciplina`) VALUES ('5353', '10208');
INSERT INTO `matriculas` (`aluno`, `disciplina`) VALUES ('5353', '10209');
INSERT INTO `matriculas` (`aluno`, `disciplina`) VALUES ('5353', '10210');
INSERT INTO `matriculas` (`aluno`, `disciplina`) VALUES ('5353', '10211');
INSERT INTO `matriculas` (`aluno`, `disciplina`) VALUES ('5353', '10212');
INSERT INTO `matriculas` (`aluno`, `disciplina`) VALUES ('5354', '10123');
INSERT INTO `matriculas` (`aluno`, `disciplina`) VALUES ('5354', '10124');
INSERT INTO `matriculas` (`aluno`, `disciplina`) VALUES ('5354', '10125');
INSERT INTO `matriculas` (`aluno`, `disciplina`) VALUES ('5354', '10126');
INSERT INTO `matriculas` (`aluno`, `disciplina`) VALUES ('5354', '10127');
INSERT INTO `matriculas` (`aluno`, `disciplina`) VALUES ('5354', '10128');
INSERT INTO `matriculas` (`aluno`, `disciplina`) VALUES ('5356', '10123');
INSERT INTO `matriculas` (`aluno`, `disciplina`) VALUES ('5356', '10124');
INSERT INTO `matriculas` (`aluno`, `disciplina`) VALUES ('5356', '10125');
INSERT INTO `matriculas` (`aluno`, `disciplina`) VALUES ('5356', '10126');
INSERT INTO `matriculas` (`aluno`, `disciplina`) VALUES ('5356', '10127');
INSERT INTO `matriculas` (`aluno`, `disciplina`) VALUES ('5356', '10128');
INSERT INTO `matriculas` (`aluno`, `disciplina`) VALUES ('5360', '10123');
INSERT INTO `matriculas` (`aluno`, `disciplina`) VALUES ('5360', '10124');
INSERT INTO `matriculas` (`aluno`, `disciplina`) VALUES ('5360', '10125');
INSERT INTO `matriculas` (`aluno`, `disciplina`) VALUES ('5360', '10126');
INSERT INTO `matriculas` (`aluno`, `disciplina`) VALUES ('5360', '10127');
INSERT INTO `matriculas` (`aluno`, `disciplina`) VALUES ('5360', '10128');
INSERT INTO `matriculas` (`aluno`, `disciplina`) VALUES ('5361', '10123');
INSERT INTO `matriculas` (`aluno`, `disciplina`) VALUES ('5361', '10124');
INSERT INTO `matriculas` (`aluno`, `disciplina`) VALUES ('5361', '10125');
INSERT INTO `matriculas` (`aluno`, `disciplina`) VALUES ('5361', '10126');
INSERT INTO `matriculas` (`aluno`, `disciplina`) VALUES ('5361', '10127');
INSERT INTO `matriculas` (`aluno`, `disciplina`) VALUES ('5361', '10128');
INSERT INTO `matriculas` (`aluno`, `disciplina`) VALUES ('5365', '10124');
INSERT INTO `matriculas` (`aluno`, `disciplina`) VALUES ('5365', '10125');
INSERT INTO `matriculas` (`aluno`, `disciplina`) VALUES ('5365', '10126');
INSERT INTO `matriculas` (`aluno`, `disciplina`) VALUES ('5365', '10127');
INSERT INTO `matriculas` (`aluno`, `disciplina`) VALUES ('5365', '10128');
INSERT INTO `matriculas` (`aluno`, `disciplina`) VALUES ('5369', '10244');
INSERT INTO `matriculas` (`aluno`, `disciplina`) VALUES ('5369', '10245');
INSERT INTO `matriculas` (`aluno`, `disciplina`) VALUES ('5369', '10246');
INSERT INTO `matriculas` (`aluno`, `disciplina`) VALUES ('5369', '10247');
INSERT INTO `matriculas` (`aluno`, `disciplina`) VALUES ('5369', '10248');
INSERT INTO `matriculas` (`aluno`, `disciplina`) VALUES ('5372', '10208');
INSERT INTO `matriculas` (`aluno`, `disciplina`) VALUES ('5372', '10209');
INSERT INTO `matriculas` (`aluno`, `disciplina`) VALUES ('5372', '10210');
INSERT INTO `matriculas` (`aluno`, `disciplina`) VALUES ('5372', '10211');
INSERT INTO `matriculas` (`aluno`, `disciplina`) VALUES ('5372', '10212');
INSERT INTO `matriculas` (`aluno`, `disciplina`) VALUES ('5373', '10118');
INSERT INTO `matriculas` (`aluno`, `disciplina`) VALUES ('5373', '10119');
INSERT INTO `matriculas` (`aluno`, `disciplina`) VALUES ('5373', '10120');
INSERT INTO `matriculas` (`aluno`, `disciplina`) VALUES ('5373', '10121');
INSERT INTO `matriculas` (`aluno`, `disciplina`) VALUES ('5380', '10117');
INSERT INTO `matriculas` (`aluno`, `disciplina`) VALUES ('5380', '10118');
INSERT INTO `matriculas` (`aluno`, `disciplina`) VALUES ('5380', '10119');
INSERT INTO `matriculas` (`aluno`, `disciplina`) VALUES ('5380', '10120');
INSERT INTO `matriculas` (`aluno`, `disciplina`) VALUES ('5380', '10121');
INSERT INTO `matriculas` (`aluno`, `disciplina`) VALUES ('5381', '10230');
INSERT INTO `matriculas` (`aluno`, `disciplina`) VALUES ('5381', '10231');
INSERT INTO `matriculas` (`aluno`, `disciplina`) VALUES ('5381', '10232');
INSERT INTO `matriculas` (`aluno`, `disciplina`) VALUES ('5381', '10233');
INSERT INTO `matriculas` (`aluno`, `disciplina`) VALUES ('5381', '10234');
INSERT INTO `matriculas` (`aluno`, `disciplina`) VALUES ('5382', '10174');
INSERT INTO `matriculas` (`aluno`, `disciplina`) VALUES ('5382', '10175');
INSERT INTO `matriculas` (`aluno`, `disciplina`) VALUES ('5382', '10176');
INSERT INTO `matriculas` (`aluno`, `disciplina`) VALUES ('5382', '10177');
INSERT INTO `matriculas` (`aluno`, `disciplina`) VALUES ('5382', '10178');
INSERT INTO `matriculas` (`aluno`, `disciplina`) VALUES ('5382', '10179');
INSERT INTO `matriculas` (`aluno`, `disciplina`) VALUES ('5386', '10230');
INSERT INTO `matriculas` (`aluno`, `disciplina`) VALUES ('5386', '10231');
INSERT INTO `matriculas` (`aluno`, `disciplina`) VALUES ('5386', '10232');
INSERT INTO `matriculas` (`aluno`, `disciplina`) VALUES ('5386', '10233');
INSERT INTO `matriculas` (`aluno`, `disciplina`) VALUES ('5386', '10234');
INSERT INTO `matriculas` (`aluno`, `disciplina`) VALUES ('5390', '10244');
INSERT INTO `matriculas` (`aluno`, `disciplina`) VALUES ('5390', '10245');
INSERT INTO `matriculas` (`aluno`, `disciplina`) VALUES ('5390', '10246');
INSERT INTO `matriculas` (`aluno`, `disciplina`) VALUES ('5390', '10247');
INSERT INTO `matriculas` (`aluno`, `disciplina`) VALUES ('5390', '10248');
INSERT INTO `matriculas` (`aluno`, `disciplina`) VALUES ('5391', '10123');
INSERT INTO `matriculas` (`aluno`, `disciplina`) VALUES ('5391', '10124');
INSERT INTO `matriculas` (`aluno`, `disciplina`) VALUES ('5391', '10125');
INSERT INTO `matriculas` (`aluno`, `disciplina`) VALUES ('5391', '10126');
INSERT INTO `matriculas` (`aluno`, `disciplina`) VALUES ('5391', '10127');
INSERT INTO `matriculas` (`aluno`, `disciplina`) VALUES ('5391', '10128');
INSERT INTO `matriculas` (`aluno`, `disciplina`) VALUES ('5393', '10174');
INSERT INTO `matriculas` (`aluno`, `disciplina`) VALUES ('5393', '10175');
INSERT INTO `matriculas` (`aluno`, `disciplina`) VALUES ('5393', '10176');
INSERT INTO `matriculas` (`aluno`, `disciplina`) VALUES ('5393', '10177');
INSERT INTO `matriculas` (`aluno`, `disciplina`) VALUES ('5393', '10178');
INSERT INTO `matriculas` (`aluno`, `disciplina`) VALUES ('5393', '10179');
INSERT INTO `matriculas` (`aluno`, `disciplina`) VALUES ('5395', '10108');
INSERT INTO `matriculas` (`aluno`, `disciplina`) VALUES ('5397', '10228');
INSERT INTO `matriculas` (`aluno`, `disciplina`) VALUES ('5397', '10230');
INSERT INTO `matriculas` (`aluno`, `disciplina`) VALUES ('5397', '10231');
INSERT INTO `matriculas` (`aluno`, `disciplina`) VALUES ('5397', '10232');
INSERT INTO `matriculas` (`aluno`, `disciplina`) VALUES ('5397', '10234');
INSERT INTO `matriculas` (`aluno`, `disciplina`) VALUES ('5403', '10230');
INSERT INTO `matriculas` (`aluno`, `disciplina`) VALUES ('5403', '10231');
INSERT INTO `matriculas` (`aluno`, `disciplina`) VALUES ('5403', '10232');
INSERT INTO `matriculas` (`aluno`, `disciplina`) VALUES ('5403', '10233');
INSERT INTO `matriculas` (`aluno`, `disciplina`) VALUES ('5403', '10234');
INSERT INTO `matriculas` (`aluno`, `disciplina`) VALUES ('5405', '10117');
INSERT INTO `matriculas` (`aluno`, `disciplina`) VALUES ('5405', '10118');
INSERT INTO `matriculas` (`aluno`, `disciplina`) VALUES ('5405', '10119');
INSERT INTO `matriculas` (`aluno`, `disciplina`) VALUES ('5405', '10120');
INSERT INTO `matriculas` (`aluno`, `disciplina`) VALUES ('5405', '10121');
INSERT INTO `matriculas` (`aluno`, `disciplina`) VALUES ('5407', '10123');
INSERT INTO `matriculas` (`aluno`, `disciplina`) VALUES ('5407', '10124');
INSERT INTO `matriculas` (`aluno`, `disciplina`) VALUES ('5407', '10125');
INSERT INTO `matriculas` (`aluno`, `disciplina`) VALUES ('5407', '10126');
INSERT INTO `matriculas` (`aluno`, `disciplina`) VALUES ('5407', '10127');
INSERT INTO `matriculas` (`aluno`, `disciplina`) VALUES ('5407', '10128');
INSERT INTO `matriculas` (`aluno`, `disciplina`) VALUES ('5414', '10169');
INSERT INTO `matriculas` (`aluno`, `disciplina`) VALUES ('5414', '10173');
INSERT INTO `matriculas` (`aluno`, `disciplina`) VALUES ('5414', '10186');
INSERT INTO `matriculas` (`aluno`, `disciplina`) VALUES ('5415', '10208');
INSERT INTO `matriculas` (`aluno`, `disciplina`) VALUES ('5415', '10209');
INSERT INTO `matriculas` (`aluno`, `disciplina`) VALUES ('5415', '10210');
INSERT INTO `matriculas` (`aluno`, `disciplina`) VALUES ('5415', '10211');
INSERT INTO `matriculas` (`aluno`, `disciplina`) VALUES ('5415', '10212');
INSERT INTO `matriculas` (`aluno`, `disciplina`) VALUES ('5417', '10208');
INSERT INTO `matriculas` (`aluno`, `disciplina`) VALUES ('5417', '10209');
INSERT INTO `matriculas` (`aluno`, `disciplina`) VALUES ('5417', '10210');
INSERT INTO `matriculas` (`aluno`, `disciplina`) VALUES ('5417', '10211');
INSERT INTO `matriculas` (`aluno`, `disciplina`) VALUES ('5420', '10117');
INSERT INTO `matriculas` (`aluno`, `disciplina`) VALUES ('5420', '10118');
INSERT INTO `matriculas` (`aluno`, `disciplina`) VALUES ('5420', '10119');
INSERT INTO `matriculas` (`aluno`, `disciplina`) VALUES ('5420', '10120');
INSERT INTO `matriculas` (`aluno`, `disciplina`) VALUES ('5420', '10121');
INSERT INTO `matriculas` (`aluno`, `disciplina`) VALUES ('5421', '10132');
INSERT INTO `matriculas` (`aluno`, `disciplina`) VALUES ('5421', '10135');
INSERT INTO `matriculas` (`aluno`, `disciplina`) VALUES ('5421', '10136');
INSERT INTO `matriculas` (`aluno`, `disciplina`) VALUES ('5421', '10137');
INSERT INTO `matriculas` (`aluno`, `disciplina`) VALUES ('5421', '10139');
INSERT INTO `matriculas` (`aluno`, `disciplina`) VALUES ('5421', '10140');
INSERT INTO `matriculas` (`aluno`, `disciplina`) VALUES ('5421', '10167');
INSERT INTO `matriculas` (`aluno`, `disciplina`) VALUES ('5424', '10208');
INSERT INTO `matriculas` (`aluno`, `disciplina`) VALUES ('5424', '10215');
INSERT INTO `matriculas` (`aluno`, `disciplina`) VALUES ('5424', '10219');
INSERT INTO `matriculas` (`aluno`, `disciplina`) VALUES ('5424', '10220');
INSERT INTO `matriculas` (`aluno`, `disciplina`) VALUES ('5424', '10221');
INSERT INTO `matriculas` (`aluno`, `disciplina`) VALUES ('5424', '10222');
INSERT INTO `matriculas` (`aluno`, `disciplina`) VALUES ('5424', '10298');
INSERT INTO `matriculas` (`aluno`, `disciplina`) VALUES ('5430', '10123');
INSERT INTO `matriculas` (`aluno`, `disciplina`) VALUES ('5430', '10124');
INSERT INTO `matriculas` (`aluno`, `disciplina`) VALUES ('5430', '10125');
INSERT INTO `matriculas` (`aluno`, `disciplina`) VALUES ('5430', '10126');
INSERT INTO `matriculas` (`aluno`, `disciplina`) VALUES ('5430', '10127');
INSERT INTO `matriculas` (`aluno`, `disciplina`) VALUES ('5430', '10128');
INSERT INTO `matriculas` (`aluno`, `disciplina`) VALUES ('5431', '10244');
INSERT INTO `matriculas` (`aluno`, `disciplina`) VALUES ('5431', '10245');
INSERT INTO `matriculas` (`aluno`, `disciplina`) VALUES ('5431', '10246');
INSERT INTO `matriculas` (`aluno`, `disciplina`) VALUES ('5431', '10247');
INSERT INTO `matriculas` (`aluno`, `disciplina`) VALUES ('5431', '10248');
INSERT INTO `matriculas` (`aluno`, `disciplina`) VALUES ('5444', '10213');
INSERT INTO `matriculas` (`aluno`, `disciplina`) VALUES ('5444', '10214');
INSERT INTO `matriculas` (`aluno`, `disciplina`) VALUES ('5444', '10216');
INSERT INTO `matriculas` (`aluno`, `disciplina`) VALUES ('5444', '10217');
INSERT INTO `matriculas` (`aluno`, `disciplina`) VALUES ('5444', '10218');
INSERT INTO `matriculas` (`aluno`, `disciplina`) VALUES ('5445', '10244');
INSERT INTO `matriculas` (`aluno`, `disciplina`) VALUES ('5445', '10245');
INSERT INTO `matriculas` (`aluno`, `disciplina`) VALUES ('5445', '10246');
INSERT INTO `matriculas` (`aluno`, `disciplina`) VALUES ('5445', '10247');
INSERT INTO `matriculas` (`aluno`, `disciplina`) VALUES ('5445', '10248');
INSERT INTO `matriculas` (`aluno`, `disciplina`) VALUES ('5503', '10174');
INSERT INTO `matriculas` (`aluno`, `disciplina`) VALUES ('5503', '10175');
INSERT INTO `matriculas` (`aluno`, `disciplina`) VALUES ('5503', '10176');
INSERT INTO `matriculas` (`aluno`, `disciplina`) VALUES ('5503', '10177');
INSERT INTO `matriculas` (`aluno`, `disciplina`) VALUES ('5503', '10178');
INSERT INTO `matriculas` (`aluno`, `disciplina`) VALUES ('5503', '10179');
INSERT INTO `matriculas` (`aluno`, `disciplina`) VALUES ('5504', '10230');
INSERT INTO `matriculas` (`aluno`, `disciplina`) VALUES ('5504', '10231');
INSERT INTO `matriculas` (`aluno`, `disciplina`) VALUES ('5504', '10232');
INSERT INTO `matriculas` (`aluno`, `disciplina`) VALUES ('5504', '10233');
INSERT INTO `matriculas` (`aluno`, `disciplina`) VALUES ('5504', '10234');
INSERT INTO `matriculas` (`aluno`, `disciplina`) VALUES ('5506', '10244');
INSERT INTO `matriculas` (`aluno`, `disciplina`) VALUES ('5506', '10245');
INSERT INTO `matriculas` (`aluno`, `disciplina`) VALUES ('5506', '10246');
INSERT INTO `matriculas` (`aluno`, `disciplina`) VALUES ('5506', '10247');
INSERT INTO `matriculas` (`aluno`, `disciplina`) VALUES ('5506', '10248');
INSERT INTO `matriculas` (`aluno`, `disciplina`) VALUES ('5507', '10244');
INSERT INTO `matriculas` (`aluno`, `disciplina`) VALUES ('5507', '10245');
INSERT INTO `matriculas` (`aluno`, `disciplina`) VALUES ('5507', '10246');
INSERT INTO `matriculas` (`aluno`, `disciplina`) VALUES ('5507', '10247');
INSERT INTO `matriculas` (`aluno`, `disciplina`) VALUES ('5507', '10248');
INSERT INTO `matriculas` (`aluno`, `disciplina`) VALUES ('5508', '10174');
INSERT INTO `matriculas` (`aluno`, `disciplina`) VALUES ('5508', '10175');
INSERT INTO `matriculas` (`aluno`, `disciplina`) VALUES ('5508', '10176');
INSERT INTO `matriculas` (`aluno`, `disciplina`) VALUES ('5508', '10177');
INSERT INTO `matriculas` (`aluno`, `disciplina`) VALUES ('5508', '10178');
INSERT INTO `matriculas` (`aluno`, `disciplina`) VALUES ('5508', '10179');
INSERT INTO `matriculas` (`aluno`, `disciplina`) VALUES ('5509', '10208');
INSERT INTO `matriculas` (`aluno`, `disciplina`) VALUES ('5509', '10209');
INSERT INTO `matriculas` (`aluno`, `disciplina`) VALUES ('5509', '10210');
INSERT INTO `matriculas` (`aluno`, `disciplina`) VALUES ('5509', '10211');
INSERT INTO `matriculas` (`aluno`, `disciplina`) VALUES ('5509', '10212');
INSERT INTO `matriculas` (`aluno`, `disciplina`) VALUES ('5510', '10230');
INSERT INTO `matriculas` (`aluno`, `disciplina`) VALUES ('5510', '10231');
INSERT INTO `matriculas` (`aluno`, `disciplina`) VALUES ('5510', '10232');
INSERT INTO `matriculas` (`aluno`, `disciplina`) VALUES ('5510', '10233');
INSERT INTO `matriculas` (`aluno`, `disciplina`) VALUES ('5510', '10234');
INSERT INTO `matriculas` (`aluno`, `disciplina`) VALUES ('5514', '10208');
INSERT INTO `matriculas` (`aluno`, `disciplina`) VALUES ('5514', '10209');
INSERT INTO `matriculas` (`aluno`, `disciplina`) VALUES ('5514', '10210');
INSERT INTO `matriculas` (`aluno`, `disciplina`) VALUES ('5514', '10211');
INSERT INTO `matriculas` (`aluno`, `disciplina`) VALUES ('5514', '10212');
INSERT INTO `matriculas` (`aluno`, `disciplina`) VALUES ('5515', '10244');
INSERT INTO `matriculas` (`aluno`, `disciplina`) VALUES ('5515', '10245');
INSERT INTO `matriculas` (`aluno`, `disciplina`) VALUES ('5515', '10246');
INSERT INTO `matriculas` (`aluno`, `disciplina`) VALUES ('5515', '10247');
INSERT INTO `matriculas` (`aluno`, `disciplina`) VALUES ('5515', '10248');
INSERT INTO `matriculas` (`aluno`, `disciplina`) VALUES ('5516', '10244');
INSERT INTO `matriculas` (`aluno`, `disciplina`) VALUES ('5516', '10245');
INSERT INTO `matriculas` (`aluno`, `disciplina`) VALUES ('5516', '10246');
INSERT INTO `matriculas` (`aluno`, `disciplina`) VALUES ('5516', '10247');
INSERT INTO `matriculas` (`aluno`, `disciplina`) VALUES ('5516', '10248');
INSERT INTO `matriculas` (`aluno`, `disciplina`) VALUES ('5517', '10123');
INSERT INTO `matriculas` (`aluno`, `disciplina`) VALUES ('5517', '10124');
INSERT INTO `matriculas` (`aluno`, `disciplina`) VALUES ('5517', '10125');
INSERT INTO `matriculas` (`aluno`, `disciplina`) VALUES ('5517', '10126');
INSERT INTO `matriculas` (`aluno`, `disciplina`) VALUES ('5517', '10127');
INSERT INTO `matriculas` (`aluno`, `disciplina`) VALUES ('5517', '10128');
INSERT INTO `matriculas` (`aluno`, `disciplina`) VALUES ('5520', '10208');
INSERT INTO `matriculas` (`aluno`, `disciplina`) VALUES ('5520', '10209');
INSERT INTO `matriculas` (`aluno`, `disciplina`) VALUES ('5520', '10210');
INSERT INTO `matriculas` (`aluno`, `disciplina`) VALUES ('5520', '10211');
INSERT INTO `matriculas` (`aluno`, `disciplina`) VALUES ('5520', '10212');
INSERT INTO `matriculas` (`aluno`, `disciplina`) VALUES ('5521', '10230');
INSERT INTO `matriculas` (`aluno`, `disciplina`) VALUES ('5521', '10231');
INSERT INTO `matriculas` (`aluno`, `disciplina`) VALUES ('5521', '10232');
INSERT INTO `matriculas` (`aluno`, `disciplina`) VALUES ('5521', '10233');
INSERT INTO `matriculas` (`aluno`, `disciplina`) VALUES ('5521', '10234');
INSERT INTO `matriculas` (`aluno`, `disciplina`) VALUES ('5522', '10163');
INSERT INTO `matriculas` (`aluno`, `disciplina`) VALUES ('5522', '10165');
INSERT INTO `matriculas` (`aluno`, `disciplina`) VALUES ('5523', '10123');
INSERT INTO `matriculas` (`aluno`, `disciplina`) VALUES ('5523', '10124');
INSERT INTO `matriculas` (`aluno`, `disciplina`) VALUES ('5523', '10125');
INSERT INTO `matriculas` (`aluno`, `disciplina`) VALUES ('5523', '10126');
INSERT INTO `matriculas` (`aluno`, `disciplina`) VALUES ('5523', '10127');
INSERT INTO `matriculas` (`aluno`, `disciplina`) VALUES ('5523', '10128');
INSERT INTO `matriculas` (`aluno`, `disciplina`) VALUES ('5525', '10174');
INSERT INTO `matriculas` (`aluno`, `disciplina`) VALUES ('5525', '10175');
INSERT INTO `matriculas` (`aluno`, `disciplina`) VALUES ('5525', '10176');
INSERT INTO `matriculas` (`aluno`, `disciplina`) VALUES ('5525', '10177');
INSERT INTO `matriculas` (`aluno`, `disciplina`) VALUES ('5525', '10178');
INSERT INTO `matriculas` (`aluno`, `disciplina`) VALUES ('5525', '10179');
INSERT INTO `matriculas` (`aluno`, `disciplina`) VALUES ('5527', '10244');
INSERT INTO `matriculas` (`aluno`, `disciplina`) VALUES ('5527', '10245');
INSERT INTO `matriculas` (`aluno`, `disciplina`) VALUES ('5527', '10246');
INSERT INTO `matriculas` (`aluno`, `disciplina`) VALUES ('5527', '10247');
INSERT INTO `matriculas` (`aluno`, `disciplina`) VALUES ('5527', '10248');
INSERT INTO `matriculas` (`aluno`, `disciplina`) VALUES ('5528', '10244');
INSERT INTO `matriculas` (`aluno`, `disciplina`) VALUES ('5528', '10245');
INSERT INTO `matriculas` (`aluno`, `disciplina`) VALUES ('5528', '10246');
INSERT INTO `matriculas` (`aluno`, `disciplina`) VALUES ('5528', '10247');
INSERT INTO `matriculas` (`aluno`, `disciplina`) VALUES ('5528', '10248');
INSERT INTO `matriculas` (`aluno`, `disciplina`) VALUES ('5530', '10129');
INSERT INTO `matriculas` (`aluno`, `disciplina`) VALUES ('5530', '10130');
INSERT INTO `matriculas` (`aluno`, `disciplina`) VALUES ('5530', '10132');
INSERT INTO `matriculas` (`aluno`, `disciplina`) VALUES ('5530', '10133');
INSERT INTO `matriculas` (`aluno`, `disciplina`) VALUES ('5530', '10143');
INSERT INTO `matriculas` (`aluno`, `disciplina`) VALUES ('5531', '10117');
INSERT INTO `matriculas` (`aluno`, `disciplina`) VALUES ('5531', '10118');
INSERT INTO `matriculas` (`aluno`, `disciplina`) VALUES ('5531', '10119');
INSERT INTO `matriculas` (`aluno`, `disciplina`) VALUES ('5531', '10120');
INSERT INTO `matriculas` (`aluno`, `disciplina`) VALUES ('5531', '10121');
INSERT INTO `matriculas` (`aluno`, `disciplina`) VALUES ('5532', '10208');
INSERT INTO `matriculas` (`aluno`, `disciplina`) VALUES ('5532', '10209');
INSERT INTO `matriculas` (`aluno`, `disciplina`) VALUES ('5532', '10210');
INSERT INTO `matriculas` (`aluno`, `disciplina`) VALUES ('5532', '10211');
INSERT INTO `matriculas` (`aluno`, `disciplina`) VALUES ('5532', '10212');
INSERT INTO `matriculas` (`aluno`, `disciplina`) VALUES ('5539', '10208');
INSERT INTO `matriculas` (`aluno`, `disciplina`) VALUES ('5539', '10209');
INSERT INTO `matriculas` (`aluno`, `disciplina`) VALUES ('5539', '10210');
INSERT INTO `matriculas` (`aluno`, `disciplina`) VALUES ('5539', '10211');
INSERT INTO `matriculas` (`aluno`, `disciplina`) VALUES ('5539', '10212');
INSERT INTO `matriculas` (`aluno`, `disciplina`) VALUES ('5541', '10123');
INSERT INTO `matriculas` (`aluno`, `disciplina`) VALUES ('5541', '10124');
INSERT INTO `matriculas` (`aluno`, `disciplina`) VALUES ('5541', '10125');
INSERT INTO `matriculas` (`aluno`, `disciplina`) VALUES ('5541', '10126');
INSERT INTO `matriculas` (`aluno`, `disciplina`) VALUES ('5541', '10127');
INSERT INTO `matriculas` (`aluno`, `disciplina`) VALUES ('5541', '10128');
INSERT INTO `matriculas` (`aluno`, `disciplina`) VALUES ('5547', '10208');
INSERT INTO `matriculas` (`aluno`, `disciplina`) VALUES ('5547', '10209');
INSERT INTO `matriculas` (`aluno`, `disciplina`) VALUES ('5547', '10210');
INSERT INTO `matriculas` (`aluno`, `disciplina`) VALUES ('5547', '10211');
INSERT INTO `matriculas` (`aluno`, `disciplina`) VALUES ('5547', '10212');
INSERT INTO `matriculas` (`aluno`, `disciplina`) VALUES ('5550', '10123');
INSERT INTO `matriculas` (`aluno`, `disciplina`) VALUES ('5550', '10124');
INSERT INTO `matriculas` (`aluno`, `disciplina`) VALUES ('5550', '10125');
INSERT INTO `matriculas` (`aluno`, `disciplina`) VALUES ('5550', '10126');
INSERT INTO `matriculas` (`aluno`, `disciplina`) VALUES ('5550', '10127');
INSERT INTO `matriculas` (`aluno`, `disciplina`) VALUES ('5550', '10128');
INSERT INTO `matriculas` (`aluno`, `disciplina`) VALUES ('5551', '10240');
INSERT INTO `matriculas` (`aluno`, `disciplina`) VALUES ('5551', '10241');
INSERT INTO `matriculas` (`aluno`, `disciplina`) VALUES ('5551', '10242');
INSERT INTO `matriculas` (`aluno`, `disciplina`) VALUES ('5551', '10243');
INSERT INTO `matriculas` (`aluno`, `disciplina`) VALUES ('5551', '10251');
INSERT INTO `matriculas` (`aluno`, `disciplina`) VALUES ('5552', '10230');
INSERT INTO `matriculas` (`aluno`, `disciplina`) VALUES ('5552', '10231');
INSERT INTO `matriculas` (`aluno`, `disciplina`) VALUES ('5552', '10232');
INSERT INTO `matriculas` (`aluno`, `disciplina`) VALUES ('5552', '10233');
INSERT INTO `matriculas` (`aluno`, `disciplina`) VALUES ('5552', '10234');
INSERT INTO `matriculas` (`aluno`, `disciplina`) VALUES ('5559', '10174');
INSERT INTO `matriculas` (`aluno`, `disciplina`) VALUES ('5559', '10175');
INSERT INTO `matriculas` (`aluno`, `disciplina`) VALUES ('5559', '10176');
INSERT INTO `matriculas` (`aluno`, `disciplina`) VALUES ('5559', '10177');
INSERT INTO `matriculas` (`aluno`, `disciplina`) VALUES ('5559', '10178');
INSERT INTO `matriculas` (`aluno`, `disciplina`) VALUES ('5559', '10179');
INSERT INTO `matriculas` (`aluno`, `disciplina`) VALUES ('5582', '10117');
INSERT INTO `matriculas` (`aluno`, `disciplina`) VALUES ('5582', '10118');
INSERT INTO `matriculas` (`aluno`, `disciplina`) VALUES ('5582', '10119');
INSERT INTO `matriculas` (`aluno`, `disciplina`) VALUES ('5582', '10120');
INSERT INTO `matriculas` (`aluno`, `disciplina`) VALUES ('5582', '10121');
INSERT INTO `matriculas` (`aluno`, `disciplina`) VALUES ('5595', '10131');
INSERT INTO `matriculas` (`aluno`, `disciplina`) VALUES ('5595', '10132');
INSERT INTO `matriculas` (`aluno`, `disciplina`) VALUES ('5595', '10135');
INSERT INTO `matriculas` (`aluno`, `disciplina`) VALUES ('5595', '10136');
INSERT INTO `matriculas` (`aluno`, `disciplina`) VALUES ('5595', '10137');
INSERT INTO `matriculas` (`aluno`, `disciplina`) VALUES ('5595', '10141');
INSERT INTO `matriculas` (`aluno`, `disciplina`) VALUES ('5595', '10167');
INSERT INTO `matriculas` (`aluno`, `disciplina`) VALUES ('5597', '10213');
INSERT INTO `matriculas` (`aluno`, `disciplina`) VALUES ('5597', '10214');
INSERT INTO `matriculas` (`aluno`, `disciplina`) VALUES ('5597', '10215');
INSERT INTO `matriculas` (`aluno`, `disciplina`) VALUES ('5597', '10216');
INSERT INTO `matriculas` (`aluno`, `disciplina`) VALUES ('5597', '10217');
INSERT INTO `matriculas` (`aluno`, `disciplina`) VALUES ('5597', '10218');
INSERT INTO `matriculas` (`aluno`, `disciplina`) VALUES ('5617', '10117');
INSERT INTO `matriculas` (`aluno`, `disciplina`) VALUES ('5617', '10118');
INSERT INTO `matriculas` (`aluno`, `disciplina`) VALUES ('5617', '10119');
INSERT INTO `matriculas` (`aluno`, `disciplina`) VALUES ('5617', '10120');
INSERT INTO `matriculas` (`aluno`, `disciplina`) VALUES ('5617', '10121');
INSERT INTO `matriculas` (`aluno`, `disciplina`) VALUES ('5620', '10231');
INSERT INTO `matriculas` (`aluno`, `disciplina`) VALUES ('5620', '10232');
INSERT INTO `matriculas` (`aluno`, `disciplina`) VALUES ('5620', '10233');
INSERT INTO `matriculas` (`aluno`, `disciplina`) VALUES ('5620', '10234');
INSERT INTO `matriculas` (`aluno`, `disciplina`) VALUES ('5620', '10235');
INSERT INTO `matriculas` (`aluno`, `disciplina`) VALUES ('5621', '10117');
INSERT INTO `matriculas` (`aluno`, `disciplina`) VALUES ('5621', '10118');
INSERT INTO `matriculas` (`aluno`, `disciplina`) VALUES ('5621', '10119');
INSERT INTO `matriculas` (`aluno`, `disciplina`) VALUES ('5621', '10120');
INSERT INTO `matriculas` (`aluno`, `disciplina`) VALUES ('5621', '10121');
INSERT INTO `matriculas` (`aluno`, `disciplina`) VALUES ('5622', '10208');
INSERT INTO `matriculas` (`aluno`, `disciplina`) VALUES ('5622', '10209');
INSERT INTO `matriculas` (`aluno`, `disciplina`) VALUES ('5622', '10210');
INSERT INTO `matriculas` (`aluno`, `disciplina`) VALUES ('5622', '10211');
INSERT INTO `matriculas` (`aluno`, `disciplina`) VALUES ('5622', '10212');
INSERT INTO `matriculas` (`aluno`, `disciplina`) VALUES ('5737', '10129');
INSERT INTO `matriculas` (`aluno`, `disciplina`) VALUES ('5737', '10130');
INSERT INTO `matriculas` (`aluno`, `disciplina`) VALUES ('5737', '10131');
INSERT INTO `matriculas` (`aluno`, `disciplina`) VALUES ('5737', '10132');
INSERT INTO `matriculas` (`aluno`, `disciplina`) VALUES ('5737', '10133');
INSERT INTO `matriculas` (`aluno`, `disciplina`) VALUES ('5739', '10225');
INSERT INTO `matriculas` (`aluno`, `disciplina`) VALUES ('5739', '10226');
INSERT INTO `matriculas` (`aluno`, `disciplina`) VALUES ('5739', '10227');
INSERT INTO `matriculas` (`aluno`, `disciplina`) VALUES ('5739', '10228');
INSERT INTO `matriculas` (`aluno`, `disciplina`) VALUES ('5739', '10229');
INSERT INTO `matriculas` (`aluno`, `disciplina`) VALUES ('5741', '10161');
INSERT INTO `matriculas` (`aluno`, `disciplina`) VALUES ('5741', '10162');
INSERT INTO `matriculas` (`aluno`, `disciplina`) VALUES ('5741', '10163');
INSERT INTO `matriculas` (`aluno`, `disciplina`) VALUES ('5741', '10164');
INSERT INTO `matriculas` (`aluno`, `disciplina`) VALUES ('5741', '10165');
INSERT INTO `matriculas` (`aluno`, `disciplina`) VALUES ('5741', '10166');
INSERT INTO `matriculas` (`aluno`, `disciplina`) VALUES ('5743', '10161');
INSERT INTO `matriculas` (`aluno`, `disciplina`) VALUES ('5743', '10162');
INSERT INTO `matriculas` (`aluno`, `disciplina`) VALUES ('5743', '10163');
INSERT INTO `matriculas` (`aluno`, `disciplina`) VALUES ('5743', '10164');
INSERT INTO `matriculas` (`aluno`, `disciplina`) VALUES ('5743', '10165');
INSERT INTO `matriculas` (`aluno`, `disciplina`) VALUES ('5743', '10166');
INSERT INTO `matriculas` (`aluno`, `disciplina`) VALUES ('5747', '10239');
INSERT INTO `matriculas` (`aluno`, `disciplina`) VALUES ('5747', '10240');
INSERT INTO `matriculas` (`aluno`, `disciplina`) VALUES ('5747', '10241');
INSERT INTO `matriculas` (`aluno`, `disciplina`) VALUES ('5747', '10242');
INSERT INTO `matriculas` (`aluno`, `disciplina`) VALUES ('5747', '10243');
INSERT INTO `matriculas` (`aluno`, `disciplina`) VALUES ('5749', '10129');
INSERT INTO `matriculas` (`aluno`, `disciplina`) VALUES ('5749', '10130');
INSERT INTO `matriculas` (`aluno`, `disciplina`) VALUES ('5749', '10131');
INSERT INTO `matriculas` (`aluno`, `disciplina`) VALUES ('5749', '10132');
INSERT INTO `matriculas` (`aluno`, `disciplina`) VALUES ('5749', '10133');
INSERT INTO `matriculas` (`aluno`, `disciplina`) VALUES ('5750', '10202');
INSERT INTO `matriculas` (`aluno`, `disciplina`) VALUES ('5750', '10203');
INSERT INTO `matriculas` (`aluno`, `disciplina`) VALUES ('5750', '10204');
INSERT INTO `matriculas` (`aluno`, `disciplina`) VALUES ('5750', '10205');
INSERT INTO `matriculas` (`aluno`, `disciplina`) VALUES ('5750', '10206');
INSERT INTO `matriculas` (`aluno`, `disciplina`) VALUES ('5750', '10207');
INSERT INTO `matriculas` (`aluno`, `disciplina`) VALUES ('5751', '10239');
INSERT INTO `matriculas` (`aluno`, `disciplina`) VALUES ('5751', '10240');
INSERT INTO `matriculas` (`aluno`, `disciplina`) VALUES ('5751', '10241');
INSERT INTO `matriculas` (`aluno`, `disciplina`) VALUES ('5751', '10242');
INSERT INTO `matriculas` (`aluno`, `disciplina`) VALUES ('5751', '10243');
INSERT INTO `matriculas` (`aluno`, `disciplina`) VALUES ('5752', '10129');
INSERT INTO `matriculas` (`aluno`, `disciplina`) VALUES ('5752', '10130');
INSERT INTO `matriculas` (`aluno`, `disciplina`) VALUES ('5752', '10131');
INSERT INTO `matriculas` (`aluno`, `disciplina`) VALUES ('5752', '10132');
INSERT INTO `matriculas` (`aluno`, `disciplina`) VALUES ('5752', '10133');
INSERT INTO `matriculas` (`aluno`, `disciplina`) VALUES ('5755', '10161');
INSERT INTO `matriculas` (`aluno`, `disciplina`) VALUES ('5755', '10162');
INSERT INTO `matriculas` (`aluno`, `disciplina`) VALUES ('5755', '10163');
INSERT INTO `matriculas` (`aluno`, `disciplina`) VALUES ('5755', '10164');
INSERT INTO `matriculas` (`aluno`, `disciplina`) VALUES ('5755', '10165');
INSERT INTO `matriculas` (`aluno`, `disciplina`) VALUES ('5755', '10166');
INSERT INTO `matriculas` (`aluno`, `disciplina`) VALUES ('5757', '10161');
INSERT INTO `matriculas` (`aluno`, `disciplina`) VALUES ('5757', '10162');
INSERT INTO `matriculas` (`aluno`, `disciplina`) VALUES ('5757', '10163');
INSERT INTO `matriculas` (`aluno`, `disciplina`) VALUES ('5757', '10164');
INSERT INTO `matriculas` (`aluno`, `disciplina`) VALUES ('5757', '10165');
INSERT INTO `matriculas` (`aluno`, `disciplina`) VALUES ('5757', '10166');
INSERT INTO `matriculas` (`aluno`, `disciplina`) VALUES ('5760', '10239');
INSERT INTO `matriculas` (`aluno`, `disciplina`) VALUES ('5760', '10240');
INSERT INTO `matriculas` (`aluno`, `disciplina`) VALUES ('5760', '10241');
INSERT INTO `matriculas` (`aluno`, `disciplina`) VALUES ('5760', '10243');
INSERT INTO `matriculas` (`aluno`, `disciplina`) VALUES ('5760', '10247');
INSERT INTO `matriculas` (`aluno`, `disciplina`) VALUES ('5762', '10129');
INSERT INTO `matriculas` (`aluno`, `disciplina`) VALUES ('5762', '10130');
INSERT INTO `matriculas` (`aluno`, `disciplina`) VALUES ('5762', '10131');
INSERT INTO `matriculas` (`aluno`, `disciplina`) VALUES ('5762', '10132');
INSERT INTO `matriculas` (`aluno`, `disciplina`) VALUES ('5762', '10133');
INSERT INTO `matriculas` (`aluno`, `disciplina`) VALUES ('5763', '10129');
INSERT INTO `matriculas` (`aluno`, `disciplina`) VALUES ('5763', '10130');
INSERT INTO `matriculas` (`aluno`, `disciplina`) VALUES ('5763', '10131');
INSERT INTO `matriculas` (`aluno`, `disciplina`) VALUES ('5763', '10132');
INSERT INTO `matriculas` (`aluno`, `disciplina`) VALUES ('5763', '10133');
INSERT INTO `matriculas` (`aluno`, `disciplina`) VALUES ('5764', '10225');
INSERT INTO `matriculas` (`aluno`, `disciplina`) VALUES ('5764', '10226');
INSERT INTO `matriculas` (`aluno`, `disciplina`) VALUES ('5764', '10227');
INSERT INTO `matriculas` (`aluno`, `disciplina`) VALUES ('5764', '10228');
INSERT INTO `matriculas` (`aluno`, `disciplina`) VALUES ('5764', '10229');
INSERT INTO `matriculas` (`aluno`, `disciplina`) VALUES ('5766', '10161');
INSERT INTO `matriculas` (`aluno`, `disciplina`) VALUES ('5766', '10162');
INSERT INTO `matriculas` (`aluno`, `disciplina`) VALUES ('5766', '10163');
INSERT INTO `matriculas` (`aluno`, `disciplina`) VALUES ('5766', '10164');
INSERT INTO `matriculas` (`aluno`, `disciplina`) VALUES ('5766', '10165');
INSERT INTO `matriculas` (`aluno`, `disciplina`) VALUES ('5766', '10166');
INSERT INTO `matriculas` (`aluno`, `disciplina`) VALUES ('5767', '10202');
INSERT INTO `matriculas` (`aluno`, `disciplina`) VALUES ('5767', '10203');
INSERT INTO `matriculas` (`aluno`, `disciplina`) VALUES ('5767', '10204');
INSERT INTO `matriculas` (`aluno`, `disciplina`) VALUES ('5767', '10205');
INSERT INTO `matriculas` (`aluno`, `disciplina`) VALUES ('5767', '10206');
INSERT INTO `matriculas` (`aluno`, `disciplina`) VALUES ('5767', '10207');
INSERT INTO `matriculas` (`aluno`, `disciplina`) VALUES ('5768', '10202');
INSERT INTO `matriculas` (`aluno`, `disciplina`) VALUES ('5768', '10203');
INSERT INTO `matriculas` (`aluno`, `disciplina`) VALUES ('5768', '10204');
INSERT INTO `matriculas` (`aluno`, `disciplina`) VALUES ('5768', '10205');
INSERT INTO `matriculas` (`aluno`, `disciplina`) VALUES ('5768', '10206');
INSERT INTO `matriculas` (`aluno`, `disciplina`) VALUES ('5768', '10207');
INSERT INTO `matriculas` (`aluno`, `disciplina`) VALUES ('5770', '10225');
INSERT INTO `matriculas` (`aluno`, `disciplina`) VALUES ('5770', '10226');
INSERT INTO `matriculas` (`aluno`, `disciplina`) VALUES ('5770', '10227');
INSERT INTO `matriculas` (`aluno`, `disciplina`) VALUES ('5770', '10228');
INSERT INTO `matriculas` (`aluno`, `disciplina`) VALUES ('5770', '10229');
INSERT INTO `matriculas` (`aluno`, `disciplina`) VALUES ('5771', '10129');
INSERT INTO `matriculas` (`aluno`, `disciplina`) VALUES ('5771', '10130');
INSERT INTO `matriculas` (`aluno`, `disciplina`) VALUES ('5771', '10131');
INSERT INTO `matriculas` (`aluno`, `disciplina`) VALUES ('5771', '10132');
INSERT INTO `matriculas` (`aluno`, `disciplina`) VALUES ('5771', '10133');
INSERT INTO `matriculas` (`aluno`, `disciplina`) VALUES ('5773', '10129');
INSERT INTO `matriculas` (`aluno`, `disciplina`) VALUES ('5773', '10130');
INSERT INTO `matriculas` (`aluno`, `disciplina`) VALUES ('5773', '10131');
INSERT INTO `matriculas` (`aluno`, `disciplina`) VALUES ('5773', '10132');
INSERT INTO `matriculas` (`aluno`, `disciplina`) VALUES ('5773', '10133');
INSERT INTO `matriculas` (`aluno`, `disciplina`) VALUES ('5776', '10161');
INSERT INTO `matriculas` (`aluno`, `disciplina`) VALUES ('5776', '10162');
INSERT INTO `matriculas` (`aluno`, `disciplina`) VALUES ('5776', '10163');
INSERT INTO `matriculas` (`aluno`, `disciplina`) VALUES ('5776', '10164');
INSERT INTO `matriculas` (`aluno`, `disciplina`) VALUES ('5776', '10165');
INSERT INTO `matriculas` (`aluno`, `disciplina`) VALUES ('5776', '10166');
INSERT INTO `matriculas` (`aluno`, `disciplina`) VALUES ('5778', '10129');
INSERT INTO `matriculas` (`aluno`, `disciplina`) VALUES ('5778', '10130');
INSERT INTO `matriculas` (`aluno`, `disciplina`) VALUES ('5778', '10131');
INSERT INTO `matriculas` (`aluno`, `disciplina`) VALUES ('5778', '10132');
INSERT INTO `matriculas` (`aluno`, `disciplina`) VALUES ('5778', '10133');
INSERT INTO `matriculas` (`aluno`, `disciplina`) VALUES ('5779', '10225');
INSERT INTO `matriculas` (`aluno`, `disciplina`) VALUES ('5779', '10226');
INSERT INTO `matriculas` (`aluno`, `disciplina`) VALUES ('5779', '10227');
INSERT INTO `matriculas` (`aluno`, `disciplina`) VALUES ('5779', '10228');
INSERT INTO `matriculas` (`aluno`, `disciplina`) VALUES ('5779', '10229');
INSERT INTO `matriculas` (`aluno`, `disciplina`) VALUES ('5780', '10129');
INSERT INTO `matriculas` (`aluno`, `disciplina`) VALUES ('5780', '10130');
INSERT INTO `matriculas` (`aluno`, `disciplina`) VALUES ('5780', '10131');
INSERT INTO `matriculas` (`aluno`, `disciplina`) VALUES ('5780', '10132');
INSERT INTO `matriculas` (`aluno`, `disciplina`) VALUES ('5780', '10133');
INSERT INTO `matriculas` (`aluno`, `disciplina`) VALUES ('5781', '10202');
INSERT INTO `matriculas` (`aluno`, `disciplina`) VALUES ('5781', '10203');
INSERT INTO `matriculas` (`aluno`, `disciplina`) VALUES ('5781', '10204');
INSERT INTO `matriculas` (`aluno`, `disciplina`) VALUES ('5781', '10205');
INSERT INTO `matriculas` (`aluno`, `disciplina`) VALUES ('5781', '10206');
INSERT INTO `matriculas` (`aluno`, `disciplina`) VALUES ('5781', '10207');
INSERT INTO `matriculas` (`aluno`, `disciplina`) VALUES ('5783', '10202');
INSERT INTO `matriculas` (`aluno`, `disciplina`) VALUES ('5783', '10203');
INSERT INTO `matriculas` (`aluno`, `disciplina`) VALUES ('5783', '10204');
INSERT INTO `matriculas` (`aluno`, `disciplina`) VALUES ('5783', '10205');
INSERT INTO `matriculas` (`aluno`, `disciplina`) VALUES ('5783', '10206');
INSERT INTO `matriculas` (`aluno`, `disciplina`) VALUES ('5783', '10207');
INSERT INTO `matriculas` (`aluno`, `disciplina`) VALUES ('5784', '10202');
INSERT INTO `matriculas` (`aluno`, `disciplina`) VALUES ('5784', '10203');
INSERT INTO `matriculas` (`aluno`, `disciplina`) VALUES ('5784', '10204');
INSERT INTO `matriculas` (`aluno`, `disciplina`) VALUES ('5784', '10205');
INSERT INTO `matriculas` (`aluno`, `disciplina`) VALUES ('5784', '10206');
INSERT INTO `matriculas` (`aluno`, `disciplina`) VALUES ('5784', '10207');
INSERT INTO `matriculas` (`aluno`, `disciplina`) VALUES ('5785', '10161');
INSERT INTO `matriculas` (`aluno`, `disciplina`) VALUES ('5785', '10162');
INSERT INTO `matriculas` (`aluno`, `disciplina`) VALUES ('5785', '10163');
INSERT INTO `matriculas` (`aluno`, `disciplina`) VALUES ('5785', '10164');
INSERT INTO `matriculas` (`aluno`, `disciplina`) VALUES ('5785', '10165');
INSERT INTO `matriculas` (`aluno`, `disciplina`) VALUES ('5785', '10166');
INSERT INTO `matriculas` (`aluno`, `disciplina`) VALUES ('5786', '10168');
INSERT INTO `matriculas` (`aluno`, `disciplina`) VALUES ('5786', '10170');
INSERT INTO `matriculas` (`aluno`, `disciplina`) VALUES ('5786', '10171');
INSERT INTO `matriculas` (`aluno`, `disciplina`) VALUES ('5786', '10172');
INSERT INTO `matriculas` (`aluno`, `disciplina`) VALUES ('5786', '10173');
INSERT INTO `matriculas` (`aluno`, `disciplina`) VALUES ('5786', '10175');
INSERT INTO `matriculas` (`aluno`, `disciplina`) VALUES ('5787', '10202');
INSERT INTO `matriculas` (`aluno`, `disciplina`) VALUES ('5787', '10203');
INSERT INTO `matriculas` (`aluno`, `disciplina`) VALUES ('5787', '10204');
INSERT INTO `matriculas` (`aluno`, `disciplina`) VALUES ('5787', '10205');
INSERT INTO `matriculas` (`aluno`, `disciplina`) VALUES ('5787', '10206');
INSERT INTO `matriculas` (`aluno`, `disciplina`) VALUES ('5787', '10207');
INSERT INTO `matriculas` (`aluno`, `disciplina`) VALUES ('5788', '10225');
INSERT INTO `matriculas` (`aluno`, `disciplina`) VALUES ('5788', '10226');
INSERT INTO `matriculas` (`aluno`, `disciplina`) VALUES ('5788', '10227');
INSERT INTO `matriculas` (`aluno`, `disciplina`) VALUES ('5788', '10228');
INSERT INTO `matriculas` (`aluno`, `disciplina`) VALUES ('5788', '10229');
INSERT INTO `matriculas` (`aluno`, `disciplina`) VALUES ('5789', '10129');
INSERT INTO `matriculas` (`aluno`, `disciplina`) VALUES ('5789', '10130');
INSERT INTO `matriculas` (`aluno`, `disciplina`) VALUES ('5789', '10131');
INSERT INTO `matriculas` (`aluno`, `disciplina`) VALUES ('5789', '10132');
INSERT INTO `matriculas` (`aluno`, `disciplina`) VALUES ('5789', '10133');
INSERT INTO `matriculas` (`aluno`, `disciplina`) VALUES ('5790', '10168');
INSERT INTO `matriculas` (`aluno`, `disciplina`) VALUES ('5790', '10169');
INSERT INTO `matriculas` (`aluno`, `disciplina`) VALUES ('5790', '10170');
INSERT INTO `matriculas` (`aluno`, `disciplina`) VALUES ('5790', '10171');
INSERT INTO `matriculas` (`aluno`, `disciplina`) VALUES ('5790', '10172');
INSERT INTO `matriculas` (`aluno`, `disciplina`) VALUES ('5790', '10173');
INSERT INTO `matriculas` (`aluno`, `disciplina`) VALUES ('5793', '10161');
INSERT INTO `matriculas` (`aluno`, `disciplina`) VALUES ('5793', '10162');
INSERT INTO `matriculas` (`aluno`, `disciplina`) VALUES ('5793', '10163');
INSERT INTO `matriculas` (`aluno`, `disciplina`) VALUES ('5793', '10164');
INSERT INTO `matriculas` (`aluno`, `disciplina`) VALUES ('5793', '10165');
INSERT INTO `matriculas` (`aluno`, `disciplina`) VALUES ('5793', '10166');
INSERT INTO `matriculas` (`aluno`, `disciplina`) VALUES ('5794', '10161');
INSERT INTO `matriculas` (`aluno`, `disciplina`) VALUES ('5794', '10164');
INSERT INTO `matriculas` (`aluno`, `disciplina`) VALUES ('5794', '10165');
INSERT INTO `matriculas` (`aluno`, `disciplina`) VALUES ('5794', '10166');
INSERT INTO `matriculas` (`aluno`, `disciplina`) VALUES ('5797', '10161');
INSERT INTO `matriculas` (`aluno`, `disciplina`) VALUES ('5797', '10162');
INSERT INTO `matriculas` (`aluno`, `disciplina`) VALUES ('5797', '10163');
INSERT INTO `matriculas` (`aluno`, `disciplina`) VALUES ('5797', '10164');
INSERT INTO `matriculas` (`aluno`, `disciplina`) VALUES ('5797', '10165');
INSERT INTO `matriculas` (`aluno`, `disciplina`) VALUES ('5797', '10166');
INSERT INTO `matriculas` (`aluno`, `disciplina`) VALUES ('5798', '10239');
INSERT INTO `matriculas` (`aluno`, `disciplina`) VALUES ('5798', '10240');
INSERT INTO `matriculas` (`aluno`, `disciplina`) VALUES ('5798', '10241');
INSERT INTO `matriculas` (`aluno`, `disciplina`) VALUES ('5798', '10242');
INSERT INTO `matriculas` (`aluno`, `disciplina`) VALUES ('5798', '10243');
INSERT INTO `matriculas` (`aluno`, `disciplina`) VALUES ('5800', '10202');
INSERT INTO `matriculas` (`aluno`, `disciplina`) VALUES ('5800', '10203');
INSERT INTO `matriculas` (`aluno`, `disciplina`) VALUES ('5800', '10204');
INSERT INTO `matriculas` (`aluno`, `disciplina`) VALUES ('5800', '10205');
INSERT INTO `matriculas` (`aluno`, `disciplina`) VALUES ('5800', '10206');
INSERT INTO `matriculas` (`aluno`, `disciplina`) VALUES ('5800', '10207');
INSERT INTO `matriculas` (`aluno`, `disciplina`) VALUES ('5802', '10126');
INSERT INTO `matriculas` (`aluno`, `disciplina`) VALUES ('5802', '10130');
INSERT INTO `matriculas` (`aluno`, `disciplina`) VALUES ('5802', '10131');
INSERT INTO `matriculas` (`aluno`, `disciplina`) VALUES ('5802', '10132');
INSERT INTO `matriculas` (`aluno`, `disciplina`) VALUES ('5802', '10133');
INSERT INTO `matriculas` (`aluno`, `disciplina`) VALUES ('5803', '10129');
INSERT INTO `matriculas` (`aluno`, `disciplina`) VALUES ('5803', '10130');
INSERT INTO `matriculas` (`aluno`, `disciplina`) VALUES ('5803', '10131');
INSERT INTO `matriculas` (`aluno`, `disciplina`) VALUES ('5803', '10132');
INSERT INTO `matriculas` (`aluno`, `disciplina`) VALUES ('5803', '10133');
INSERT INTO `matriculas` (`aluno`, `disciplina`) VALUES ('5806', '10202');
INSERT INTO `matriculas` (`aluno`, `disciplina`) VALUES ('5806', '10203');
INSERT INTO `matriculas` (`aluno`, `disciplina`) VALUES ('5806', '10204');
INSERT INTO `matriculas` (`aluno`, `disciplina`) VALUES ('5806', '10205');
INSERT INTO `matriculas` (`aluno`, `disciplina`) VALUES ('5806', '10206');
INSERT INTO `matriculas` (`aluno`, `disciplina`) VALUES ('5806', '10207');
INSERT INTO `matriculas` (`aluno`, `disciplina`) VALUES ('5807', '10129');
INSERT INTO `matriculas` (`aluno`, `disciplina`) VALUES ('5807', '10130');
INSERT INTO `matriculas` (`aluno`, `disciplina`) VALUES ('5807', '10131');
INSERT INTO `matriculas` (`aluno`, `disciplina`) VALUES ('5807', '10132');
INSERT INTO `matriculas` (`aluno`, `disciplina`) VALUES ('5807', '10133');
INSERT INTO `matriculas` (`aluno`, `disciplina`) VALUES ('5810', '10225');
INSERT INTO `matriculas` (`aluno`, `disciplina`) VALUES ('5810', '10226');
INSERT INTO `matriculas` (`aluno`, `disciplina`) VALUES ('5810', '10227');
INSERT INTO `matriculas` (`aluno`, `disciplina`) VALUES ('5810', '10228');
INSERT INTO `matriculas` (`aluno`, `disciplina`) VALUES ('5810', '10229');
INSERT INTO `matriculas` (`aluno`, `disciplina`) VALUES ('5820', '10106');
INSERT INTO `matriculas` (`aluno`, `disciplina`) VALUES ('5820', '10111');
INSERT INTO `matriculas` (`aluno`, `disciplina`) VALUES ('5820', '10117');
INSERT INTO `matriculas` (`aluno`, `disciplina`) VALUES ('5820', '10119');
INSERT INTO `matriculas` (`aluno`, `disciplina`) VALUES ('5820', '10120');
INSERT INTO `matriculas` (`aluno`, `disciplina`) VALUES ('5830', '10129');
INSERT INTO `matriculas` (`aluno`, `disciplina`) VALUES ('5830', '10130');
INSERT INTO `matriculas` (`aluno`, `disciplina`) VALUES ('5830', '10131');
INSERT INTO `matriculas` (`aluno`, `disciplina`) VALUES ('5830', '10132');
INSERT INTO `matriculas` (`aluno`, `disciplina`) VALUES ('5830', '10133');
INSERT INTO `matriculas` (`aluno`, `disciplina`) VALUES ('5853', '10129');
INSERT INTO `matriculas` (`aluno`, `disciplina`) VALUES ('5853', '10130');
INSERT INTO `matriculas` (`aluno`, `disciplina`) VALUES ('5853', '10131');
INSERT INTO `matriculas` (`aluno`, `disciplina`) VALUES ('5853', '10132');
INSERT INTO `matriculas` (`aluno`, `disciplina`) VALUES ('5853', '10133');
INSERT INTO `matriculas` (`aluno`, `disciplina`) VALUES ('5861', '10118');
INSERT INTO `matriculas` (`aluno`, `disciplina`) VALUES ('5861', '10119');
INSERT INTO `matriculas` (`aluno`, `disciplina`) VALUES ('5861', '10120');
INSERT INTO `matriculas` (`aluno`, `disciplina`) VALUES ('5861', '10121');
INSERT INTO `matriculas` (`aluno`, `disciplina`) VALUES ('5863', '10168');
INSERT INTO `matriculas` (`aluno`, `disciplina`) VALUES ('5863', '10169');
INSERT INTO `matriculas` (`aluno`, `disciplina`) VALUES ('5863', '10171');
INSERT INTO `matriculas` (`aluno`, `disciplina`) VALUES ('5863', '10172');
INSERT INTO `matriculas` (`aluno`, `disciplina`) VALUES ('5863', '10173');
INSERT INTO `matriculas` (`aluno`, `disciplina`) VALUES ('5874', '10202');
INSERT INTO `matriculas` (`aluno`, `disciplina`) VALUES ('5874', '10203');
INSERT INTO `matriculas` (`aluno`, `disciplina`) VALUES ('5874', '10204');
INSERT INTO `matriculas` (`aluno`, `disciplina`) VALUES ('5874', '10205');
INSERT INTO `matriculas` (`aluno`, `disciplina`) VALUES ('5874', '10206');
INSERT INTO `matriculas` (`aluno`, `disciplina`) VALUES ('5874', '10207');
INSERT INTO `matriculas` (`aluno`, `disciplina`) VALUES ('5877', '10239');
INSERT INTO `matriculas` (`aluno`, `disciplina`) VALUES ('5877', '10240');
INSERT INTO `matriculas` (`aluno`, `disciplina`) VALUES ('5877', '10241');
INSERT INTO `matriculas` (`aluno`, `disciplina`) VALUES ('5877', '10242');
INSERT INTO `matriculas` (`aluno`, `disciplina`) VALUES ('5877', '10243');
INSERT INTO `matriculas` (`aluno`, `disciplina`) VALUES ('5880', '10168');
INSERT INTO `matriculas` (`aluno`, `disciplina`) VALUES ('5880', '10169');
INSERT INTO `matriculas` (`aluno`, `disciplina`) VALUES ('5880', '10171');
INSERT INTO `matriculas` (`aluno`, `disciplina`) VALUES ('5880', '10172');
INSERT INTO `matriculas` (`aluno`, `disciplina`) VALUES ('5880', '10173');
INSERT INTO `matriculas` (`aluno`, `disciplina`) VALUES ('5890', '10129');
INSERT INTO `matriculas` (`aluno`, `disciplina`) VALUES ('5890', '10130');
INSERT INTO `matriculas` (`aluno`, `disciplina`) VALUES ('5890', '10131');
INSERT INTO `matriculas` (`aluno`, `disciplina`) VALUES ('5890', '10132');
INSERT INTO `matriculas` (`aluno`, `disciplina`) VALUES ('5890', '10133');
INSERT INTO `matriculas` (`aluno`, `disciplina`) VALUES ('5891', '10168');
INSERT INTO `matriculas` (`aluno`, `disciplina`) VALUES ('5891', '10169');
INSERT INTO `matriculas` (`aluno`, `disciplina`) VALUES ('5891', '10170');
INSERT INTO `matriculas` (`aluno`, `disciplina`) VALUES ('5891', '10171');
INSERT INTO `matriculas` (`aluno`, `disciplina`) VALUES ('5891', '10172');
INSERT INTO `matriculas` (`aluno`, `disciplina`) VALUES ('5891', '10173');
INSERT INTO `matriculas` (`aluno`, `disciplina`) VALUES ('5892', '10161');
INSERT INTO `matriculas` (`aluno`, `disciplina`) VALUES ('5892', '10162');
INSERT INTO `matriculas` (`aluno`, `disciplina`) VALUES ('5892', '10163');
INSERT INTO `matriculas` (`aluno`, `disciplina`) VALUES ('5892', '10164');
INSERT INTO `matriculas` (`aluno`, `disciplina`) VALUES ('5892', '10165');
INSERT INTO `matriculas` (`aluno`, `disciplina`) VALUES ('5892', '10166');
INSERT INTO `matriculas` (`aluno`, `disciplina`) VALUES ('5898', '10103');
INSERT INTO `matriculas` (`aluno`, `disciplina`) VALUES ('5898', '10104');
INSERT INTO `matriculas` (`aluno`, `disciplina`) VALUES ('5898', '10105');
INSERT INTO `matriculas` (`aluno`, `disciplina`) VALUES ('5898', '10106');
INSERT INTO `matriculas` (`aluno`, `disciplina`) VALUES ('5898', '10107');
INSERT INTO `matriculas` (`aluno`, `disciplina`) VALUES ('5905', '10202');
INSERT INTO `matriculas` (`aluno`, `disciplina`) VALUES ('5905', '10203');
INSERT INTO `matriculas` (`aluno`, `disciplina`) VALUES ('5905', '10204');
INSERT INTO `matriculas` (`aluno`, `disciplina`) VALUES ('5905', '10206');
INSERT INTO `matriculas` (`aluno`, `disciplina`) VALUES ('5905', '10218');
INSERT INTO `matriculas` (`aluno`, `disciplina`) VALUES ('5907', '10225');
INSERT INTO `matriculas` (`aluno`, `disciplina`) VALUES ('5907', '10226');
INSERT INTO `matriculas` (`aluno`, `disciplina`) VALUES ('5907', '10227');
INSERT INTO `matriculas` (`aluno`, `disciplina`) VALUES ('5907', '10228');
INSERT INTO `matriculas` (`aluno`, `disciplina`) VALUES ('5907', '10229');
INSERT INTO `matriculas` (`aluno`, `disciplina`) VALUES ('5908', '10168');
INSERT INTO `matriculas` (`aluno`, `disciplina`) VALUES ('5908', '10169');
INSERT INTO `matriculas` (`aluno`, `disciplina`) VALUES ('5908', '10170');
INSERT INTO `matriculas` (`aluno`, `disciplina`) VALUES ('5908', '10171');
INSERT INTO `matriculas` (`aluno`, `disciplina`) VALUES ('5908', '10172');
INSERT INTO `matriculas` (`aluno`, `disciplina`) VALUES ('5908', '10173');
INSERT INTO `matriculas` (`aluno`, `disciplina`) VALUES ('5908', '10186');
INSERT INTO `matriculas` (`aluno`, `disciplina`) VALUES ('5911', '10239');
INSERT INTO `matriculas` (`aluno`, `disciplina`) VALUES ('5911', '10240');
INSERT INTO `matriculas` (`aluno`, `disciplina`) VALUES ('5911', '10241');
INSERT INTO `matriculas` (`aluno`, `disciplina`) VALUES ('5911', '10242');
INSERT INTO `matriculas` (`aluno`, `disciplina`) VALUES ('5911', '10243');
INSERT INTO `matriculas` (`aluno`, `disciplina`) VALUES ('5912', '10225');
INSERT INTO `matriculas` (`aluno`, `disciplina`) VALUES ('5912', '10226');
INSERT INTO `matriculas` (`aluno`, `disciplina`) VALUES ('5912', '10227');
INSERT INTO `matriculas` (`aluno`, `disciplina`) VALUES ('5912', '10228');
INSERT INTO `matriculas` (`aluno`, `disciplina`) VALUES ('5912', '10229');
INSERT INTO `matriculas` (`aluno`, `disciplina`) VALUES ('5913', '10129');
INSERT INTO `matriculas` (`aluno`, `disciplina`) VALUES ('5913', '10130');
INSERT INTO `matriculas` (`aluno`, `disciplina`) VALUES ('5913', '10131');
INSERT INTO `matriculas` (`aluno`, `disciplina`) VALUES ('5913', '10132');
INSERT INTO `matriculas` (`aluno`, `disciplina`) VALUES ('5913', '10133');
INSERT INTO `matriculas` (`aluno`, `disciplina`) VALUES ('5918', '10225');
INSERT INTO `matriculas` (`aluno`, `disciplina`) VALUES ('5918', '10226');
INSERT INTO `matriculas` (`aluno`, `disciplina`) VALUES ('5918', '10227');
INSERT INTO `matriculas` (`aluno`, `disciplina`) VALUES ('5918', '10228');
INSERT INTO `matriculas` (`aluno`, `disciplina`) VALUES ('5919', '10129');
INSERT INTO `matriculas` (`aluno`, `disciplina`) VALUES ('5919', '10130');
INSERT INTO `matriculas` (`aluno`, `disciplina`) VALUES ('5919', '10131');
INSERT INTO `matriculas` (`aluno`, `disciplina`) VALUES ('5919', '10132');
INSERT INTO `matriculas` (`aluno`, `disciplina`) VALUES ('5919', '10133');
INSERT INTO `matriculas` (`aluno`, `disciplina`) VALUES ('5921', '10168');
INSERT INTO `matriculas` (`aluno`, `disciplina`) VALUES ('5921', '10169');
INSERT INTO `matriculas` (`aluno`, `disciplina`) VALUES ('5921', '10170');
INSERT INTO `matriculas` (`aluno`, `disciplina`) VALUES ('5921', '10171');
INSERT INTO `matriculas` (`aluno`, `disciplina`) VALUES ('5921', '10172');
INSERT INTO `matriculas` (`aluno`, `disciplina`) VALUES ('5921', '10173');
INSERT INTO `matriculas` (`aluno`, `disciplina`) VALUES ('5922', '10129');
INSERT INTO `matriculas` (`aluno`, `disciplina`) VALUES ('5922', '10130');
INSERT INTO `matriculas` (`aluno`, `disciplina`) VALUES ('5922', '10131');
INSERT INTO `matriculas` (`aluno`, `disciplina`) VALUES ('5922', '10132');
INSERT INTO `matriculas` (`aluno`, `disciplina`) VALUES ('5922', '10133');
INSERT INTO `matriculas` (`aluno`, `disciplina`) VALUES ('5927', '10225');
INSERT INTO `matriculas` (`aluno`, `disciplina`) VALUES ('5927', '10226');
INSERT INTO `matriculas` (`aluno`, `disciplina`) VALUES ('5927', '10227');
INSERT INTO `matriculas` (`aluno`, `disciplina`) VALUES ('5927', '10228');
INSERT INTO `matriculas` (`aluno`, `disciplina`) VALUES ('5927', '10229');
INSERT INTO `matriculas` (`aluno`, `disciplina`) VALUES ('5928', '10202');
INSERT INTO `matriculas` (`aluno`, `disciplina`) VALUES ('5928', '10203');
INSERT INTO `matriculas` (`aluno`, `disciplina`) VALUES ('5928', '10204');
INSERT INTO `matriculas` (`aluno`, `disciplina`) VALUES ('5928', '10205');
INSERT INTO `matriculas` (`aluno`, `disciplina`) VALUES ('5928', '10206');
INSERT INTO `matriculas` (`aluno`, `disciplina`) VALUES ('5928', '10207');
INSERT INTO `matriculas` (`aluno`, `disciplina`) VALUES ('5929', '10225');
INSERT INTO `matriculas` (`aluno`, `disciplina`) VALUES ('5929', '10226');
INSERT INTO `matriculas` (`aluno`, `disciplina`) VALUES ('5929', '10227');
INSERT INTO `matriculas` (`aluno`, `disciplina`) VALUES ('5929', '10228');
INSERT INTO `matriculas` (`aluno`, `disciplina`) VALUES ('5929', '10229');
INSERT INTO `matriculas` (`aluno`, `disciplina`) VALUES ('5930', '10117');
INSERT INTO `matriculas` (`aluno`, `disciplina`) VALUES ('5930', '10119');
INSERT INTO `matriculas` (`aluno`, `disciplina`) VALUES ('5930', '10161');
INSERT INTO `matriculas` (`aluno`, `disciplina`) VALUES ('5930', '10162');
INSERT INTO `matriculas` (`aluno`, `disciplina`) VALUES ('5931', '10225');
INSERT INTO `matriculas` (`aluno`, `disciplina`) VALUES ('5931', '10226');
INSERT INTO `matriculas` (`aluno`, `disciplina`) VALUES ('5931', '10227');
INSERT INTO `matriculas` (`aluno`, `disciplina`) VALUES ('5931', '10228');
INSERT INTO `matriculas` (`aluno`, `disciplina`) VALUES ('5931', '10229');
INSERT INTO `matriculas` (`aluno`, `disciplina`) VALUES ('5933', '10225');
INSERT INTO `matriculas` (`aluno`, `disciplina`) VALUES ('5933', '10226');
INSERT INTO `matriculas` (`aluno`, `disciplina`) VALUES ('5933', '10227');
INSERT INTO `matriculas` (`aluno`, `disciplina`) VALUES ('5933', '10228');
INSERT INTO `matriculas` (`aluno`, `disciplina`) VALUES ('5933', '10229');
INSERT INTO `matriculas` (`aluno`, `disciplina`) VALUES ('5934', '10161');
INSERT INTO `matriculas` (`aluno`, `disciplina`) VALUES ('5934', '10162');
INSERT INTO `matriculas` (`aluno`, `disciplina`) VALUES ('5934', '10163');
INSERT INTO `matriculas` (`aluno`, `disciplina`) VALUES ('5934', '10164');
INSERT INTO `matriculas` (`aluno`, `disciplina`) VALUES ('5934', '10165');
INSERT INTO `matriculas` (`aluno`, `disciplina`) VALUES ('5934', '10166');
INSERT INTO `matriculas` (`aluno`, `disciplina`) VALUES ('5935', '10239');
INSERT INTO `matriculas` (`aluno`, `disciplina`) VALUES ('5935', '10240');
INSERT INTO `matriculas` (`aluno`, `disciplina`) VALUES ('5935', '10241');
INSERT INTO `matriculas` (`aluno`, `disciplina`) VALUES ('5935', '10242');
INSERT INTO `matriculas` (`aluno`, `disciplina`) VALUES ('5935', '10243');
INSERT INTO `matriculas` (`aluno`, `disciplina`) VALUES ('5938', '10239');
INSERT INTO `matriculas` (`aluno`, `disciplina`) VALUES ('5938', '10240');
INSERT INTO `matriculas` (`aluno`, `disciplina`) VALUES ('5938', '10241');
INSERT INTO `matriculas` (`aluno`, `disciplina`) VALUES ('5938', '10242');
INSERT INTO `matriculas` (`aluno`, `disciplina`) VALUES ('5938', '10243');
INSERT INTO `matriculas` (`aluno`, `disciplina`) VALUES ('5939', '10161');
INSERT INTO `matriculas` (`aluno`, `disciplina`) VALUES ('5939', '10162');
INSERT INTO `matriculas` (`aluno`, `disciplina`) VALUES ('5939', '10163');
INSERT INTO `matriculas` (`aluno`, `disciplina`) VALUES ('5939', '10164');
INSERT INTO `matriculas` (`aluno`, `disciplina`) VALUES ('5939', '10165');
INSERT INTO `matriculas` (`aluno`, `disciplina`) VALUES ('5939', '10166');
INSERT INTO `matriculas` (`aluno`, `disciplina`) VALUES ('5940', '10225');
INSERT INTO `matriculas` (`aluno`, `disciplina`) VALUES ('5940', '10226');
INSERT INTO `matriculas` (`aluno`, `disciplina`) VALUES ('5940', '10227');
INSERT INTO `matriculas` (`aluno`, `disciplina`) VALUES ('5940', '10228');
INSERT INTO `matriculas` (`aluno`, `disciplina`) VALUES ('5940', '10229');
INSERT INTO `matriculas` (`aluno`, `disciplina`) VALUES ('5943', '10168');
INSERT INTO `matriculas` (`aluno`, `disciplina`) VALUES ('5943', '10170');
INSERT INTO `matriculas` (`aluno`, `disciplina`) VALUES ('5943', '10172');
INSERT INTO `matriculas` (`aluno`, `disciplina`) VALUES ('5943', '10173');
INSERT INTO `matriculas` (`aluno`, `disciplina`) VALUES ('5944', '10225');
INSERT INTO `matriculas` (`aluno`, `disciplina`) VALUES ('5944', '10226');
INSERT INTO `matriculas` (`aluno`, `disciplina`) VALUES ('5944', '10227');
INSERT INTO `matriculas` (`aluno`, `disciplina`) VALUES ('5944', '10228');
INSERT INTO `matriculas` (`aluno`, `disciplina`) VALUES ('5944', '10229');
INSERT INTO `matriculas` (`aluno`, `disciplina`) VALUES ('5946', '10117');
INSERT INTO `matriculas` (`aluno`, `disciplina`) VALUES ('5946', '10118');
INSERT INTO `matriculas` (`aluno`, `disciplina`) VALUES ('5946', '10119');
INSERT INTO `matriculas` (`aluno`, `disciplina`) VALUES ('5946', '10120');
INSERT INTO `matriculas` (`aluno`, `disciplina`) VALUES ('5946', '10121');
INSERT INTO `matriculas` (`aluno`, `disciplina`) VALUES ('5949', '10161');
INSERT INTO `matriculas` (`aluno`, `disciplina`) VALUES ('5949', '10162');
INSERT INTO `matriculas` (`aluno`, `disciplina`) VALUES ('5949', '10163');
INSERT INTO `matriculas` (`aluno`, `disciplina`) VALUES ('5949', '10164');
INSERT INTO `matriculas` (`aluno`, `disciplina`) VALUES ('5949', '10165');
INSERT INTO `matriculas` (`aluno`, `disciplina`) VALUES ('5949', '10166');
INSERT INTO `matriculas` (`aluno`, `disciplina`) VALUES ('5951', '10202');
INSERT INTO `matriculas` (`aluno`, `disciplina`) VALUES ('5951', '10204');
INSERT INTO `matriculas` (`aluno`, `disciplina`) VALUES ('5951', '10205');
INSERT INTO `matriculas` (`aluno`, `disciplina`) VALUES ('5951', '10206');
INSERT INTO `matriculas` (`aluno`, `disciplina`) VALUES ('5951', '10207');
INSERT INTO `matriculas` (`aluno`, `disciplina`) VALUES ('5952', '10202');
INSERT INTO `matriculas` (`aluno`, `disciplina`) VALUES ('5952', '10203');
INSERT INTO `matriculas` (`aluno`, `disciplina`) VALUES ('5952', '10204');
INSERT INTO `matriculas` (`aluno`, `disciplina`) VALUES ('5952', '10205');
INSERT INTO `matriculas` (`aluno`, `disciplina`) VALUES ('5952', '10206');
INSERT INTO `matriculas` (`aluno`, `disciplina`) VALUES ('5952', '10207');
INSERT INTO `matriculas` (`aluno`, `disciplina`) VALUES ('5955', '10161');
INSERT INTO `matriculas` (`aluno`, `disciplina`) VALUES ('5955', '10162');
INSERT INTO `matriculas` (`aluno`, `disciplina`) VALUES ('5955', '10163');
INSERT INTO `matriculas` (`aluno`, `disciplina`) VALUES ('5955', '10164');
INSERT INTO `matriculas` (`aluno`, `disciplina`) VALUES ('5955', '10165');
INSERT INTO `matriculas` (`aluno`, `disciplina`) VALUES ('5955', '10166');
INSERT INTO `matriculas` (`aluno`, `disciplina`) VALUES ('5956', '10225');
INSERT INTO `matriculas` (`aluno`, `disciplina`) VALUES ('5956', '10226');
INSERT INTO `matriculas` (`aluno`, `disciplina`) VALUES ('5956', '10227');
INSERT INTO `matriculas` (`aluno`, `disciplina`) VALUES ('5956', '10228');
INSERT INTO `matriculas` (`aluno`, `disciplina`) VALUES ('5956', '10229');
INSERT INTO `matriculas` (`aluno`, `disciplina`) VALUES ('5958', '10202');
INSERT INTO `matriculas` (`aluno`, `disciplina`) VALUES ('5958', '10203');
INSERT INTO `matriculas` (`aluno`, `disciplina`) VALUES ('5958', '10204');
INSERT INTO `matriculas` (`aluno`, `disciplina`) VALUES ('5958', '10205');
INSERT INTO `matriculas` (`aluno`, `disciplina`) VALUES ('5958', '10206');
INSERT INTO `matriculas` (`aluno`, `disciplina`) VALUES ('5958', '10207');
INSERT INTO `matriculas` (`aluno`, `disciplina`) VALUES ('5960', '10161');
INSERT INTO `matriculas` (`aluno`, `disciplina`) VALUES ('5960', '10162');
INSERT INTO `matriculas` (`aluno`, `disciplina`) VALUES ('5960', '10163');
INSERT INTO `matriculas` (`aluno`, `disciplina`) VALUES ('5960', '10164');
INSERT INTO `matriculas` (`aluno`, `disciplina`) VALUES ('5960', '10165');
INSERT INTO `matriculas` (`aluno`, `disciplina`) VALUES ('5960', '10166');
INSERT INTO `matriculas` (`aluno`, `disciplina`) VALUES ('5967', '10161');
INSERT INTO `matriculas` (`aluno`, `disciplina`) VALUES ('5967', '10162');
INSERT INTO `matriculas` (`aluno`, `disciplina`) VALUES ('5967', '10163');
INSERT INTO `matriculas` (`aluno`, `disciplina`) VALUES ('5967', '10164');
INSERT INTO `matriculas` (`aluno`, `disciplina`) VALUES ('5967', '10165');
INSERT INTO `matriculas` (`aluno`, `disciplina`) VALUES ('5967', '10166');
INSERT INTO `matriculas` (`aluno`, `disciplina`) VALUES ('5968', '10208');
INSERT INTO `matriculas` (`aluno`, `disciplina`) VALUES ('5968', '10209');
INSERT INTO `matriculas` (`aluno`, `disciplina`) VALUES ('5968', '10210');
INSERT INTO `matriculas` (`aluno`, `disciplina`) VALUES ('5968', '10211');
INSERT INTO `matriculas` (`aluno`, `disciplina`) VALUES ('5968', '10218');
INSERT INTO `matriculas` (`aluno`, `disciplina`) VALUES ('5970', '10225');
INSERT INTO `matriculas` (`aluno`, `disciplina`) VALUES ('5970', '10226');
INSERT INTO `matriculas` (`aluno`, `disciplina`) VALUES ('5970', '10227');
INSERT INTO `matriculas` (`aluno`, `disciplina`) VALUES ('5970', '10228');
INSERT INTO `matriculas` (`aluno`, `disciplina`) VALUES ('5970', '10229');
INSERT INTO `matriculas` (`aluno`, `disciplina`) VALUES ('5971', '10202');
INSERT INTO `matriculas` (`aluno`, `disciplina`) VALUES ('5971', '10203');
INSERT INTO `matriculas` (`aluno`, `disciplina`) VALUES ('5971', '10204');
INSERT INTO `matriculas` (`aluno`, `disciplina`) VALUES ('5971', '10205');
INSERT INTO `matriculas` (`aluno`, `disciplina`) VALUES ('5971', '10206');
INSERT INTO `matriculas` (`aluno`, `disciplina`) VALUES ('5971', '10207');
INSERT INTO `matriculas` (`aluno`, `disciplina`) VALUES ('5973', '10225');
INSERT INTO `matriculas` (`aluno`, `disciplina`) VALUES ('5973', '10226');
INSERT INTO `matriculas` (`aluno`, `disciplina`) VALUES ('5973', '10227');
INSERT INTO `matriculas` (`aluno`, `disciplina`) VALUES ('5973', '10228');
INSERT INTO `matriculas` (`aluno`, `disciplina`) VALUES ('5973', '10229');
INSERT INTO `matriculas` (`aluno`, `disciplina`) VALUES ('5975', '10239');
INSERT INTO `matriculas` (`aluno`, `disciplina`) VALUES ('5975', '10240');
INSERT INTO `matriculas` (`aluno`, `disciplina`) VALUES ('5975', '10241');
INSERT INTO `matriculas` (`aluno`, `disciplina`) VALUES ('5975', '10242');
INSERT INTO `matriculas` (`aluno`, `disciplina`) VALUES ('5975', '10243');
INSERT INTO `matriculas` (`aluno`, `disciplina`) VALUES ('5976', '10118');
INSERT INTO `matriculas` (`aluno`, `disciplina`) VALUES ('5976', '10119');
INSERT INTO `matriculas` (`aluno`, `disciplina`) VALUES ('5976', '10120');
INSERT INTO `matriculas` (`aluno`, `disciplina`) VALUES ('5976', '10121');
INSERT INTO `matriculas` (`aluno`, `disciplina`) VALUES ('5977', '10118');
INSERT INTO `matriculas` (`aluno`, `disciplina`) VALUES ('5977', '10119');
INSERT INTO `matriculas` (`aluno`, `disciplina`) VALUES ('5977', '10120');
INSERT INTO `matriculas` (`aluno`, `disciplina`) VALUES ('5977', '10121');
INSERT INTO `matriculas` (`aluno`, `disciplina`) VALUES ('5979', '10225');
INSERT INTO `matriculas` (`aluno`, `disciplina`) VALUES ('5979', '10226');
INSERT INTO `matriculas` (`aluno`, `disciplina`) VALUES ('5979', '10227');
INSERT INTO `matriculas` (`aluno`, `disciplina`) VALUES ('5979', '10228');
INSERT INTO `matriculas` (`aluno`, `disciplina`) VALUES ('5979', '10229');
INSERT INTO `matriculas` (`aluno`, `disciplina`) VALUES ('5982', '10225');
INSERT INTO `matriculas` (`aluno`, `disciplina`) VALUES ('5982', '10226');
INSERT INTO `matriculas` (`aluno`, `disciplina`) VALUES ('5982', '10227');
INSERT INTO `matriculas` (`aluno`, `disciplina`) VALUES ('5982', '10228');
INSERT INTO `matriculas` (`aluno`, `disciplina`) VALUES ('5982', '10229');
INSERT INTO `matriculas` (`aluno`, `disciplina`) VALUES ('5983', '10168');
INSERT INTO `matriculas` (`aluno`, `disciplina`) VALUES ('5983', '10169');
INSERT INTO `matriculas` (`aluno`, `disciplina`) VALUES ('5983', '10170');
INSERT INTO `matriculas` (`aluno`, `disciplina`) VALUES ('5983', '10171');
INSERT INTO `matriculas` (`aluno`, `disciplina`) VALUES ('5983', '10172');
INSERT INTO `matriculas` (`aluno`, `disciplina`) VALUES ('5983', '10173');
INSERT INTO `matriculas` (`aluno`, `disciplina`) VALUES ('5983', '10186');
INSERT INTO `matriculas` (`aluno`, `disciplina`) VALUES ('6024', '10225');
INSERT INTO `matriculas` (`aluno`, `disciplina`) VALUES ('6024', '10226');
INSERT INTO `matriculas` (`aluno`, `disciplina`) VALUES ('6024', '10227');
INSERT INTO `matriculas` (`aluno`, `disciplina`) VALUES ('6024', '10228');
INSERT INTO `matriculas` (`aluno`, `disciplina`) VALUES ('6024', '10229');
INSERT INTO `matriculas` (`aluno`, `disciplina`) VALUES ('6025', '10239');
INSERT INTO `matriculas` (`aluno`, `disciplina`) VALUES ('6025', '10240');
INSERT INTO `matriculas` (`aluno`, `disciplina`) VALUES ('6025', '10241');
INSERT INTO `matriculas` (`aluno`, `disciplina`) VALUES ('6025', '10242');
INSERT INTO `matriculas` (`aluno`, `disciplina`) VALUES ('6025', '10243');
INSERT INTO `matriculas` (`aluno`, `disciplina`) VALUES ('6027', '10161');
INSERT INTO `matriculas` (`aluno`, `disciplina`) VALUES ('6027', '10162');
INSERT INTO `matriculas` (`aluno`, `disciplina`) VALUES ('6027', '10163');
INSERT INTO `matriculas` (`aluno`, `disciplina`) VALUES ('6027', '10164');
INSERT INTO `matriculas` (`aluno`, `disciplina`) VALUES ('6027', '10165');
INSERT INTO `matriculas` (`aluno`, `disciplina`) VALUES ('6027', '10166');
INSERT INTO `matriculas` (`aluno`, `disciplina`) VALUES ('6028', '10161');
INSERT INTO `matriculas` (`aluno`, `disciplina`) VALUES ('6028', '10162');
INSERT INTO `matriculas` (`aluno`, `disciplina`) VALUES ('6028', '10163');
INSERT INTO `matriculas` (`aluno`, `disciplina`) VALUES ('6028', '10164');
INSERT INTO `matriculas` (`aluno`, `disciplina`) VALUES ('6028', '10165');
INSERT INTO `matriculas` (`aluno`, `disciplina`) VALUES ('6028', '10166');
INSERT INTO `matriculas` (`aluno`, `disciplina`) VALUES ('6029', '10239');
INSERT INTO `matriculas` (`aluno`, `disciplina`) VALUES ('6029', '10240');
INSERT INTO `matriculas` (`aluno`, `disciplina`) VALUES ('6029', '10241');
INSERT INTO `matriculas` (`aluno`, `disciplina`) VALUES ('6029', '10242');
INSERT INTO `matriculas` (`aluno`, `disciplina`) VALUES ('6029', '10243');
INSERT INTO `matriculas` (`aluno`, `disciplina`) VALUES ('6030', '10168');
INSERT INTO `matriculas` (`aluno`, `disciplina`) VALUES ('6030', '10169');
INSERT INTO `matriculas` (`aluno`, `disciplina`) VALUES ('6030', '10171');
INSERT INTO `matriculas` (`aluno`, `disciplina`) VALUES ('6030', '10172');
INSERT INTO `matriculas` (`aluno`, `disciplina`) VALUES ('6030', '10173');
INSERT INTO `matriculas` (`aluno`, `disciplina`) VALUES ('6030', '10186');
INSERT INTO `matriculas` (`aluno`, `disciplina`) VALUES ('6032', '10202');
INSERT INTO `matriculas` (`aluno`, `disciplina`) VALUES ('6032', '10203');
INSERT INTO `matriculas` (`aluno`, `disciplina`) VALUES ('6032', '10204');
INSERT INTO `matriculas` (`aluno`, `disciplina`) VALUES ('6032', '10205');
INSERT INTO `matriculas` (`aluno`, `disciplina`) VALUES ('6032', '10206');
INSERT INTO `matriculas` (`aluno`, `disciplina`) VALUES ('6032', '10207');
INSERT INTO `matriculas` (`aluno`, `disciplina`) VALUES ('6033', '10202');
INSERT INTO `matriculas` (`aluno`, `disciplina`) VALUES ('6033', '10203');
INSERT INTO `matriculas` (`aluno`, `disciplina`) VALUES ('6033', '10204');
INSERT INTO `matriculas` (`aluno`, `disciplina`) VALUES ('6033', '10205');
INSERT INTO `matriculas` (`aluno`, `disciplina`) VALUES ('6033', '10206');
INSERT INTO `matriculas` (`aluno`, `disciplina`) VALUES ('6033', '10207');
INSERT INTO `matriculas` (`aluno`, `disciplina`) VALUES ('6034', '10202');
INSERT INTO `matriculas` (`aluno`, `disciplina`) VALUES ('6034', '10203');
INSERT INTO `matriculas` (`aluno`, `disciplina`) VALUES ('6034', '10204');
INSERT INTO `matriculas` (`aluno`, `disciplina`) VALUES ('6034', '10205');
INSERT INTO `matriculas` (`aluno`, `disciplina`) VALUES ('6034', '10206');
INSERT INTO `matriculas` (`aluno`, `disciplina`) VALUES ('6034', '10207');
INSERT INTO `matriculas` (`aluno`, `disciplina`) VALUES ('6036', '10202');
INSERT INTO `matriculas` (`aluno`, `disciplina`) VALUES ('6036', '10203');
INSERT INTO `matriculas` (`aluno`, `disciplina`) VALUES ('6036', '10204');
INSERT INTO `matriculas` (`aluno`, `disciplina`) VALUES ('6036', '10205');
INSERT INTO `matriculas` (`aluno`, `disciplina`) VALUES ('6036', '10206');
INSERT INTO `matriculas` (`aluno`, `disciplina`) VALUES ('6036', '10207');
INSERT INTO `matriculas` (`aluno`, `disciplina`) VALUES ('6037', '10225');
INSERT INTO `matriculas` (`aluno`, `disciplina`) VALUES ('6037', '10226');
INSERT INTO `matriculas` (`aluno`, `disciplina`) VALUES ('6037', '10227');
INSERT INTO `matriculas` (`aluno`, `disciplina`) VALUES ('6037', '10228');
INSERT INTO `matriculas` (`aluno`, `disciplina`) VALUES ('6037', '10234');
INSERT INTO `matriculas` (`aluno`, `disciplina`) VALUES ('6038', '10202');
INSERT INTO `matriculas` (`aluno`, `disciplina`) VALUES ('6038', '10204');
INSERT INTO `matriculas` (`aluno`, `disciplina`) VALUES ('6038', '10205');
INSERT INTO `matriculas` (`aluno`, `disciplina`) VALUES ('6038', '10206');
INSERT INTO `matriculas` (`aluno`, `disciplina`) VALUES ('6038', '10209');
INSERT INTO `matriculas` (`aluno`, `disciplina`) VALUES ('6038', '10212');
INSERT INTO `matriculas` (`aluno`, `disciplina`) VALUES ('6039', '10202');
INSERT INTO `matriculas` (`aluno`, `disciplina`) VALUES ('6039', '10204');
INSERT INTO `matriculas` (`aluno`, `disciplina`) VALUES ('6039', '10205');
INSERT INTO `matriculas` (`aluno`, `disciplina`) VALUES ('6039', '10206');
INSERT INTO `matriculas` (`aluno`, `disciplina`) VALUES ('6039', '10209');
INSERT INTO `matriculas` (`aluno`, `disciplina`) VALUES ('6039', '10212');
INSERT INTO `matriculas` (`aluno`, `disciplina`) VALUES ('6040', '10225');
INSERT INTO `matriculas` (`aluno`, `disciplina`) VALUES ('6040', '10226');
INSERT INTO `matriculas` (`aluno`, `disciplina`) VALUES ('6040', '10227');
INSERT INTO `matriculas` (`aluno`, `disciplina`) VALUES ('6040', '10228');
INSERT INTO `matriculas` (`aluno`, `disciplina`) VALUES ('6040', '10229');
INSERT INTO `matriculas` (`aluno`, `disciplina`) VALUES ('6041', '10161');
INSERT INTO `matriculas` (`aluno`, `disciplina`) VALUES ('6041', '10162');
INSERT INTO `matriculas` (`aluno`, `disciplina`) VALUES ('6041', '10163');
INSERT INTO `matriculas` (`aluno`, `disciplina`) VALUES ('6041', '10164');
INSERT INTO `matriculas` (`aluno`, `disciplina`) VALUES ('6041', '10165');
INSERT INTO `matriculas` (`aluno`, `disciplina`) VALUES ('6041', '10166');
INSERT INTO `matriculas` (`aluno`, `disciplina`) VALUES ('6043', '10129');
INSERT INTO `matriculas` (`aluno`, `disciplina`) VALUES ('6043', '10130');
INSERT INTO `matriculas` (`aluno`, `disciplina`) VALUES ('6043', '10131');
INSERT INTO `matriculas` (`aluno`, `disciplina`) VALUES ('6043', '10132');
INSERT INTO `matriculas` (`aluno`, `disciplina`) VALUES ('6043', '10133');
INSERT INTO `matriculas` (`aluno`, `disciplina`) VALUES ('6044', '10239');
INSERT INTO `matriculas` (`aluno`, `disciplina`) VALUES ('6044', '10240');
INSERT INTO `matriculas` (`aluno`, `disciplina`) VALUES ('6044', '10241');
INSERT INTO `matriculas` (`aluno`, `disciplina`) VALUES ('6044', '10243');
INSERT INTO `matriculas` (`aluno`, `disciplina`) VALUES ('6049', '10202');
INSERT INTO `matriculas` (`aluno`, `disciplina`) VALUES ('6049', '10203');
INSERT INTO `matriculas` (`aluno`, `disciplina`) VALUES ('6049', '10211');
INSERT INTO `matriculas` (`aluno`, `disciplina`) VALUES ('6049', '10218');
INSERT INTO `matriculas` (`aluno`, `disciplina`) VALUES ('6050', '10225');
INSERT INTO `matriculas` (`aluno`, `disciplina`) VALUES ('6050', '10226');
INSERT INTO `matriculas` (`aluno`, `disciplina`) VALUES ('6050', '10227');
INSERT INTO `matriculas` (`aluno`, `disciplina`) VALUES ('6050', '10228');
INSERT INTO `matriculas` (`aluno`, `disciplina`) VALUES ('6050', '10229');
INSERT INTO `matriculas` (`aluno`, `disciplina`) VALUES ('6051', '10129');
INSERT INTO `matriculas` (`aluno`, `disciplina`) VALUES ('6051', '10130');
INSERT INTO `matriculas` (`aluno`, `disciplina`) VALUES ('6051', '10131');
INSERT INTO `matriculas` (`aluno`, `disciplina`) VALUES ('6051', '10132');
INSERT INTO `matriculas` (`aluno`, `disciplina`) VALUES ('6051', '10133');
INSERT INTO `matriculas` (`aluno`, `disciplina`) VALUES ('6053', '10168');
INSERT INTO `matriculas` (`aluno`, `disciplina`) VALUES ('6053', '10169');
INSERT INTO `matriculas` (`aluno`, `disciplina`) VALUES ('6053', '10171');
INSERT INTO `matriculas` (`aluno`, `disciplina`) VALUES ('6053', '10172');
INSERT INTO `matriculas` (`aluno`, `disciplina`) VALUES ('6053', '10173');
INSERT INTO `matriculas` (`aluno`, `disciplina`) VALUES ('6054', '10225');
INSERT INTO `matriculas` (`aluno`, `disciplina`) VALUES ('6054', '10226');
INSERT INTO `matriculas` (`aluno`, `disciplina`) VALUES ('6054', '10227');
INSERT INTO `matriculas` (`aluno`, `disciplina`) VALUES ('6054', '10228');
INSERT INTO `matriculas` (`aluno`, `disciplina`) VALUES ('6054', '10229');
INSERT INTO `matriculas` (`aluno`, `disciplina`) VALUES ('6055', '10168');
INSERT INTO `matriculas` (`aluno`, `disciplina`) VALUES ('6055', '10169');
INSERT INTO `matriculas` (`aluno`, `disciplina`) VALUES ('6055', '10171');
INSERT INTO `matriculas` (`aluno`, `disciplina`) VALUES ('6055', '10172');
INSERT INTO `matriculas` (`aluno`, `disciplina`) VALUES ('6055', '10173');
INSERT INTO `matriculas` (`aluno`, `disciplina`) VALUES ('6055', '10186');
INSERT INTO `matriculas` (`aluno`, `disciplina`) VALUES ('6058', '10239');
INSERT INTO `matriculas` (`aluno`, `disciplina`) VALUES ('6058', '10240');
INSERT INTO `matriculas` (`aluno`, `disciplina`) VALUES ('6058', '10241');
INSERT INTO `matriculas` (`aluno`, `disciplina`) VALUES ('6058', '10242');
INSERT INTO `matriculas` (`aluno`, `disciplina`) VALUES ('6058', '10243');
INSERT INTO `matriculas` (`aluno`, `disciplina`) VALUES ('6059', '10162');
INSERT INTO `matriculas` (`aluno`, `disciplina`) VALUES ('6059', '10163');
INSERT INTO `matriculas` (`aluno`, `disciplina`) VALUES ('6059', '10164');
INSERT INTO `matriculas` (`aluno`, `disciplina`) VALUES ('6059', '10165');
INSERT INTO `matriculas` (`aluno`, `disciplina`) VALUES ('6059', '10166');
INSERT INTO `matriculas` (`aluno`, `disciplina`) VALUES ('6063', '10161');
INSERT INTO `matriculas` (`aluno`, `disciplina`) VALUES ('6063', '10162');
INSERT INTO `matriculas` (`aluno`, `disciplina`) VALUES ('6063', '10163');
INSERT INTO `matriculas` (`aluno`, `disciplina`) VALUES ('6063', '10164');
INSERT INTO `matriculas` (`aluno`, `disciplina`) VALUES ('6063', '10166');
INSERT INTO `matriculas` (`aluno`, `disciplina`) VALUES ('6064', '10203');
INSERT INTO `matriculas` (`aluno`, `disciplina`) VALUES ('6064', '10204');
INSERT INTO `matriculas` (`aluno`, `disciplina`) VALUES ('6064', '10205');
INSERT INTO `matriculas` (`aluno`, `disciplina`) VALUES ('6064', '10206');
INSERT INTO `matriculas` (`aluno`, `disciplina`) VALUES ('6064', '10207');
INSERT INTO `matriculas` (`aluno`, `disciplina`) VALUES ('6065', '10121');
INSERT INTO `matriculas` (`aluno`, `disciplina`) VALUES ('6067', '10225');
INSERT INTO `matriculas` (`aluno`, `disciplina`) VALUES ('6067', '10226');
INSERT INTO `matriculas` (`aluno`, `disciplina`) VALUES ('6067', '10227');
INSERT INTO `matriculas` (`aluno`, `disciplina`) VALUES ('6067', '10228');
INSERT INTO `matriculas` (`aluno`, `disciplina`) VALUES ('6067', '10229');
INSERT INTO `matriculas` (`aluno`, `disciplina`) VALUES ('6069', '10168');
INSERT INTO `matriculas` (`aluno`, `disciplina`) VALUES ('6069', '10169');
INSERT INTO `matriculas` (`aluno`, `disciplina`) VALUES ('6069', '10171');
INSERT INTO `matriculas` (`aluno`, `disciplina`) VALUES ('6069', '10172');
INSERT INTO `matriculas` (`aluno`, `disciplina`) VALUES ('6069', '10173');
INSERT INTO `matriculas` (`aluno`, `disciplina`) VALUES ('6070', '10129');
INSERT INTO `matriculas` (`aluno`, `disciplina`) VALUES ('6070', '10130');
INSERT INTO `matriculas` (`aluno`, `disciplina`) VALUES ('6070', '10131');
INSERT INTO `matriculas` (`aluno`, `disciplina`) VALUES ('6070', '10132');
INSERT INTO `matriculas` (`aluno`, `disciplina`) VALUES ('6071', '10202');
INSERT INTO `matriculas` (`aluno`, `disciplina`) VALUES ('6071', '10204');
INSERT INTO `matriculas` (`aluno`, `disciplina`) VALUES ('6071', '10205');
INSERT INTO `matriculas` (`aluno`, `disciplina`) VALUES ('6071', '10206');
INSERT INTO `matriculas` (`aluno`, `disciplina`) VALUES ('6071', '10209');
INSERT INTO `matriculas` (`aluno`, `disciplina`) VALUES ('6071', '10212');
INSERT INTO `matriculas` (`aluno`, `disciplina`) VALUES ('6079', '10103');
INSERT INTO `matriculas` (`aluno`, `disciplina`) VALUES ('6080', '10239');
INSERT INTO `matriculas` (`aluno`, `disciplina`) VALUES ('6080', '10240');
INSERT INTO `matriculas` (`aluno`, `disciplina`) VALUES ('6080', '10241');
INSERT INTO `matriculas` (`aluno`, `disciplina`) VALUES ('6080', '10242');
INSERT INTO `matriculas` (`aluno`, `disciplina`) VALUES ('6083', '10103');
INSERT INTO `matriculas` (`aluno`, `disciplina`) VALUES ('6086', '10225');
INSERT INTO `matriculas` (`aluno`, `disciplina`) VALUES ('6086', '10226');
INSERT INTO `matriculas` (`aluno`, `disciplina`) VALUES ('6086', '10227');
INSERT INTO `matriculas` (`aluno`, `disciplina`) VALUES ('6086', '10228');


#
# TABLE STRUCTURE FOR: periodo_letivo
#

DROP TABLE IF EXISTS `periodo_letivo`;

CREATE TABLE `periodo_letivo` (
  `id` int(11) NOT NULL AUTO_INCREMENT,
  `codigo_periodo` varchar(45) NOT NULL,
  PRIMARY KEY (`id`)
) ENGINE=InnoDB AUTO_INCREMENT=222 DEFAULT CHARSET=utf8;

INSERT INTO `periodo_letivo` (`id`, `codigo_periodo`) VALUES ('220', '2018/2');
INSERT INTO `periodo_letivo` (`id`, `codigo_periodo`) VALUES ('221', 'historico');


#
# TABLE STRUCTURE FOR: provas
#

DROP TABLE IF EXISTS `provas`;

CREATE TABLE `provas` (
  `id` int(11) NOT NULL AUTO_INCREMENT,
  `nome` varchar(45) NOT NULL,
  `criado_em` datetime NOT NULL DEFAULT CURRENT_TIMESTAMP,
  `aplicacao` datetime NOT NULL,
  `qtd_questoes` int(11) NOT NULL,
  `tipo_prova` varchar(45) NOT NULL,
  `nota` float NOT NULL,
  `professor` int(10) unsigned NOT NULL,
  `periodo_letivo` int(11) NOT NULL,
  `situacao` enum('ativo','inativo') DEFAULT 'ativo',
  PRIMARY KEY (`id`),
  KEY `professor_usuario_idx` (`professor`),
  KEY `fk_provas_periodo_letivo1_idx` (`periodo_letivo`),
  CONSTRAINT `fk_provas_periodo_letivo1` FOREIGN KEY (`periodo_letivo`) REFERENCES `periodo_letivo` (`id`) ON DELETE NO ACTION ON UPDATE NO ACTION,
  CONSTRAINT `prova_professor_usuario` FOREIGN KEY (`professor`) REFERENCES `usuarios` (`id`) ON DELETE NO ACTION ON UPDATE NO ACTION
) ENGINE=InnoDB AUTO_INCREMENT=5 DEFAULT CHARSET=utf8;

INSERT INTO `provas` (`id`, `nome`, `criado_em`, `aplicacao`, `qtd_questoes`, `tipo_prova`, `nota`, `professor`, `periodo_letivo`, `situacao`) VALUES ('2', 'Avaliação Global', '2018-11-14 21:03:40', '2018-11-19 21:00:00', '4', 'Avaliação global', '0', '482', '220', 'ativo');
INSERT INTO `provas` (`id`, `nome`, `criado_em`, `aplicacao`, `qtd_questoes`, `tipo_prova`, `nota`, `professor`, `periodo_letivo`, `situacao`) VALUES ('3', 'Avaliação Global', '2018-11-16 18:34:34', '2018-11-18 19:00:00', '5', 'Avaliação global', '0', '482', '220', 'ativo');
INSERT INTO `provas` (`id`, `nome`, `criado_em`, `aplicacao`, `qtd_questoes`, `tipo_prova`, `nota`, `professor`, `periodo_letivo`, `situacao`) VALUES ('4', 'Avaliação Global', '2018-11-17 17:08:14', '2018-11-17 17:08:00', '5', 'Semestral', '0', '482', '0', 'ativo');


#
# TABLE STRUCTURE FOR: questoes
#

DROP TABLE IF EXISTS `questoes`;

CREATE TABLE `questoes` (
  `id` int(10) unsigned NOT NULL AUTO_INCREMENT,
  `descricao` text NOT NULL,
  `criado_em` datetime NOT NULL DEFAULT CURRENT_TIMESTAMP,
  `disciplina` int(10) unsigned NOT NULL,
  `peso` float NOT NULL,
  `professor` int(10) unsigned NOT NULL,
  `imagem` varchar(200) DEFAULT NULL,
  `situacao` varchar(45) NOT NULL DEFAULT 'ativo',
  `periodo_letivo` int(11) NOT NULL,
  PRIMARY KEY (`id`),
  KEY `fk_questoes_disciplinas1_idx` (`disciplina`),
  KEY `professor_usuario_idx` (`professor`),
  KEY `fk_questoes_periodo_letivo1_idx` (`periodo_letivo`),
  CONSTRAINT `fk_questoes_disciplinas1` FOREIGN KEY (`disciplina`) REFERENCES `disciplinas` (`id`) ON DELETE NO ACTION ON UPDATE CASCADE,
  CONSTRAINT `fk_questoes_periodo_letivo1` FOREIGN KEY (`periodo_letivo`) REFERENCES `periodo_letivo` (`id`) ON DELETE NO ACTION ON UPDATE NO ACTION,
  CONSTRAINT `questao_professor_usuario` FOREIGN KEY (`professor`) REFERENCES `usuarios` (`id`) ON DELETE NO ACTION ON UPDATE NO ACTION
) ENGINE=InnoDB AUTO_INCREMENT=21 DEFAULT CHARSET=utf8;

INSERT INTO `questoes` (`id`, `descricao`, `criado_em`, `disciplina`, `peso`, `professor`, `imagem`, `situacao`, `periodo_letivo`) VALUES ('1', '&lt;p&gt;Teste&lt;/p&gt;\r\n', '2018-11-14 23:44:03', '10226', '0', '105', NULL, 'inativo', '0');
INSERT INTO `questoes` (`id`, `descricao`, `criado_em`, `disciplina`, `peso`, `professor`, `imagem`, `situacao`, `periodo_letivo`) VALUES ('2', '&lt;p&gt;Com rela&amp;ccedil;&amp;atilde;o &amp;agrave; auditoria de seguran&amp;ccedil;a de sistemas, assinale a alternativa&amp;nbsp;&lt;strong&gt;correta&lt;/strong&gt;.&lt;/p&gt;', '2018-11-15 19:11:14', '10235', '0', '482', NULL, 'ativo', '220');
INSERT INTO `questoes` (`id`, `descricao`, `criado_em`, `disciplina`, `peso`, `professor`, `imagem`, `situacao`, `periodo_letivo`) VALUES ('3', '&lt;p&gt;Com rela&amp;ccedil;&amp;atilde;o &amp;agrave; autentica&amp;ccedil;&amp;atilde;o de usu&amp;aacute;rios nas redes de computadores, assinale a alternativa&amp;nbsp;&lt;strong&gt;correta&lt;/strong&gt;.&lt;/p&gt;', '2018-11-15 19:12:28', '10235', '0', '482', NULL, 'ativo', '220');
INSERT INTO `questoes` (`id`, `descricao`, `criado_em`, `disciplina`, `peso`, `professor`, `imagem`, `situacao`, `periodo_letivo`) VALUES ('4', '&lt;p&gt;Assinale a alternativa que indica&amp;nbsp;&lt;strong&gt;corretamente&lt;/strong&gt;&amp;nbsp;dois tipos de aplicativos maliciosos capazes de se propagar automaticamente, explorando vulnerabilidades existentes ou falhas na configura&amp;ccedil;&amp;atilde;o de softwares instalados em um computador.&lt;/p&gt;', '2018-11-15 19:13:20', '10235', '0', '482', NULL, 'ativo', '220');
INSERT INTO `questoes` (`id`, `descricao`, `criado_em`, `disciplina`, `peso`, `professor`, `imagem`, `situacao`, `periodo_letivo`) VALUES ('5', '&lt;p&gt;Em rela&amp;ccedil;&amp;atilde;o aos crimes eletr&amp;ocirc;nicos e aos fundamentos da investiga&amp;ccedil;&amp;atilde;o criminal, julgue as afirmativas abaixo.&amp;nbsp;&lt;br /&gt;\r\n&lt;br /&gt;\r\n1. Os crimes digitais envolvem as condutas criminosas cometidas com o uso das tecnologias de informa&amp;ccedil;&amp;atilde;o e comunica&amp;ccedil;&amp;atilde;o e aquelas nos quais o objeto da a&amp;ccedil;&amp;atilde;o criminosa &amp;eacute; o pr&amp;oacute;prio sistema inform&amp;aacute;tico.&amp;nbsp;&lt;br /&gt;\r\n&lt;br /&gt;\r\n2. Os delitos inform&amp;aacute;ticos pr&amp;oacute;prios s&amp;atilde;o aqueles praticados diretamente pelo agente, sem a participa&amp;ccedil;&amp;atilde;o de nenhum outro indiv&amp;iacute;duo.&amp;nbsp;&lt;br /&gt;\r\n&lt;br /&gt;\r\n3. Em raz&amp;atilde;o do princ&amp;iacute;pio da tipicidade penal, enquanto n&amp;atilde;o for aprovada a lei de crimes digitais, ningu&amp;eacute;m pode ser condenado por pr&amp;aacute;tica de atividades il&amp;iacute;citas atrav&amp;eacute;s da Internet.&amp;nbsp;&lt;br /&gt;\r\n&lt;br /&gt;\r\n4. Pode ser considerado um delito inform&amp;aacute;tico impr&amp;oacute;prio o crime de estelionato praticado, dentre outros artif&amp;iacute;cios, atrav&amp;eacute;s da t&amp;eacute;cnica de&amp;nbsp;&lt;em&gt;phishing&lt;/em&gt;.&amp;nbsp;&lt;br /&gt;\r\n&lt;br /&gt;\r\n5. Enquanto n&amp;atilde;o for expressamente prevista em lei, a difus&amp;atilde;o de c&amp;oacute;digo malicioso, sem que haja a comprova&amp;ccedil;&amp;atilde;o de dano, n&amp;atilde;o pode ser considerada como crime.&amp;nbsp;&lt;br /&gt;\r\n&lt;br /&gt;\r\nAssinale a alternativa que indica todas as afirmativas&amp;nbsp;&lt;strong&gt;corretas&lt;/strong&gt;.&lt;/p&gt;', '2018-11-15 19:16:09', '10235', '0', '482', NULL, 'ativo', '220');
INSERT INTO `questoes` (`id`, `descricao`, `criado_em`, `disciplina`, `peso`, `professor`, `imagem`, `situacao`, `periodo_letivo`) VALUES ('6', '&lt;p&gt;Em rela&amp;ccedil;&amp;atilde;o &amp;agrave;s t&amp;eacute;cnicas de computa&amp;ccedil;&amp;atilde;o forense, assinale a alternativa&amp;nbsp;&lt;strong&gt;correta&lt;/strong&gt;.&lt;/p&gt;', '2018-11-15 19:17:16', '10235', '0', '482', NULL, 'ativo', '220');
INSERT INTO `questoes` (`id`, `descricao`, `criado_em`, `disciplina`, `peso`, `professor`, `imagem`, `situacao`, `periodo_letivo`) VALUES ('7', '&lt;p&gt;A defini&amp;ccedil;&amp;atilde;o da &amp;#39;miss&amp;atilde;o da empresa&amp;#39;, isto &amp;eacute;, o estabelecimento da raz&amp;atilde;o de exist&amp;ecirc;ncia da organiza&amp;ccedil;&amp;atilde;o, caracteriza- se como um dos passos para a elabora&amp;ccedil;&amp;atilde;o do planejamento estrat&amp;eacute;gico, pois,&lt;/p&gt;', '2018-11-15 19:23:13', '10236', '0', '482', NULL, 'ativo', '220');
INSERT INTO `questoes` (`id`, `descricao`, `criado_em`, `disciplina`, `peso`, `professor`, `imagem`, `situacao`, `periodo_letivo`) VALUES ('8', '&lt;p&gt;O Empreendedor &amp;eacute; a pessoa que consegue fazer as coisas acontecerem, pois &amp;eacute; dotado de sensibilidade para os neg&amp;oacute;cios, com habilidade financeira e capacidade para identificar oportunidades.&lt;/p&gt;\r\n\r\n&lt;p&gt;Assinale a alternativa CORRETA em rela&amp;ccedil;&amp;atilde;o &amp;agrave;s habilidades e aos recursos que ele pode e deve fazer.&lt;/p&gt;', '2018-11-15 19:25:13', '10236', '0', '482', NULL, 'ativo', '220');
INSERT INTO `questoes` (`id`, `descricao`, `criado_em`, `disciplina`, `peso`, `professor`, `imagem`, `situacao`, `periodo_letivo`) VALUES ('9', '&lt;p&gt;No contexto do empreendedorismo, o esp&amp;iacute;rito empreendedor, aspecto esse relacionado ao indiv&amp;iacute;duo que empreende, &amp;eacute; compreendido como uma s&amp;eacute;rie de aspectos e qualidades que se complementam e que n&amp;atilde;o podem existir separadamente. Assim, valendo-se da explica&amp;ccedil;&amp;atilde;o, analise as alternativas abaixo sobre quais s&amp;atilde;o as tr&amp;ecirc;s caracter&amp;iacute;sticas b&amp;aacute;sicas que identificam o espirito empreendedor. Analise as afirmativas a seguir.&lt;/p&gt;\r\n\r\n&lt;p&gt;I. Necessidade de realiza&amp;ccedil;&amp;atilde;o.&lt;/p&gt;\r\n\r\n&lt;p&gt;&amp;nbsp;II. Disposi&amp;ccedil;&amp;atilde;o para assumir riscos.&lt;/p&gt;\r\n\r\n&lt;p&gt;III. Autoconfian&amp;ccedil;a.&lt;/p&gt;\r\n\r\n&lt;p&gt;IV. Percep&amp;ccedil;&amp;atilde;o de Mercado.&lt;/p&gt;\r\n\r\n&lt;p&gt;V. Experi&amp;ecirc;ncia.&lt;/p&gt;\r\n\r\n&lt;p&gt;&amp;nbsp;Marque a alternativa CORRETA.&lt;/p&gt;', '2018-11-15 19:26:04', '10236', '0', '482', NULL, 'ativo', '220');
INSERT INTO `questoes` (`id`, `descricao`, `criado_em`, `disciplina`, `peso`, `professor`, `imagem`, `situacao`, `periodo_letivo`) VALUES ('10', '&lt;p&gt;A an&amp;aacute;lise da estrutura de uma ind&amp;uacute;stria envolve a compreens&amp;atilde;o de alguns conceitos importantes que determinam a forma como as empresas se organizam e os principais fatores que definem a capacidade de competi&amp;ccedil;&amp;atilde;o de uma empresa no mercado. Assinale a afirmativa CORRETA em rela&amp;ccedil;&amp;atilde;o aos conceitos.&lt;/p&gt;', '2018-11-15 19:28:10', '10236', '0', '482', NULL, 'ativo', '220');
INSERT INTO `questoes` (`id`, `descricao`, `criado_em`, `disciplina`, `peso`, `professor`, `imagem`, `situacao`, `periodo_letivo`) VALUES ('11', '&lt;p&gt;As empresas est&amp;atilde;o sempre tentando melhorar a efici&amp;ecirc;ncia de suas opera&amp;ccedil;&amp;otilde;es a fim de obterem mais lucratividade. Das ferramentas que os administradores disp&amp;otilde;em, as tecnologias e os sistemas de informa&amp;ccedil;&amp;atilde;o est&amp;atilde;o entre as mais importantes para atingirem altos n&amp;iacute;veis de efici&amp;ecirc;ncia e produtividade nas opera&amp;ccedil;&amp;otilde;es. Sobre os sistemas de informa&amp;ccedil;&amp;atilde;o, podemos considerar que&lt;/p&gt;', '2018-11-15 19:29:58', '10236', '0', '482', NULL, 'ativo', '220');
INSERT INTO `questoes` (`id`, `descricao`, `criado_em`, `disciplina`, `peso`, `professor`, `imagem`, `situacao`, `periodo_letivo`) VALUES ('12', '&lt;p&gt;Os ERP &amp;minus; Enterprise Resource Planning &amp;minus; s&amp;atilde;o sistemas de informa&amp;ccedil;&amp;atilde;o estruturalmente do tipo&lt;/p&gt;', '2018-11-15 19:33:28', '10238', '0', '482', NULL, 'ativo', '220');
INSERT INTO `questoes` (`id`, `descricao`, `criado_em`, `disciplina`, `peso`, `professor`, `imagem`, `situacao`, `periodo_letivo`) VALUES ('13', '&lt;p&gt;A respeito dos sistemas de informa&amp;ccedil;&amp;otilde;es para recursos humanos, classiﬁque as alternativas a seguir em [E] para os itens referentes a sistemas estrat&amp;eacute;gicos, [T] para os itens referentes a sistemas t&amp;aacute;ticos e [O] para os itens referentes a sistemas operacionais.&amp;nbsp;&lt;br /&gt;\r\n( ) recrutamento&amp;nbsp;&lt;br /&gt;\r\n( ) an&amp;aacute;lise de rotatividade&amp;nbsp;&lt;br /&gt;\r\n( ) controle de folha de pagamento&amp;nbsp;&lt;br /&gt;\r\n( ) planejamento de sucess&amp;atilde;o&amp;nbsp;&lt;br /&gt;\r\n( ) eﬁc&amp;aacute;cia do treinamento&lt;br /&gt;\r\n&lt;br /&gt;\r\nIndique a op&amp;ccedil;&amp;atilde;o correta.&lt;/p&gt;', '2018-11-15 19:34:46', '10238', '0', '482', NULL, 'ativo', '220');
INSERT INTO `questoes` (`id`, `descricao`, `criado_em`, `disciplina`, `peso`, `professor`, `imagem`, `situacao`, `periodo_letivo`) VALUES ('14', '&lt;p&gt;Quais s&amp;atilde;o os referenciais para os usu&amp;aacute;rios finais de uma empresa?&lt;/p&gt;', '2018-11-15 19:37:53', '10238', '0', '482', NULL, 'ativo', '220');
INSERT INTO `questoes` (`id`, `descricao`, `criado_em`, `disciplina`, `peso`, `professor`, `imagem`, `situacao`, `periodo_letivo`) VALUES ('15', '&lt;p&gt;Quais s&amp;atilde;o os componentes de um Sistema de Informa&amp;ccedil;&amp;atilde;o?&lt;/p&gt;', '2018-11-15 19:38:57', '10238', '0', '482', NULL, 'ativo', '220');
INSERT INTO `questoes` (`id`, `descricao`, `criado_em`, `disciplina`, `peso`, `professor`, `imagem`, `situacao`, `periodo_letivo`) VALUES ('16', '&lt;p&gt;O que &amp;eacute; um Sistema de Informa&amp;ccedil;&amp;atilde;o?&lt;/p&gt;', '2018-11-15 19:40:52', '10238', '0', '482', NULL, 'ativo', '220');
INSERT INTO `questoes` (`id`, `descricao`, `criado_em`, `disciplina`, `peso`, `professor`, `imagem`, `situacao`, `periodo_letivo`) VALUES ('17', '&lt;p&gt;teste&lt;/p&gt;\r\n', '2018-11-18 13:42:39', '10248', '0', '198', NULL, 'ativo', '0');
INSERT INTO `questoes` (`id`, `descricao`, `criado_em`, `disciplina`, `peso`, `professor`, `imagem`, `situacao`, `periodo_letivo`) VALUES ('18', '&lt;p&gt;teste&lt;/p&gt;', '2018-11-18 13:56:28', '10248', '0', '198', NULL, 'ativo', '0');
INSERT INTO `questoes` (`id`, `descricao`, `criado_em`, `disciplina`, `peso`, `professor`, `imagem`, `situacao`, `periodo_letivo`) VALUES ('19', '&lt;p&gt;teste&lt;/p&gt;', '2018-11-18 13:56:44', '10240', '0', '198', NULL, 'ativo', '220');
INSERT INTO `questoes` (`id`, `descricao`, `criado_em`, `disciplina`, `peso`, `professor`, `imagem`, `situacao`, `periodo_letivo`) VALUES ('20', '&lt;p&gt;teste&lt;/p&gt;', '2018-11-18 13:56:55', '10244', '0', '198', NULL, 'ativo', '220');


#
# TABLE STRUCTURE FOR: respostas
#

DROP TABLE IF EXISTS `respostas`;

CREATE TABLE `respostas` (
  `item_prova` int(10) unsigned NOT NULL,
  `alternativa` int(11) NOT NULL,
  `criado_em` datetime NOT NULL DEFAULT CURRENT_TIMESTAMP,
  `aluno` int(10) unsigned NOT NULL,
  PRIMARY KEY (`item_prova`),
  KEY `fk_prova_respondida_itens_prova1_idx` (`item_prova`),
  KEY `fk_prova_respondida_alternativas1_idx` (`alternativa`),
  KEY `fk_respostas_usuarios1_idx` (`aluno`),
  CONSTRAINT `fk_prova_respondida_alternativas1` FOREIGN KEY (`alternativa`) REFERENCES `alternativas` (`id`) ON UPDATE CASCADE,
  CONSTRAINT `fk_prova_respondida_itens_prova1` FOREIGN KEY (`item_prova`) REFERENCES `itens_prova` (`id`) ON UPDATE CASCADE,
  CONSTRAINT `fk_respostas_usuarios1` FOREIGN KEY (`aluno`) REFERENCES `usuarios` (`id`) ON DELETE NO ACTION ON UPDATE NO ACTION
) ENGINE=InnoDB DEFAULT CHARSET=utf8;

INSERT INTO `respostas` (`item_prova`, `alternativa`, `criado_em`, `aluno`) VALUES ('1', '16', '2018-11-19 20:40:07', '4964');
INSERT INTO `respostas` (`item_prova`, `alternativa`, `criado_em`, `aluno`) VALUES ('2', '14', '2018-11-19 20:12:53', '4964');
INSERT INTO `respostas` (`item_prova`, `alternativa`, `criado_em`, `aluno`) VALUES ('3', '27', '2018-11-19 19:32:11', '4964');
INSERT INTO `respostas` (`item_prova`, `alternativa`, `criado_em`, `aluno`) VALUES ('4', '27', '2018-11-19 20:13:03', '4964');
INSERT INTO `respostas` (`item_prova`, `alternativa`, `criado_em`, `aluno`) VALUES ('5', '40', '2018-11-19 20:45:04', '4964');
INSERT INTO `respostas` (`item_prova`, `alternativa`, `criado_em`, `aluno`) VALUES ('6', '47', '2018-11-19 19:32:19', '4964');
INSERT INTO `respostas` (`item_prova`, `alternativa`, `criado_em`, `aluno`) VALUES ('7', '40', '2018-11-19 20:39:58', '4964');
INSERT INTO `respostas` (`item_prova`, `alternativa`, `criado_em`, `aluno`) VALUES ('8', '31', '2018-11-19 20:13:06', '4964');
INSERT INTO `respostas` (`item_prova`, `alternativa`, `criado_em`, `aluno`) VALUES ('9', '38', '2018-11-19 20:13:07', '4964');
INSERT INTO `respostas` (`item_prova`, `alternativa`, `criado_em`, `aluno`) VALUES ('10', '62', '2018-11-19 20:45:13', '4964');
INSERT INTO `respostas` (`item_prova`, `alternativa`, `criado_em`, `aluno`) VALUES ('11', '66', '2018-11-19 20:39:24', '4964');
INSERT INTO `respostas` (`item_prova`, `alternativa`, `criado_em`, `aluno`) VALUES ('12', '54', '2018-11-19 19:32:21', '4964');
INSERT INTO `respostas` (`item_prova`, `alternativa`, `criado_em`, `aluno`) VALUES ('13', '68', '2018-11-19 20:13:14', '4964');
INSERT INTO `respostas` (`item_prova`, `alternativa`, `criado_em`, `aluno`) VALUES ('14', '73', '2018-11-19 20:13:15', '4964');
INSERT INTO `respostas` (`item_prova`, `alternativa`, `criado_em`, `aluno`) VALUES ('15', '62', '2018-11-19 20:39:32', '4964');
INSERT INTO `respostas` (`item_prova`, `alternativa`, `criado_em`, `aluno`) VALUES ('26', '37', '2018-11-17 17:16:32', '4936');
INSERT INTO `respostas` (`item_prova`, `alternativa`, `criado_em`, `aluno`) VALUES ('27', '48', '2018-11-17 17:16:37', '4936');
INSERT INTO `respostas` (`item_prova`, `alternativa`, `criado_em`, `aluno`) VALUES ('28', '40', '2018-11-17 17:16:35', '4936');
INSERT INTO `respostas` (`item_prova`, `alternativa`, `criado_em`, `aluno`) VALUES ('29', '34', '2018-11-17 17:16:21', '4936');
INSERT INTO `respostas` (`item_prova`, `alternativa`, `criado_em`, `aluno`) VALUES ('51', '64', '2018-11-17 17:16:43', '4936');
INSERT INTO `respostas` (`item_prova`, `alternativa`, `criado_em`, `aluno`) VALUES ('52', '59', '2018-11-17 17:16:39', '4936');
INSERT INTO `respostas` (`item_prova`, `alternativa`, `criado_em`, `aluno`) VALUES ('53', '56', '2018-11-17 17:16:38', '4936');
INSERT INTO `respostas` (`item_prova`, `alternativa`, `criado_em`, `aluno`) VALUES ('54', '68', '2018-11-17 17:16:44', '4936');
INSERT INTO `respostas` (`item_prova`, `alternativa`, `criado_em`, `aluno`) VALUES ('55', '75', '2018-11-17 17:16:45', '4936');
INSERT INTO `respostas` (`item_prova`, `alternativa`, `criado_em`, `aluno`) VALUES ('226', '83', '2018-11-18 14:05:13', '5303');
INSERT INTO `respostas` (`item_prova`, `alternativa`, `criado_em`, `aluno`) VALUES ('227', '78', '2018-11-18 14:05:15', '5303');
INSERT INTO `respostas` (`item_prova`, `alternativa`, `criado_em`, `aluno`) VALUES ('228', '81', '2018-11-18 14:05:16', '5303');


#
# TABLE STRUCTURE FOR: sessoes
#

DROP TABLE IF EXISTS `sessoes`;

CREATE TABLE `sessoes` (
  `id` int(10) unsigned NOT NULL AUTO_INCREMENT,
  `usuario` int(10) unsigned NOT NULL,
  `inicio` datetime NOT NULL DEFAULT CURRENT_TIMESTAMP,
  `termino` datetime DEFAULT NULL,
  PRIMARY KEY (`id`),
  KEY `usuario_idx` (`usuario`),
  CONSTRAINT `usuario` FOREIGN KEY (`usuario`) REFERENCES `usuarios` (`id`) ON DELETE NO ACTION ON UPDATE NO ACTION
) ENGINE=InnoDB AUTO_INCREMENT=32 DEFAULT CHARSET=utf8;

INSERT INTO `sessoes` (`id`, `usuario`, `inicio`, `termino`) VALUES ('1', '4964', '2018-11-16 19:03:32', '2018-11-19 20:46:02');
INSERT INTO `sessoes` (`id`, `usuario`, `inicio`, `termino`) VALUES ('2', '4964', '2018-11-16 19:03:56', '2018-11-19 20:46:02');
INSERT INTO `sessoes` (`id`, `usuario`, `inicio`, `termino`) VALUES ('3', '4964', '2018-11-17 17:08:28', '2018-11-19 20:46:02');
INSERT INTO `sessoes` (`id`, `usuario`, `inicio`, `termino`) VALUES ('4', '4936', '2018-11-17 17:09:33', '2018-11-17 17:16:48');
INSERT INTO `sessoes` (`id`, `usuario`, `inicio`, `termino`) VALUES ('5', '4446', '2018-11-17 23:17:36', NULL);
INSERT INTO `sessoes` (`id`, `usuario`, `inicio`, `termino`) VALUES ('6', '4446', '2018-11-17 23:17:36', NULL);
INSERT INTO `sessoes` (`id`, `usuario`, `inicio`, `termino`) VALUES ('7', '4446', '2018-11-17 23:17:36', NULL);
INSERT INTO `sessoes` (`id`, `usuario`, `inicio`, `termino`) VALUES ('8', '4446', '2018-11-17 23:17:36', NULL);
INSERT INTO `sessoes` (`id`, `usuario`, `inicio`, `termino`) VALUES ('9', '4446', '2018-11-17 23:17:36', NULL);
INSERT INTO `sessoes` (`id`, `usuario`, `inicio`, `termino`) VALUES ('10', '4446', '2018-11-17 23:17:37', NULL);
INSERT INTO `sessoes` (`id`, `usuario`, `inicio`, `termino`) VALUES ('11', '4446', '2018-11-17 23:17:37', NULL);
INSERT INTO `sessoes` (`id`, `usuario`, `inicio`, `termino`) VALUES ('12', '4446', '2018-11-17 23:17:37', NULL);
INSERT INTO `sessoes` (`id`, `usuario`, `inicio`, `termino`) VALUES ('13', '4446', '2018-11-17 23:17:37', NULL);
INSERT INTO `sessoes` (`id`, `usuario`, `inicio`, `termino`) VALUES ('14', '4420', '2018-11-17 23:18:43', NULL);
INSERT INTO `sessoes` (`id`, `usuario`, `inicio`, `termino`) VALUES ('15', '4420', '2018-11-17 23:18:43', NULL);
INSERT INTO `sessoes` (`id`, `usuario`, `inicio`, `termino`) VALUES ('16', '4420', '2018-11-17 23:18:44', NULL);
INSERT INTO `sessoes` (`id`, `usuario`, `inicio`, `termino`) VALUES ('17', '4420', '2018-11-17 23:18:44', NULL);
INSERT INTO `sessoes` (`id`, `usuario`, `inicio`, `termino`) VALUES ('18', '4420', '2018-11-17 23:18:44', NULL);
INSERT INTO `sessoes` (`id`, `usuario`, `inicio`, `termino`) VALUES ('19', '4420', '2018-11-17 23:18:44', NULL);
INSERT INTO `sessoes` (`id`, `usuario`, `inicio`, `termino`) VALUES ('20', '4420', '2018-11-17 23:18:45', NULL);
INSERT INTO `sessoes` (`id`, `usuario`, `inicio`, `termino`) VALUES ('21', '4420', '2018-11-17 23:18:45', NULL);
INSERT INTO `sessoes` (`id`, `usuario`, `inicio`, `termino`) VALUES ('22', '4420', '2018-11-17 23:18:45', NULL);
INSERT INTO `sessoes` (`id`, `usuario`, `inicio`, `termino`) VALUES ('23', '5303', '2018-11-18 14:04:26', '2018-11-18 14:05:20');
INSERT INTO `sessoes` (`id`, `usuario`, `inicio`, `termino`) VALUES ('24', '4964', '2018-11-19 18:56:25', '2018-11-19 20:46:02');
INSERT INTO `sessoes` (`id`, `usuario`, `inicio`, `termino`) VALUES ('25', '4964', '2018-11-19 19:03:46', '2018-11-19 20:46:02');
INSERT INTO `sessoes` (`id`, `usuario`, `inicio`, `termino`) VALUES ('26', '4964', '2018-11-19 19:09:32', '2018-11-19 20:46:02');
INSERT INTO `sessoes` (`id`, `usuario`, `inicio`, `termino`) VALUES ('27', '4964', '2018-11-19 19:18:11', '2018-11-19 20:46:02');
INSERT INTO `sessoes` (`id`, `usuario`, `inicio`, `termino`) VALUES ('28', '4964', '2018-11-19 19:18:41', '2018-11-19 20:46:02');
INSERT INTO `sessoes` (`id`, `usuario`, `inicio`, `termino`) VALUES ('29', '4964', '2018-11-19 20:04:22', '2018-11-19 20:46:02');
INSERT INTO `sessoes` (`id`, `usuario`, `inicio`, `termino`) VALUES ('30', '4964', '2018-11-19 20:06:39', '2018-11-19 20:46:02');
INSERT INTO `sessoes` (`id`, `usuario`, `inicio`, `termino`) VALUES ('31', '4964', '2018-11-19 20:44:57', '2018-11-19 20:46:02');


#
# TABLE STRUCTURE FOR: usuarios
#

DROP TABLE IF EXISTS `usuarios`;

CREATE TABLE `usuarios` (
  `id` int(10) unsigned NOT NULL AUTO_INCREMENT,
  `nome` varchar(75) NOT NULL,
  `codigo` varchar(4) NOT NULL,
  `senha` varchar(200) NOT NULL,
  `contexto` enum('aluno','professor','administrador') DEFAULT 'aluno',
  `situacao` enum('ativo','inativo') DEFAULT 'ativo',
  PRIMARY KEY (`id`)
) ENGINE=InnoDB AUTO_INCREMENT=6087 DEFAULT CHARSET=utf8;

INSERT INTO `usuarios` (`id`, `nome`, `codigo`, `senha`, `contexto`, `situacao`) VALUES ('50', 'SONIA MARI  CIMA', '50', '$2y$10$X2Vp/ZOTkn8mtAFbiJV4aOS5OkJPGdzDtbKuaLT/VPSBKQUyVc6gm', 'professor', 'ativo');
INSERT INTO `usuarios` (`id`, `nome`, `codigo`, `senha`, `contexto`, `situacao`) VALUES ('53', 'GIOVANI CARLOS VANI', '53', '$2y$10$X2Vp/ZOTkn8mtAFbiJV4aOS5OkJPGdzDtbKuaLT/VPSBKQUyVc6gm', 'professor', 'ativo');
INSERT INTO `usuarios` (`id`, `nome`, `codigo`, `senha`, `contexto`, `situacao`) VALUES ('63', 'ÉLIO HEIMANN', '63', '$2y$10$X2Vp/ZOTkn8mtAFbiJV4aOS5OkJPGdzDtbKuaLT/VPSBKQUyVc6gm', 'professor', 'ativo');
INSERT INTO `usuarios` (`id`, `nome`, `codigo`, `senha`, `contexto`, `situacao`) VALUES ('66', 'MARIA SALETE TORRES', '66', '$2y$10$X2Vp/ZOTkn8mtAFbiJV4aOS5OkJPGdzDtbKuaLT/VPSBKQUyVc6gm', 'professor', 'ativo');
INSERT INTO `usuarios` (`id`, `nome`, `codigo`, `senha`, `contexto`, `situacao`) VALUES ('101', 'MARCIA COSEL FIEBIG', '101', '$2y$10$X2Vp/ZOTkn8mtAFbiJV4aOS5OkJPGdzDtbKuaLT/VPSBKQUyVc6gm', 'professor', 'ativo');
INSERT INTO `usuarios` (`id`, `nome`, `codigo`, `senha`, `contexto`, `situacao`) VALUES ('105', 'DANIEL MENIN TORTELLI', '105', '$2y$10$X2Vp/ZOTkn8mtAFbiJV4aOS5OkJPGdzDtbKuaLT/VPSBKQUyVc6gm', 'professor', 'ativo');
INSERT INTO `usuarios` (`id`, `nome`, `codigo`, `senha`, `contexto`, `situacao`) VALUES ('109', 'LOURDES RAQUEL DONADEL', '109', '$2y$10$X2Vp/ZOTkn8mtAFbiJV4aOS5OkJPGdzDtbKuaLT/VPSBKQUyVc6gm', 'professor', 'ativo');
INSERT INTO `usuarios` (`id`, `nome`, `codigo`, `senha`, `contexto`, `situacao`) VALUES ('118', 'FABRICIO JOSÉ BRUSTOLIN', '118', '$2y$10$X2Vp/ZOTkn8mtAFbiJV4aOS5OkJPGdzDtbKuaLT/VPSBKQUyVc6gm', 'professor', 'ativo');
INSERT INTO `usuarios` (`id`, `nome`, `codigo`, `senha`, `contexto`, `situacao`) VALUES ('120', 'FLAVIA DALLA COSTA', '120', '$2y$10$X2Vp/ZOTkn8mtAFbiJV4aOS5OkJPGdzDtbKuaLT/VPSBKQUyVc6gm', 'professor', 'ativo');
INSERT INTO `usuarios` (`id`, `nome`, `codigo`, `senha`, `contexto`, `situacao`) VALUES ('123', 'FABRICIO EDSON  SANTIN', '123', '$2y$10$X2Vp/ZOTkn8mtAFbiJV4aOS5OkJPGdzDtbKuaLT/VPSBKQUyVc6gm', 'professor', 'ativo');
INSERT INTO `usuarios` (`id`, `nome`, `codigo`, `senha`, `contexto`, `situacao`) VALUES ('125', 'FERNANDA ZANIN MOTA CORREA', '125', '$2y$10$X2Vp/ZOTkn8mtAFbiJV4aOS5OkJPGdzDtbKuaLT/VPSBKQUyVc6gm', 'professor', 'ativo');
INSERT INTO `usuarios` (`id`, `nome`, `codigo`, `senha`, `contexto`, `situacao`) VALUES ('154', 'PAULO HENRIQUE FASSINA', '154', '$2y$10$X2Vp/ZOTkn8mtAFbiJV4aOS5OkJPGdzDtbKuaLT/VPSBKQUyVc6gm', 'professor', 'ativo');
INSERT INTO `usuarios` (`id`, `nome`, `codigo`, `senha`, `contexto`, `situacao`) VALUES ('168', 'DULCIMAR JOSE JULKOVSKI', '168', '$2y$10$X2Vp/ZOTkn8mtAFbiJV4aOS5OkJPGdzDtbKuaLT/VPSBKQUyVc6gm', 'professor', 'ativo');
INSERT INTO `usuarios` (`id`, `nome`, `codigo`, `senha`, `contexto`, `situacao`) VALUES ('172', 'FABIANO  TADEU GRAZIOLI', '172', '$2y$10$X2Vp/ZOTkn8mtAFbiJV4aOS5OkJPGdzDtbKuaLT/VPSBKQUyVc6gm', 'professor', 'ativo');
INSERT INTO `usuarios` (`id`, `nome`, `codigo`, `senha`, `contexto`, `situacao`) VALUES ('185', 'UILIAM SKOMRA', '185', '$2y$10$X2Vp/ZOTkn8mtAFbiJV4aOS5OkJPGdzDtbKuaLT/VPSBKQUyVc6gm', 'aluno', 'ativo');
INSERT INTO `usuarios` (`id`, `nome`, `codigo`, `senha`, `contexto`, `situacao`) VALUES ('198', 'SUZANA FUNK', '198', '$2y$10$X2Vp/ZOTkn8mtAFbiJV4aOS5OkJPGdzDtbKuaLT/VPSBKQUyVc6gm', 'professor', 'ativo');
INSERT INTO `usuarios` (`id`, `nome`, `codigo`, `senha`, `contexto`, `situacao`) VALUES ('202', 'MARCOS  ANDRE LUCAS', '202', '$2y$10$X2Vp/ZOTkn8mtAFbiJV4aOS5OkJPGdzDtbKuaLT/VPSBKQUyVc6gm', 'professor', 'ativo');
INSERT INTO `usuarios` (`id`, `nome`, `codigo`, `senha`, `contexto`, `situacao`) VALUES ('216', 'RAFAEL SOTTILI TESTA', '216', '$2y$10$X2Vp/ZOTkn8mtAFbiJV4aOS5OkJPGdzDtbKuaLT/VPSBKQUyVc6gm', 'professor', 'ativo');
INSERT INTO `usuarios` (`id`, `nome`, `codigo`, `senha`, `contexto`, `situacao`) VALUES ('255', 'CASSIANO TIAGO LUMI', '255', '$2y$10$X2Vp/ZOTkn8mtAFbiJV4aOS5OkJPGdzDtbKuaLT/VPSBKQUyVc6gm', 'professor', 'ativo');
INSERT INTO `usuarios` (`id`, `nome`, `codigo`, `senha`, `contexto`, `situacao`) VALUES ('258', 'HUMBERTO DE PELLEGRINI', '258', '$2y$10$X2Vp/ZOTkn8mtAFbiJV4aOS5OkJPGdzDtbKuaLT/VPSBKQUyVc6gm', 'professor', 'ativo');
INSERT INTO `usuarios` (`id`, `nome`, `codigo`, `senha`, `contexto`, `situacao`) VALUES ('259', 'ELIANE FÁTIMA SAMUEL DO NASCIMENTO', '259', '$2y$10$X2Vp/ZOTkn8mtAFbiJV4aOS5OkJPGdzDtbKuaLT/VPSBKQUyVc6gm', 'professor', 'ativo');
INSERT INTO `usuarios` (`id`, `nome`, `codigo`, `senha`, `contexto`, `situacao`) VALUES ('284', 'ANDERSON PAULO POLESE', '284', '$2y$10$X2Vp/ZOTkn8mtAFbiJV4aOS5OkJPGdzDtbKuaLT/VPSBKQUyVc6gm', 'professor', 'ativo');
INSERT INTO `usuarios` (`id`, `nome`, `codigo`, `senha`, `contexto`, `situacao`) VALUES ('285', 'RODRIGO ESPIUCA DOS ANJOS SIQUEIRA', '285', '$2y$10$X2Vp/ZOTkn8mtAFbiJV4aOS5OkJPGdzDtbKuaLT/VPSBKQUyVc6gm', 'professor', 'ativo');
INSERT INTO `usuarios` (`id`, `nome`, `codigo`, `senha`, `contexto`, `situacao`) VALUES ('287', 'HELEN DA SILVA TEIXEIRA', '287', '$2y$10$X2Vp/ZOTkn8mtAFbiJV4aOS5OkJPGdzDtbKuaLT/VPSBKQUyVc6gm', 'professor', 'ativo');
INSERT INTO `usuarios` (`id`, `nome`, `codigo`, `senha`, `contexto`, `situacao`) VALUES ('291', 'CLAUDIA SEIBT', '291', '$2y$10$X2Vp/ZOTkn8mtAFbiJV4aOS5OkJPGdzDtbKuaLT/VPSBKQUyVc6gm', 'professor', 'ativo');
INSERT INTO `usuarios` (`id`, `nome`, `codigo`, `senha`, `contexto`, `situacao`) VALUES ('296', 'Reginaldo José Bolis', '296', '$2y$10$X2Vp/ZOTkn8mtAFbiJV4aOS5OkJPGdzDtbKuaLT/VPSBKQUyVc6gm', 'professor', 'ativo');
INSERT INTO `usuarios` (`id`, `nome`, `codigo`, `senha`, `contexto`, `situacao`) VALUES ('364', 'LUCIANO MORAES NETO', '364', '$2y$10$X2Vp/ZOTkn8mtAFbiJV4aOS5OkJPGdzDtbKuaLT/VPSBKQUyVc6gm', 'professor', 'ativo');
INSERT INTO `usuarios` (`id`, `nome`, `codigo`, `senha`, `contexto`, `situacao`) VALUES ('370', 'DOLORES MARIA LONGHI', '370', '$2y$10$X2Vp/ZOTkn8mtAFbiJV4aOS5OkJPGdzDtbKuaLT/VPSBKQUyVc6gm', 'professor', 'ativo');
INSERT INTO `usuarios` (`id`, `nome`, `codigo`, `senha`, `contexto`, `situacao`) VALUES ('406', 'HERCIO MENEGOTTO FERRARO NETO', '406', '$2y$10$X2Vp/ZOTkn8mtAFbiJV4aOS5OkJPGdzDtbKuaLT/VPSBKQUyVc6gm', 'professor', 'ativo');
INSERT INTO `usuarios` (`id`, `nome`, `codigo`, `senha`, `contexto`, `situacao`) VALUES ('433', 'ROGÉRIO CIOTTI', '433', '$2y$10$X2Vp/ZOTkn8mtAFbiJV4aOS5OkJPGdzDtbKuaLT/VPSBKQUyVc6gm', 'professor', 'ativo');
INSERT INTO `usuarios` (`id`, `nome`, `codigo`, `senha`, `contexto`, `situacao`) VALUES ('456', 'ALINE MIGUELA BARCELOS TELES', '456', '$2y$10$X2Vp/ZOTkn8mtAFbiJV4aOS5OkJPGdzDtbKuaLT/VPSBKQUyVc6gm', 'aluno', 'ativo');
INSERT INTO `usuarios` (`id`, `nome`, `codigo`, `senha`, `contexto`, `situacao`) VALUES ('482', 'Admin', '1234', '$2y$10$X2Vp/ZOTkn8mtAFbiJV4aOS5OkJPGdzDtbKuaLT/VPSBKQUyVc6gm', 'administrador', 'ativo');
INSERT INTO `usuarios` (`id`, `nome`, `codigo`, `senha`, `contexto`, `situacao`) VALUES ('505', 'CARLOS ROBERTO BOELTER', '505', '$2y$10$X2Vp/ZOTkn8mtAFbiJV4aOS5OkJPGdzDtbKuaLT/VPSBKQUyVc6gm', 'professor', 'ativo');
INSERT INTO `usuarios` (`id`, `nome`, `codigo`, `senha`, `contexto`, `situacao`) VALUES ('507', 'SIMONE LEHNHART VARGAS', '507', '$2y$10$X2Vp/ZOTkn8mtAFbiJV4aOS5OkJPGdzDtbKuaLT/VPSBKQUyVc6gm', 'professor', 'ativo');
INSERT INTO `usuarios` (`id`, `nome`, `codigo`, `senha`, `contexto`, `situacao`) VALUES ('537', 'JUCILÉIA GIACOMIN', '537', '$2y$10$X2Vp/ZOTkn8mtAFbiJV4aOS5OkJPGdzDtbKuaLT/VPSBKQUyVc6gm', 'professor', 'ativo');
INSERT INTO `usuarios` (`id`, `nome`, `codigo`, `senha`, `contexto`, `situacao`) VALUES ('558', 'CARLOS EDUARDO SOARES VAZ', '558', '$2y$10$X2Vp/ZOTkn8mtAFbiJV4aOS5OkJPGdzDtbKuaLT/VPSBKQUyVc6gm', 'professor', 'ativo');
INSERT INTO `usuarios` (`id`, `nome`, `codigo`, `senha`, `contexto`, `situacao`) VALUES ('562', 'GIOVANA LIOTTO', '562', '$2y$10$X2Vp/ZOTkn8mtAFbiJV4aOS5OkJPGdzDtbKuaLT/VPSBKQUyVc6gm', 'professor', 'ativo');
INSERT INTO `usuarios` (`id`, `nome`, `codigo`, `senha`, `contexto`, `situacao`) VALUES ('564', 'CRISTIAN MATEUS VOGT', '564', '$2y$10$X2Vp/ZOTkn8mtAFbiJV4aOS5OkJPGdzDtbKuaLT/VPSBKQUyVc6gm', 'professor', 'ativo');
INSERT INTO `usuarios` (`id`, `nome`, `codigo`, `senha`, `contexto`, `situacao`) VALUES ('580', 'ÉDERSON TIAGO SZLACHTA', '580', '$2y$10$X2Vp/ZOTkn8mtAFbiJV4aOS5OkJPGdzDtbKuaLT/VPSBKQUyVc6gm', 'professor', 'ativo');
INSERT INTO `usuarios` (`id`, `nome`, `codigo`, `senha`, `contexto`, `situacao`) VALUES ('589', 'DANIELE VANESSA KLOSINSKI', '589', '$2y$10$X2Vp/ZOTkn8mtAFbiJV4aOS5OkJPGdzDtbKuaLT/VPSBKQUyVc6gm', 'professor', 'ativo');
INSERT INTO `usuarios` (`id`, `nome`, `codigo`, `senha`, `contexto`, `situacao`) VALUES ('611', 'TIAGO ANTONIO CEZNE', '611', '$2y$10$X2Vp/ZOTkn8mtAFbiJV4aOS5OkJPGdzDtbKuaLT/VPSBKQUyVc6gm', 'professor', 'ativo');
INSERT INTO `usuarios` (`id`, `nome`, `codigo`, `senha`, `contexto`, `situacao`) VALUES ('612', 'JULIANA RAQUEL JABOINSKI', '612', '$2y$10$X2Vp/ZOTkn8mtAFbiJV4aOS5OkJPGdzDtbKuaLT/VPSBKQUyVc6gm', 'professor', 'ativo');
INSERT INTO `usuarios` (`id`, `nome`, `codigo`, `senha`, `contexto`, `situacao`) VALUES ('627', 'RODRIGO GARCEZ', '627', '$2y$10$X2Vp/ZOTkn8mtAFbiJV4aOS5OkJPGdzDtbKuaLT/VPSBKQUyVc6gm', 'professor', 'ativo');
INSERT INTO `usuarios` (`id`, `nome`, `codigo`, `senha`, `contexto`, `situacao`) VALUES ('631', 'CAROLINE OLIVEIRA BIS', '631', '$2y$10$X2Vp/ZOTkn8mtAFbiJV4aOS5OkJPGdzDtbKuaLT/VPSBKQUyVc6gm', 'professor', 'ativo');
INSERT INTO `usuarios` (`id`, `nome`, `codigo`, `senha`, `contexto`, `situacao`) VALUES ('1022', 'CLAUDIA MANTOVANI BRZEZINSKI', '1022', '$2y$10$X2Vp/ZOTkn8mtAFbiJV4aOS5OkJPGdzDtbKuaLT/VPSBKQUyVc6gm', 'aluno', 'ativo');
INSERT INTO `usuarios` (`id`, `nome`, `codigo`, `senha`, `contexto`, `situacao`) VALUES ('1060', 'SOLANGE TORRES', '1060', '$2y$10$X2Vp/ZOTkn8mtAFbiJV4aOS5OkJPGdzDtbKuaLT/VPSBKQUyVc6gm', 'aluno', 'ativo');
INSERT INTO `usuarios` (`id`, `nome`, `codigo`, `senha`, `contexto`, `situacao`) VALUES ('1162', 'CHALINE COLLET DE QUADROS', '1162', '$2y$10$X2Vp/ZOTkn8mtAFbiJV4aOS5OkJPGdzDtbKuaLT/VPSBKQUyVc6gm', 'aluno', 'ativo');
INSERT INTO `usuarios` (`id`, `nome`, `codigo`, `senha`, `contexto`, `situacao`) VALUES ('1496', 'FERNANDO D AGOSTINI', '1496', '$2y$10$X2Vp/ZOTkn8mtAFbiJV4aOS5OkJPGdzDtbKuaLT/VPSBKQUyVc6gm', 'aluno', 'ativo');
INSERT INTO `usuarios` (`id`, `nome`, `codigo`, `senha`, `contexto`, `situacao`) VALUES ('1740', 'VAGNER JOEL CABRAL TERRA ', '1740', '$2y$10$X2Vp/ZOTkn8mtAFbiJV4aOS5OkJPGdzDtbKuaLT/VPSBKQUyVc6gm', 'aluno', 'ativo');
INSERT INTO `usuarios` (`id`, `nome`, `codigo`, `senha`, `contexto`, `situacao`) VALUES ('1761', 'MARLEI FLÁVIA KESSLER', '1761', '$2y$10$X2Vp/ZOTkn8mtAFbiJV4aOS5OkJPGdzDtbKuaLT/VPSBKQUyVc6gm', 'aluno', 'ativo');
INSERT INTO `usuarios` (`id`, `nome`, `codigo`, `senha`, `contexto`, `situacao`) VALUES ('1816', 'LUCIANA SZCZEPKOWSKI', '1816', '$2y$10$X2Vp/ZOTkn8mtAFbiJV4aOS5OkJPGdzDtbKuaLT/VPSBKQUyVc6gm', 'aluno', 'ativo');
INSERT INTO `usuarios` (`id`, `nome`, `codigo`, `senha`, `contexto`, `situacao`) VALUES ('1837', 'FERNANDO GIRELLI', '1837', '$2y$10$X2Vp/ZOTkn8mtAFbiJV4aOS5OkJPGdzDtbKuaLT/VPSBKQUyVc6gm', 'aluno', 'ativo');
INSERT INTO `usuarios` (`id`, `nome`, `codigo`, `senha`, `contexto`, `situacao`) VALUES ('1896', 'ARMINDO VERUS', '1896', '$2y$10$X2Vp/ZOTkn8mtAFbiJV4aOS5OkJPGdzDtbKuaLT/VPSBKQUyVc6gm', 'aluno', 'ativo');
INSERT INTO `usuarios` (`id`, `nome`, `codigo`, `senha`, `contexto`, `situacao`) VALUES ('1905', 'RAÍ  VENDRUSCOLO', '1905', '$2y$10$X2Vp/ZOTkn8mtAFbiJV4aOS5OkJPGdzDtbKuaLT/VPSBKQUyVc6gm', 'aluno', 'ativo');
INSERT INTO `usuarios` (`id`, `nome`, `codigo`, `senha`, `contexto`, `situacao`) VALUES ('1907', 'RODRIGO LUDOVICO PRICHOA', '1907', '$2y$10$X2Vp/ZOTkn8mtAFbiJV4aOS5OkJPGdzDtbKuaLT/VPSBKQUyVc6gm', 'aluno', 'ativo');
INSERT INTO `usuarios` (`id`, `nome`, `codigo`, `senha`, `contexto`, `situacao`) VALUES ('1959', 'GEORGE AUGUSTO ROMANO', '1959', '$2y$10$X2Vp/ZOTkn8mtAFbiJV4aOS5OkJPGdzDtbKuaLT/VPSBKQUyVc6gm', 'aluno', 'ativo');
INSERT INTO `usuarios` (`id`, `nome`, `codigo`, `senha`, `contexto`, `situacao`) VALUES ('2070', 'GABRIELA CECCHIN', '2070', '$2y$10$X2Vp/ZOTkn8mtAFbiJV4aOS5OkJPGdzDtbKuaLT/VPSBKQUyVc6gm', 'aluno', 'ativo');
INSERT INTO `usuarios` (`id`, `nome`, `codigo`, `senha`, `contexto`, `situacao`) VALUES ('2239', 'ITAMARA HANAUER ', '2239', '$2y$10$X2Vp/ZOTkn8mtAFbiJV4aOS5OkJPGdzDtbKuaLT/VPSBKQUyVc6gm', 'aluno', 'ativo');
INSERT INTO `usuarios` (`id`, `nome`, `codigo`, `senha`, `contexto`, `situacao`) VALUES ('2264', 'LUCIANE POSTAL', '2264', '$2y$10$X2Vp/ZOTkn8mtAFbiJV4aOS5OkJPGdzDtbKuaLT/VPSBKQUyVc6gm', 'aluno', 'ativo');
INSERT INTO `usuarios` (`id`, `nome`, `codigo`, `senha`, `contexto`, `situacao`) VALUES ('2279', 'DANIEL BASSO DIDONÉ', '2279', '$2y$10$X2Vp/ZOTkn8mtAFbiJV4aOS5OkJPGdzDtbKuaLT/VPSBKQUyVc6gm', 'aluno', 'ativo');
INSERT INTO `usuarios` (`id`, `nome`, `codigo`, `senha`, `contexto`, `situacao`) VALUES ('2294', 'MARCELO AUGUSTO NESTOR', '2294', '$2y$10$X2Vp/ZOTkn8mtAFbiJV4aOS5OkJPGdzDtbKuaLT/VPSBKQUyVc6gm', 'aluno', 'ativo');
INSERT INTO `usuarios` (`id`, `nome`, `codigo`, `senha`, `contexto`, `situacao`) VALUES ('2547', 'GABRIEL FELIPETTO', '2547', '$2y$10$X2Vp/ZOTkn8mtAFbiJV4aOS5OkJPGdzDtbKuaLT/VPSBKQUyVc6gm', 'aluno', 'ativo');
INSERT INTO `usuarios` (`id`, `nome`, `codigo`, `senha`, `contexto`, `situacao`) VALUES ('2550', 'GABRIEL RENATO FERRAZZO', '2550', '$2y$10$X2Vp/ZOTkn8mtAFbiJV4aOS5OkJPGdzDtbKuaLT/VPSBKQUyVc6gm', 'aluno', 'ativo');
INSERT INTO `usuarios` (`id`, `nome`, `codigo`, `senha`, `contexto`, `situacao`) VALUES ('2602', 'BERNARDO AUGUSTO CHIAPETTI', '2602', '$2y$10$X2Vp/ZOTkn8mtAFbiJV4aOS5OkJPGdzDtbKuaLT/VPSBKQUyVc6gm', 'aluno', 'ativo');
INSERT INTO `usuarios` (`id`, `nome`, `codigo`, `senha`, `contexto`, `situacao`) VALUES ('2719', 'MARINA SMANIOTTO', '2719', '$2y$10$X2Vp/ZOTkn8mtAFbiJV4aOS5OkJPGdzDtbKuaLT/VPSBKQUyVc6gm', 'aluno', 'ativo');
INSERT INTO `usuarios` (`id`, `nome`, `codigo`, `senha`, `contexto`, `situacao`) VALUES ('2730', 'JACIR BOLIS JUNIOR', '2730', '$2y$10$X2Vp/ZOTkn8mtAFbiJV4aOS5OkJPGdzDtbKuaLT/VPSBKQUyVc6gm', 'aluno', 'ativo');
INSERT INTO `usuarios` (`id`, `nome`, `codigo`, `senha`, `contexto`, `situacao`) VALUES ('2734', 'RAFAEL DOMINGOS AZEVEDO DA SILVA', '2734', '$2y$10$X2Vp/ZOTkn8mtAFbiJV4aOS5OkJPGdzDtbKuaLT/VPSBKQUyVc6gm', 'aluno', 'ativo');
INSERT INTO `usuarios` (`id`, `nome`, `codigo`, `senha`, `contexto`, `situacao`) VALUES ('2800', 'LEONARDO LUCAS LIESCH', '2800', '$2y$10$X2Vp/ZOTkn8mtAFbiJV4aOS5OkJPGdzDtbKuaLT/VPSBKQUyVc6gm', 'aluno', 'ativo');
INSERT INTO `usuarios` (`id`, `nome`, `codigo`, `senha`, `contexto`, `situacao`) VALUES ('2882', 'JÚLIA CAROLINA RAMISCH', '2882', '$2y$10$X2Vp/ZOTkn8mtAFbiJV4aOS5OkJPGdzDtbKuaLT/VPSBKQUyVc6gm', 'aluno', 'ativo');
INSERT INTO `usuarios` (`id`, `nome`, `codigo`, `senha`, `contexto`, `situacao`) VALUES ('3262', 'ANA PAULA BONATTO', '3262', '$2y$10$X2Vp/ZOTkn8mtAFbiJV4aOS5OkJPGdzDtbKuaLT/VPSBKQUyVc6gm', 'aluno', 'ativo');
INSERT INTO `usuarios` (`id`, `nome`, `codigo`, `senha`, `contexto`, `situacao`) VALUES ('3302', 'EMANUEL CRISTÓVON TRINDADE', '3302', '$2y$10$X2Vp/ZOTkn8mtAFbiJV4aOS5OkJPGdzDtbKuaLT/VPSBKQUyVc6gm', 'aluno', 'ativo');
INSERT INTO `usuarios` (`id`, `nome`, `codigo`, `senha`, `contexto`, `situacao`) VALUES ('3365', 'ANDRÉA RODRIGUES CANDIDA SALES', '3365', '$2y$10$X2Vp/ZOTkn8mtAFbiJV4aOS5OkJPGdzDtbKuaLT/VPSBKQUyVc6gm', 'aluno', 'ativo');
INSERT INTO `usuarios` (`id`, `nome`, `codigo`, `senha`, `contexto`, `situacao`) VALUES ('3635', 'ÉRIK JOSÉ DE CAMPOS', '3635', '$2y$10$X2Vp/ZOTkn8mtAFbiJV4aOS5OkJPGdzDtbKuaLT/VPSBKQUyVc6gm', 'aluno', 'ativo');
INSERT INTO `usuarios` (`id`, `nome`, `codigo`, `senha`, `contexto`, `situacao`) VALUES ('3696', 'WELLINGTON LUÍS MUSSIOL', '3696', '$2y$10$X2Vp/ZOTkn8mtAFbiJV4aOS5OkJPGdzDtbKuaLT/VPSBKQUyVc6gm', 'aluno', 'ativo');
INSERT INTO `usuarios` (`id`, `nome`, `codigo`, `senha`, `contexto`, `situacao`) VALUES ('3741', 'DIEGO GEWINSKI', '3741', '$2y$10$X2Vp/ZOTkn8mtAFbiJV4aOS5OkJPGdzDtbKuaLT/VPSBKQUyVc6gm', 'aluno', 'ativo');
INSERT INTO `usuarios` (`id`, `nome`, `codigo`, `senha`, `contexto`, `situacao`) VALUES ('3764', 'GIAN LUCAS BIANCHETTO', '3764', '$2y$10$X2Vp/ZOTkn8mtAFbiJV4aOS5OkJPGdzDtbKuaLT/VPSBKQUyVc6gm', 'aluno', 'ativo');
INSERT INTO `usuarios` (`id`, `nome`, `codigo`, `senha`, `contexto`, `situacao`) VALUES ('3777', 'CASSIANA STRIESKI', '3777', '$2y$10$X2Vp/ZOTkn8mtAFbiJV4aOS5OkJPGdzDtbKuaLT/VPSBKQUyVc6gm', 'aluno', 'ativo');
INSERT INTO `usuarios` (`id`, `nome`, `codigo`, `senha`, `contexto`, `situacao`) VALUES ('3787', 'VERÔNICA WASKIEWIC', '3787', '$2y$10$X2Vp/ZOTkn8mtAFbiJV4aOS5OkJPGdzDtbKuaLT/VPSBKQUyVc6gm', 'aluno', 'ativo');
INSERT INTO `usuarios` (`id`, `nome`, `codigo`, `senha`, `contexto`, `situacao`) VALUES ('3820', 'MATEUS ROGINSKI', '3820', '$2y$10$X2Vp/ZOTkn8mtAFbiJV4aOS5OkJPGdzDtbKuaLT/VPSBKQUyVc6gm', 'aluno', 'ativo');
INSERT INTO `usuarios` (`id`, `nome`, `codigo`, `senha`, `contexto`, `situacao`) VALUES ('3855', 'DANIELA ANA ANTKIEWICZ', '3855', '$2y$10$X2Vp/ZOTkn8mtAFbiJV4aOS5OkJPGdzDtbKuaLT/VPSBKQUyVc6gm', 'aluno', 'ativo');
INSERT INTO `usuarios` (`id`, `nome`, `codigo`, `senha`, `contexto`, `situacao`) VALUES ('3910', 'ANDERSON LUIS DE OLIVEIRA', '3910', '$2y$10$X2Vp/ZOTkn8mtAFbiJV4aOS5OkJPGdzDtbKuaLT/VPSBKQUyVc6gm', 'aluno', 'ativo');
INSERT INTO `usuarios` (`id`, `nome`, `codigo`, `senha`, `contexto`, `situacao`) VALUES ('3947', 'TAÍS POGORZELSKI', '3947', '$2y$10$X2Vp/ZOTkn8mtAFbiJV4aOS5OkJPGdzDtbKuaLT/VPSBKQUyVc6gm', 'aluno', 'ativo');
INSERT INTO `usuarios` (`id`, `nome`, `codigo`, `senha`, `contexto`, `situacao`) VALUES ('3957', 'ALESSANDRO FLORES DOS SANTOS ', '3957', '$2y$10$X2Vp/ZOTkn8mtAFbiJV4aOS5OkJPGdzDtbKuaLT/VPSBKQUyVc6gm', 'aluno', 'ativo');
INSERT INTO `usuarios` (`id`, `nome`, `codigo`, `senha`, `contexto`, `situacao`) VALUES ('4192', 'MARCELO FIABANI', '4192', '$2y$10$X2Vp/ZOTkn8mtAFbiJV4aOS5OkJPGdzDtbKuaLT/VPSBKQUyVc6gm', 'aluno', 'ativo');
INSERT INTO `usuarios` (`id`, `nome`, `codigo`, `senha`, `contexto`, `situacao`) VALUES ('4226', 'VERÔNICA GZIEBIELUKA', '4226', '$2y$10$X2Vp/ZOTkn8mtAFbiJV4aOS5OkJPGdzDtbKuaLT/VPSBKQUyVc6gm', 'aluno', 'ativo');
INSERT INTO `usuarios` (`id`, `nome`, `codigo`, `senha`, `contexto`, `situacao`) VALUES ('4394', 'JONAS LEVI SCANDOLARA', '4394', '$2y$10$X2Vp/ZOTkn8mtAFbiJV4aOS5OkJPGdzDtbKuaLT/VPSBKQUyVc6gm', 'aluno', 'ativo');
INSERT INTO `usuarios` (`id`, `nome`, `codigo`, `senha`, `contexto`, `situacao`) VALUES ('4396', 'ROCHELI PAULA OTOWICZ', '4396', '$2y$10$X2Vp/ZOTkn8mtAFbiJV4aOS5OkJPGdzDtbKuaLT/VPSBKQUyVc6gm', 'aluno', 'ativo');
INSERT INTO `usuarios` (`id`, `nome`, `codigo`, `senha`, `contexto`, `situacao`) VALUES ('4400', 'TATIANE DE RÉ', '4400', '$2y$10$X2Vp/ZOTkn8mtAFbiJV4aOS5OkJPGdzDtbKuaLT/VPSBKQUyVc6gm', 'aluno', 'ativo');
INSERT INTO `usuarios` (`id`, `nome`, `codigo`, `senha`, `contexto`, `situacao`) VALUES ('4405', 'ISMAEL IGOR KWOLL', '4405', '$2y$10$X2Vp/ZOTkn8mtAFbiJV4aOS5OkJPGdzDtbKuaLT/VPSBKQUyVc6gm', 'aluno', 'ativo');
INSERT INTO `usuarios` (`id`, `nome`, `codigo`, `senha`, `contexto`, `situacao`) VALUES ('4406', 'GIAN CARLO POLONI', '4406', '$2y$10$X2Vp/ZOTkn8mtAFbiJV4aOS5OkJPGdzDtbKuaLT/VPSBKQUyVc6gm', 'aluno', 'ativo');
INSERT INTO `usuarios` (`id`, `nome`, `codigo`, `senha`, `contexto`, `situacao`) VALUES ('4407', 'GIOVANNI FAGGION BACÊDO', '4407', '$2y$10$X2Vp/ZOTkn8mtAFbiJV4aOS5OkJPGdzDtbKuaLT/VPSBKQUyVc6gm', 'aluno', 'ativo');
INSERT INTO `usuarios` (`id`, `nome`, `codigo`, `senha`, `contexto`, `situacao`) VALUES ('4408', 'CAROLINE LEMES DA SILVA', '4408', '$2y$10$X2Vp/ZOTkn8mtAFbiJV4aOS5OkJPGdzDtbKuaLT/VPSBKQUyVc6gm', 'aluno', 'ativo');
INSERT INTO `usuarios` (`id`, `nome`, `codigo`, `senha`, `contexto`, `situacao`) VALUES ('4410', 'DJEISON FERNANDO KARLING DE ABREU', '4410', '$2y$10$X2Vp/ZOTkn8mtAFbiJV4aOS5OkJPGdzDtbKuaLT/VPSBKQUyVc6gm', 'aluno', 'ativo');
INSERT INTO `usuarios` (`id`, `nome`, `codigo`, `senha`, `contexto`, `situacao`) VALUES ('4412', 'ALANA SARTORI DA SILVA', '4412', '$2y$10$X2Vp/ZOTkn8mtAFbiJV4aOS5OkJPGdzDtbKuaLT/VPSBKQUyVc6gm', 'aluno', 'ativo');
INSERT INTO `usuarios` (`id`, `nome`, `codigo`, `senha`, `contexto`, `situacao`) VALUES ('4413', 'LUNARA FALCÃO PINTO', '4413', '$2y$10$X2Vp/ZOTkn8mtAFbiJV4aOS5OkJPGdzDtbKuaLT/VPSBKQUyVc6gm', 'aluno', 'ativo');
INSERT INTO `usuarios` (`id`, `nome`, `codigo`, `senha`, `contexto`, `situacao`) VALUES ('4416', 'MARICELI DOS SANTOS MONTEIRO', '4416', '$2y$10$X2Vp/ZOTkn8mtAFbiJV4aOS5OkJPGdzDtbKuaLT/VPSBKQUyVc6gm', 'aluno', 'ativo');
INSERT INTO `usuarios` (`id`, `nome`, `codigo`, `senha`, `contexto`, `situacao`) VALUES ('4419', 'BERNARDO FRACARO', '4419', '$2y$10$X2Vp/ZOTkn8mtAFbiJV4aOS5OkJPGdzDtbKuaLT/VPSBKQUyVc6gm', 'aluno', 'ativo');
INSERT INTO `usuarios` (`id`, `nome`, `codigo`, `senha`, `contexto`, `situacao`) VALUES ('4420', 'ADRIANO DOMINGUES', '4420', '$2y$10$X2Vp/ZOTkn8mtAFbiJV4aOS5OkJPGdzDtbKuaLT/VPSBKQUyVc6gm', 'aluno', 'ativo');
INSERT INTO `usuarios` (`id`, `nome`, `codigo`, `senha`, `contexto`, `situacao`) VALUES ('4421', 'PATRICIA BARETTA', '4421', '$2y$10$X2Vp/ZOTkn8mtAFbiJV4aOS5OkJPGdzDtbKuaLT/VPSBKQUyVc6gm', 'aluno', 'ativo');
INSERT INTO `usuarios` (`id`, `nome`, `codigo`, `senha`, `contexto`, `situacao`) VALUES ('4423', 'LUAN BLEIL', '4423', '$2y$10$X2Vp/ZOTkn8mtAFbiJV4aOS5OkJPGdzDtbKuaLT/VPSBKQUyVc6gm', 'aluno', 'ativo');
INSERT INTO `usuarios` (`id`, `nome`, `codigo`, `senha`, `contexto`, `situacao`) VALUES ('4426', 'PÂMELA TALIA DA ROSA SEGATTI', '4426', '$2y$10$X2Vp/ZOTkn8mtAFbiJV4aOS5OkJPGdzDtbKuaLT/VPSBKQUyVc6gm', 'aluno', 'ativo');
INSERT INTO `usuarios` (`id`, `nome`, `codigo`, `senha`, `contexto`, `situacao`) VALUES ('4429', 'MATEUS MARIANO WILK', '4429', '$2y$10$X2Vp/ZOTkn8mtAFbiJV4aOS5OkJPGdzDtbKuaLT/VPSBKQUyVc6gm', 'aluno', 'ativo');
INSERT INTO `usuarios` (`id`, `nome`, `codigo`, `senha`, `contexto`, `situacao`) VALUES ('4430', 'VANESSA CORBARI', '4430', '$2y$10$X2Vp/ZOTkn8mtAFbiJV4aOS5OkJPGdzDtbKuaLT/VPSBKQUyVc6gm', 'aluno', 'ativo');
INSERT INTO `usuarios` (`id`, `nome`, `codigo`, `senha`, `contexto`, `situacao`) VALUES ('4432', 'MATEUS EDIR DUDECK', '4432', '$2y$10$X2Vp/ZOTkn8mtAFbiJV4aOS5OkJPGdzDtbKuaLT/VPSBKQUyVc6gm', 'aluno', 'ativo');
INSERT INTO `usuarios` (`id`, `nome`, `codigo`, `senha`, `contexto`, `situacao`) VALUES ('4434', 'JANAÍNA DE AZEVEDO BLEIL', '4434', '$2y$10$X2Vp/ZOTkn8mtAFbiJV4aOS5OkJPGdzDtbKuaLT/VPSBKQUyVc6gm', 'aluno', 'ativo');
INSERT INTO `usuarios` (`id`, `nome`, `codigo`, `senha`, `contexto`, `situacao`) VALUES ('4436', 'MARISA LUCIANA WOLSKI', '4436', '$2y$10$X2Vp/ZOTkn8mtAFbiJV4aOS5OkJPGdzDtbKuaLT/VPSBKQUyVc6gm', 'aluno', 'ativo');
INSERT INTO `usuarios` (`id`, `nome`, `codigo`, `senha`, `contexto`, `situacao`) VALUES ('4438', 'TAIS MARTINS', '4438', '$2y$10$X2Vp/ZOTkn8mtAFbiJV4aOS5OkJPGdzDtbKuaLT/VPSBKQUyVc6gm', 'aluno', 'ativo');
INSERT INTO `usuarios` (`id`, `nome`, `codigo`, `senha`, `contexto`, `situacao`) VALUES ('4441', 'BRUNA DOS SANTOS DA COSTA', '4441', '$2y$10$X2Vp/ZOTkn8mtAFbiJV4aOS5OkJPGdzDtbKuaLT/VPSBKQUyVc6gm', 'aluno', 'ativo');
INSERT INTO `usuarios` (`id`, `nome`, `codigo`, `senha`, `contexto`, `situacao`) VALUES ('4443', 'LUCIELE SANTA CATARINA', '4443', '$2y$10$X2Vp/ZOTkn8mtAFbiJV4aOS5OkJPGdzDtbKuaLT/VPSBKQUyVc6gm', 'aluno', 'ativo');
INSERT INTO `usuarios` (`id`, `nome`, `codigo`, `senha`, `contexto`, `situacao`) VALUES ('4444', 'João', '4444', '$2y$10$X2Vp/ZOTkn8mtAFbiJV4aOS5OkJPGdzDtbKuaLT/VPSBKQUyVc6gm', 'aluno', 'ativo');
INSERT INTO `usuarios` (`id`, `nome`, `codigo`, `senha`, `contexto`, `situacao`) VALUES ('4446', 'ADRIANA PRISCILA BARP', '4446', '$2y$10$X2Vp/ZOTkn8mtAFbiJV4aOS5OkJPGdzDtbKuaLT/VPSBKQUyVc6gm', 'aluno', 'ativo');
INSERT INTO `usuarios` (`id`, `nome`, `codigo`, `senha`, `contexto`, `situacao`) VALUES ('4447', 'MARCELO SALCHER', '4447', '$2y$10$X2Vp/ZOTkn8mtAFbiJV4aOS5OkJPGdzDtbKuaLT/VPSBKQUyVc6gm', 'aluno', 'ativo');
INSERT INTO `usuarios` (`id`, `nome`, `codigo`, `senha`, `contexto`, `situacao`) VALUES ('4448', 'LUANA LODÉA', '4448', '$2y$10$X2Vp/ZOTkn8mtAFbiJV4aOS5OkJPGdzDtbKuaLT/VPSBKQUyVc6gm', 'aluno', 'ativo');
INSERT INTO `usuarios` (`id`, `nome`, `codigo`, `senha`, `contexto`, `situacao`) VALUES ('4449', 'ANGELICA TERESINHA DA ROSA LEITÃO', '4449', '$2y$10$X2Vp/ZOTkn8mtAFbiJV4aOS5OkJPGdzDtbKuaLT/VPSBKQUyVc6gm', 'aluno', 'ativo');
INSERT INTO `usuarios` (`id`, `nome`, `codigo`, `senha`, `contexto`, `situacao`) VALUES ('4452', 'MILENA LEANDRA MAITO', '4452', '$2y$10$X2Vp/ZOTkn8mtAFbiJV4aOS5OkJPGdzDtbKuaLT/VPSBKQUyVc6gm', 'aluno', 'ativo');
INSERT INTO `usuarios` (`id`, `nome`, `codigo`, `senha`, `contexto`, `situacao`) VALUES ('4455', 'JONES LUIS BERTUZZI', '4455', '$2y$10$X2Vp/ZOTkn8mtAFbiJV4aOS5OkJPGdzDtbKuaLT/VPSBKQUyVc6gm', 'aluno', 'ativo');
INSERT INTO `usuarios` (`id`, `nome`, `codigo`, `senha`, `contexto`, `situacao`) VALUES ('4456', 'GREICI PAULA LOVERA', '4456', '$2y$10$X2Vp/ZOTkn8mtAFbiJV4aOS5OkJPGdzDtbKuaLT/VPSBKQUyVc6gm', 'aluno', 'ativo');
INSERT INTO `usuarios` (`id`, `nome`, `codigo`, `senha`, `contexto`, `situacao`) VALUES ('4458', 'KARINE BALESTRIN', '4458', '$2y$10$X2Vp/ZOTkn8mtAFbiJV4aOS5OkJPGdzDtbKuaLT/VPSBKQUyVc6gm', 'aluno', 'ativo');
INSERT INTO `usuarios` (`id`, `nome`, `codigo`, `senha`, `contexto`, `situacao`) VALUES ('4459', 'CAROLINE FIN BATISTA', '4459', '$2y$10$X2Vp/ZOTkn8mtAFbiJV4aOS5OkJPGdzDtbKuaLT/VPSBKQUyVc6gm', 'aluno', 'ativo');
INSERT INTO `usuarios` (`id`, `nome`, `codigo`, `senha`, `contexto`, `situacao`) VALUES ('4462', 'GABRIELE BARBARA PASQUATO', '4462', '$2y$10$X2Vp/ZOTkn8mtAFbiJV4aOS5OkJPGdzDtbKuaLT/VPSBKQUyVc6gm', 'aluno', 'ativo');
INSERT INTO `usuarios` (`id`, `nome`, `codigo`, `senha`, `contexto`, `situacao`) VALUES ('4467', 'DANIELA FATIMA COLLA', '4467', '$2y$10$X2Vp/ZOTkn8mtAFbiJV4aOS5OkJPGdzDtbKuaLT/VPSBKQUyVc6gm', 'aluno', 'ativo');
INSERT INTO `usuarios` (`id`, `nome`, `codigo`, `senha`, `contexto`, `situacao`) VALUES ('4472', 'PATRICIA SANTA CATARINA RODRIGUES DOS SANTOS', '4472', '$2y$10$X2Vp/ZOTkn8mtAFbiJV4aOS5OkJPGdzDtbKuaLT/VPSBKQUyVc6gm', 'aluno', 'ativo');
INSERT INTO `usuarios` (`id`, `nome`, `codigo`, `senha`, `contexto`, `situacao`) VALUES ('4474', 'CLEISSON FRAMENTO', '4474', '$2y$10$X2Vp/ZOTkn8mtAFbiJV4aOS5OkJPGdzDtbKuaLT/VPSBKQUyVc6gm', 'aluno', 'ativo');
INSERT INTO `usuarios` (`id`, `nome`, `codigo`, `senha`, `contexto`, `situacao`) VALUES ('4477', 'RAISSA BRUNA ZAIONS', '4477', '$2y$10$X2Vp/ZOTkn8mtAFbiJV4aOS5OkJPGdzDtbKuaLT/VPSBKQUyVc6gm', 'aluno', 'ativo');
INSERT INTO `usuarios` (`id`, `nome`, `codigo`, `senha`, `contexto`, `situacao`) VALUES ('4478', 'TAUANA DA SILVA', '4478', '$2y$10$X2Vp/ZOTkn8mtAFbiJV4aOS5OkJPGdzDtbKuaLT/VPSBKQUyVc6gm', 'aluno', 'ativo');
INSERT INTO `usuarios` (`id`, `nome`, `codigo`, `senha`, `contexto`, `situacao`) VALUES ('4479', 'MIZAELI MARIA BERNSTEIN', '4479', '$2y$10$X2Vp/ZOTkn8mtAFbiJV4aOS5OkJPGdzDtbKuaLT/VPSBKQUyVc6gm', 'aluno', 'ativo');
INSERT INTO `usuarios` (`id`, `nome`, `codigo`, `senha`, `contexto`, `situacao`) VALUES ('4488', 'CAROLINA MARINI GARBIN', '4488', '$2y$10$X2Vp/ZOTkn8mtAFbiJV4aOS5OkJPGdzDtbKuaLT/VPSBKQUyVc6gm', 'aluno', 'ativo');
INSERT INTO `usuarios` (`id`, `nome`, `codigo`, `senha`, `contexto`, `situacao`) VALUES ('4490', 'JAMILE SYCHOCKI', '4490', '$2y$10$X2Vp/ZOTkn8mtAFbiJV4aOS5OkJPGdzDtbKuaLT/VPSBKQUyVc6gm', 'aluno', 'ativo');
INSERT INTO `usuarios` (`id`, `nome`, `codigo`, `senha`, `contexto`, `situacao`) VALUES ('4495', 'JULIANA ANTUNES DE OLIVEIRA', '4495', '$2y$10$X2Vp/ZOTkn8mtAFbiJV4aOS5OkJPGdzDtbKuaLT/VPSBKQUyVc6gm', 'aluno', 'ativo');
INSERT INTO `usuarios` (`id`, `nome`, `codigo`, `senha`, `contexto`, `situacao`) VALUES ('4499', 'EDILENE MARIA SROCZYNSKI', '4499', '$2y$10$X2Vp/ZOTkn8mtAFbiJV4aOS5OkJPGdzDtbKuaLT/VPSBKQUyVc6gm', 'aluno', 'ativo');
INSERT INTO `usuarios` (`id`, `nome`, `codigo`, `senha`, `contexto`, `situacao`) VALUES ('4506', 'GABRIELA GODOY CORDEIRO', '4506', '$2y$10$X2Vp/ZOTkn8mtAFbiJV4aOS5OkJPGdzDtbKuaLT/VPSBKQUyVc6gm', 'aluno', 'ativo');
INSERT INTO `usuarios` (`id`, `nome`, `codigo`, `senha`, `contexto`, `situacao`) VALUES ('4510', 'KATIANE DOMINGUES', '4510', '$2y$10$X2Vp/ZOTkn8mtAFbiJV4aOS5OkJPGdzDtbKuaLT/VPSBKQUyVc6gm', 'aluno', 'ativo');
INSERT INTO `usuarios` (`id`, `nome`, `codigo`, `senha`, `contexto`, `situacao`) VALUES ('4513', 'MARIA FERNANDA BRACCINI', '4513', '$2y$10$X2Vp/ZOTkn8mtAFbiJV4aOS5OkJPGdzDtbKuaLT/VPSBKQUyVc6gm', 'aluno', 'ativo');
INSERT INTO `usuarios` (`id`, `nome`, `codigo`, `senha`, `contexto`, `situacao`) VALUES ('4527', 'ANA CAROLINA TARTARI', '4527', '$2y$10$X2Vp/ZOTkn8mtAFbiJV4aOS5OkJPGdzDtbKuaLT/VPSBKQUyVc6gm', 'aluno', 'ativo');
INSERT INTO `usuarios` (`id`, `nome`, `codigo`, `senha`, `contexto`, `situacao`) VALUES ('4572', 'EDUARDO TOMAZONI VENDRUSCOLO', '4572', '$2y$10$X2Vp/ZOTkn8mtAFbiJV4aOS5OkJPGdzDtbKuaLT/VPSBKQUyVc6gm', 'aluno', 'ativo');
INSERT INTO `usuarios` (`id`, `nome`, `codigo`, `senha`, `contexto`, `situacao`) VALUES ('4615', 'NILMAR FERRARI FABRO', '4615', '$2y$10$X2Vp/ZOTkn8mtAFbiJV4aOS5OkJPGdzDtbKuaLT/VPSBKQUyVc6gm', 'aluno', 'ativo');
INSERT INTO `usuarios` (`id`, `nome`, `codigo`, `senha`, `contexto`, `situacao`) VALUES ('4619', 'ALAN ANTONIO JACUNIAK', '4619', '$2y$10$X2Vp/ZOTkn8mtAFbiJV4aOS5OkJPGdzDtbKuaLT/VPSBKQUyVc6gm', 'aluno', 'ativo');
INSERT INTO `usuarios` (`id`, `nome`, `codigo`, `senha`, `contexto`, `situacao`) VALUES ('4623', 'RODRIGO ZIEMNICZAK', '4623', '$2y$10$X2Vp/ZOTkn8mtAFbiJV4aOS5OkJPGdzDtbKuaLT/VPSBKQUyVc6gm', 'aluno', 'ativo');
INSERT INTO `usuarios` (`id`, `nome`, `codigo`, `senha`, `contexto`, `situacao`) VALUES ('4625', 'RENATA CONCI', '4625', '$2y$10$X2Vp/ZOTkn8mtAFbiJV4aOS5OkJPGdzDtbKuaLT/VPSBKQUyVc6gm', 'aluno', 'ativo');
INSERT INTO `usuarios` (`id`, `nome`, `codigo`, `senha`, `contexto`, `situacao`) VALUES ('4627', 'MURILO TALIS FAÉ', '4627', '$2y$10$X2Vp/ZOTkn8mtAFbiJV4aOS5OkJPGdzDtbKuaLT/VPSBKQUyVc6gm', 'aluno', 'ativo');
INSERT INTO `usuarios` (`id`, `nome`, `codigo`, `senha`, `contexto`, `situacao`) VALUES ('4628', 'JANICE CRISTINA WINTER', '4628', '$2y$10$X2Vp/ZOTkn8mtAFbiJV4aOS5OkJPGdzDtbKuaLT/VPSBKQUyVc6gm', 'aluno', 'ativo');
INSERT INTO `usuarios` (`id`, `nome`, `codigo`, `senha`, `contexto`, `situacao`) VALUES ('4633', 'ALESSANDRO CORRÊA GONZALEZ', '4633', '$2y$10$X2Vp/ZOTkn8mtAFbiJV4aOS5OkJPGdzDtbKuaLT/VPSBKQUyVc6gm', 'aluno', 'ativo');
INSERT INTO `usuarios` (`id`, `nome`, `codigo`, `senha`, `contexto`, `situacao`) VALUES ('4634', 'HILDA FATIMA DA ROCHA', '4634', '$2y$10$X2Vp/ZOTkn8mtAFbiJV4aOS5OkJPGdzDtbKuaLT/VPSBKQUyVc6gm', 'aluno', 'ativo');
INSERT INTO `usuarios` (`id`, `nome`, `codigo`, `senha`, `contexto`, `situacao`) VALUES ('4637', 'GÉSSICA CHAIANE TOMKIEL', '4637', '$2y$10$X2Vp/ZOTkn8mtAFbiJV4aOS5OkJPGdzDtbKuaLT/VPSBKQUyVc6gm', 'aluno', 'ativo');
INSERT INTO `usuarios` (`id`, `nome`, `codigo`, `senha`, `contexto`, `situacao`) VALUES ('4649', 'ANGÉLICA GIORDANI', '4649', '$2y$10$X2Vp/ZOTkn8mtAFbiJV4aOS5OkJPGdzDtbKuaLT/VPSBKQUyVc6gm', 'aluno', 'ativo');
INSERT INTO `usuarios` (`id`, `nome`, `codigo`, `senha`, `contexto`, `situacao`) VALUES ('4658', 'SUSUANA NAA OYOO QUARTEY', '4658', '$2y$10$X2Vp/ZOTkn8mtAFbiJV4aOS5OkJPGdzDtbKuaLT/VPSBKQUyVc6gm', 'aluno', 'ativo');
INSERT INTO `usuarios` (`id`, `nome`, `codigo`, `senha`, `contexto`, `situacao`) VALUES ('4659', 'BISMARCK CLAXTON KPOBIE', '4659', '$2y$10$X2Vp/ZOTkn8mtAFbiJV4aOS5OkJPGdzDtbKuaLT/VPSBKQUyVc6gm', 'aluno', 'ativo');
INSERT INTO `usuarios` (`id`, `nome`, `codigo`, `senha`, `contexto`, `situacao`) VALUES ('4660', 'LAUD AUGUSTUS NII ADDO MINGLE', '4660', '$2y$10$X2Vp/ZOTkn8mtAFbiJV4aOS5OkJPGdzDtbKuaLT/VPSBKQUyVc6gm', 'aluno', 'ativo');
INSERT INTO `usuarios` (`id`, `nome`, `codigo`, `senha`, `contexto`, `situacao`) VALUES ('4662', 'JÉSSICA LIVI', '4662', '$2y$10$X2Vp/ZOTkn8mtAFbiJV4aOS5OkJPGdzDtbKuaLT/VPSBKQUyVc6gm', 'aluno', 'ativo');
INSERT INTO `usuarios` (`id`, `nome`, `codigo`, `senha`, `contexto`, `situacao`) VALUES ('4663', 'VALÉRIA KORBUS', '4663', '$2y$10$X2Vp/ZOTkn8mtAFbiJV4aOS5OkJPGdzDtbKuaLT/VPSBKQUyVc6gm', 'aluno', 'ativo');
INSERT INTO `usuarios` (`id`, `nome`, `codigo`, `senha`, `contexto`, `situacao`) VALUES ('4669', 'FERNANDA RODRIGUES FERREIRA EUDES', '4669', '$2y$10$X2Vp/ZOTkn8mtAFbiJV4aOS5OkJPGdzDtbKuaLT/VPSBKQUyVc6gm', 'aluno', 'ativo');
INSERT INTO `usuarios` (`id`, `nome`, `codigo`, `senha`, `contexto`, `situacao`) VALUES ('4671', 'MAYKOL WILIAN PIAZZA', '4671', '$2y$10$X2Vp/ZOTkn8mtAFbiJV4aOS5OkJPGdzDtbKuaLT/VPSBKQUyVc6gm', 'aluno', 'ativo');
INSERT INTO `usuarios` (`id`, `nome`, `codigo`, `senha`, `contexto`, `situacao`) VALUES ('4676', 'TANIA VANESSA DOS SANTOS ROMANOSKI', '4676', '$2y$10$X2Vp/ZOTkn8mtAFbiJV4aOS5OkJPGdzDtbKuaLT/VPSBKQUyVc6gm', 'aluno', 'ativo');
INSERT INTO `usuarios` (`id`, `nome`, `codigo`, `senha`, `contexto`, `situacao`) VALUES ('4717', 'GUILHERME DE MATOS', '4717', '$2y$10$X2Vp/ZOTkn8mtAFbiJV4aOS5OkJPGdzDtbKuaLT/VPSBKQUyVc6gm', 'aluno', 'ativo');
INSERT INTO `usuarios` (`id`, `nome`, `codigo`, `senha`, `contexto`, `situacao`) VALUES ('4779', 'RAFAEL LAZZAROTTO', '4779', '$2y$10$X2Vp/ZOTkn8mtAFbiJV4aOS5OkJPGdzDtbKuaLT/VPSBKQUyVc6gm', 'aluno', 'ativo');
INSERT INTO `usuarios` (`id`, `nome`, `codigo`, `senha`, `contexto`, `situacao`) VALUES ('4781', 'EZEQUIEL MENEGÁS', '4781', '$2y$10$X2Vp/ZOTkn8mtAFbiJV4aOS5OkJPGdzDtbKuaLT/VPSBKQUyVc6gm', 'aluno', 'ativo');
INSERT INTO `usuarios` (`id`, `nome`, `codigo`, `senha`, `contexto`, `situacao`) VALUES ('4782', 'RAQUEL POSSOBON', '4782', '$2y$10$X2Vp/ZOTkn8mtAFbiJV4aOS5OkJPGdzDtbKuaLT/VPSBKQUyVc6gm', 'aluno', 'ativo');
INSERT INTO `usuarios` (`id`, `nome`, `codigo`, `senha`, `contexto`, `situacao`) VALUES ('4785', 'CRISLAINE AMÁLIA WAGNER', '4785', '$2y$10$X2Vp/ZOTkn8mtAFbiJV4aOS5OkJPGdzDtbKuaLT/VPSBKQUyVc6gm', 'aluno', 'ativo');
INSERT INTO `usuarios` (`id`, `nome`, `codigo`, `senha`, `contexto`, `situacao`) VALUES ('4786', 'SANDRA PAULA DO NASCIMENTO BARBISAN', '4786', '$2y$10$X2Vp/ZOTkn8mtAFbiJV4aOS5OkJPGdzDtbKuaLT/VPSBKQUyVc6gm', 'aluno', 'ativo');
INSERT INTO `usuarios` (`id`, `nome`, `codigo`, `senha`, `contexto`, `situacao`) VALUES ('4818', 'MIRCA ELSENBACH', '4818', '$2y$10$X2Vp/ZOTkn8mtAFbiJV4aOS5OkJPGdzDtbKuaLT/VPSBKQUyVc6gm', 'aluno', 'ativo');
INSERT INTO `usuarios` (`id`, `nome`, `codigo`, `senha`, `contexto`, `situacao`) VALUES ('4825', 'JORGE ALBERTO KUFNER', '4825', '$2y$10$X2Vp/ZOTkn8mtAFbiJV4aOS5OkJPGdzDtbKuaLT/VPSBKQUyVc6gm', 'aluno', 'ativo');
INSERT INTO `usuarios` (`id`, `nome`, `codigo`, `senha`, `contexto`, `situacao`) VALUES ('4829', 'CARLA MARIA DE RÉ', '4829', '$2y$10$X2Vp/ZOTkn8mtAFbiJV4aOS5OkJPGdzDtbKuaLT/VPSBKQUyVc6gm', 'aluno', 'ativo');
INSERT INTO `usuarios` (`id`, `nome`, `codigo`, `senha`, `contexto`, `situacao`) VALUES ('4831', 'ALESSANDRA NATALI BASSO', '4831', '$2y$10$X2Vp/ZOTkn8mtAFbiJV4aOS5OkJPGdzDtbKuaLT/VPSBKQUyVc6gm', 'aluno', 'ativo');
INSERT INTO `usuarios` (`id`, `nome`, `codigo`, `senha`, `contexto`, `situacao`) VALUES ('4887', 'EDUARDA DOM DEMETRIO', '4887', '$2y$10$X2Vp/ZOTkn8mtAFbiJV4aOS5OkJPGdzDtbKuaLT/VPSBKQUyVc6gm', 'aluno', 'ativo');
INSERT INTO `usuarios` (`id`, `nome`, `codigo`, `senha`, `contexto`, `situacao`) VALUES ('4888', 'GABRIELE ANTONIETTI MEDTLER', '4888', '$2y$10$X2Vp/ZOTkn8mtAFbiJV4aOS5OkJPGdzDtbKuaLT/VPSBKQUyVc6gm', 'aluno', 'ativo');
INSERT INTO `usuarios` (`id`, `nome`, `codigo`, `senha`, `contexto`, `situacao`) VALUES ('4889', 'BRUNA CARLA STRINGHINI POZZEBON', '4889', '$2y$10$X2Vp/ZOTkn8mtAFbiJV4aOS5OkJPGdzDtbKuaLT/VPSBKQUyVc6gm', 'aluno', 'ativo');
INSERT INTO `usuarios` (`id`, `nome`, `codigo`, `senha`, `contexto`, `situacao`) VALUES ('4901', 'CAROLINE BARBOSA DE SOUZA', '4901', '$2y$10$X2Vp/ZOTkn8mtAFbiJV4aOS5OkJPGdzDtbKuaLT/VPSBKQUyVc6gm', 'aluno', 'ativo');
INSERT INTO `usuarios` (`id`, `nome`, `codigo`, `senha`, `contexto`, `situacao`) VALUES ('4903', 'MATHEUS WILLIAN DA SILVA', '4903', '$2y$10$X2Vp/ZOTkn8mtAFbiJV4aOS5OkJPGdzDtbKuaLT/VPSBKQUyVc6gm', 'aluno', 'ativo');
INSERT INTO `usuarios` (`id`, `nome`, `codigo`, `senha`, `contexto`, `situacao`) VALUES ('4904', 'TAINARA OLIVEIRA OZÓRIO', '4904', '$2y$10$X2Vp/ZOTkn8mtAFbiJV4aOS5OkJPGdzDtbKuaLT/VPSBKQUyVc6gm', 'aluno', 'ativo');
INSERT INTO `usuarios` (`id`, `nome`, `codigo`, `senha`, `contexto`, `situacao`) VALUES ('4907', 'SIMONE ECCO', '4907', '$2y$10$X2Vp/ZOTkn8mtAFbiJV4aOS5OkJPGdzDtbKuaLT/VPSBKQUyVc6gm', 'aluno', 'ativo');
INSERT INTO `usuarios` (`id`, `nome`, `codigo`, `senha`, `contexto`, `situacao`) VALUES ('4911', 'NATÁLIA MOHR', '4911', '$2y$10$X2Vp/ZOTkn8mtAFbiJV4aOS5OkJPGdzDtbKuaLT/VPSBKQUyVc6gm', 'aluno', 'ativo');
INSERT INTO `usuarios` (`id`, `nome`, `codigo`, `senha`, `contexto`, `situacao`) VALUES ('4912', 'MARCELO BOLLER', '4912', '$2y$10$X2Vp/ZOTkn8mtAFbiJV4aOS5OkJPGdzDtbKuaLT/VPSBKQUyVc6gm', 'aluno', 'ativo');
INSERT INTO `usuarios` (`id`, `nome`, `codigo`, `senha`, `contexto`, `situacao`) VALUES ('4915', 'SUCENA ALVES BORGES', '4915', '$2y$10$X2Vp/ZOTkn8mtAFbiJV4aOS5OkJPGdzDtbKuaLT/VPSBKQUyVc6gm', 'aluno', 'ativo');
INSERT INTO `usuarios` (`id`, `nome`, `codigo`, `senha`, `contexto`, `situacao`) VALUES ('4917', 'YONÁ PERTILLE PICOLI', '4917', '$2y$10$X2Vp/ZOTkn8mtAFbiJV4aOS5OkJPGdzDtbKuaLT/VPSBKQUyVc6gm', 'aluno', 'ativo');
INSERT INTO `usuarios` (`id`, `nome`, `codigo`, `senha`, `contexto`, `situacao`) VALUES ('4918', 'MICHELE IARA LIESCH', '4918', '$2y$10$X2Vp/ZOTkn8mtAFbiJV4aOS5OkJPGdzDtbKuaLT/VPSBKQUyVc6gm', 'aluno', 'ativo');
INSERT INTO `usuarios` (`id`, `nome`, `codigo`, `senha`, `contexto`, `situacao`) VALUES ('4919', 'EVERTON PAFUSKI', '4919', '$2y$10$X2Vp/ZOTkn8mtAFbiJV4aOS5OkJPGdzDtbKuaLT/VPSBKQUyVc6gm', 'aluno', 'ativo');
INSERT INTO `usuarios` (`id`, `nome`, `codigo`, `senha`, `contexto`, `situacao`) VALUES ('4924', 'GABRIELA MARIA PANSERA', '4924', '$2y$10$X2Vp/ZOTkn8mtAFbiJV4aOS5OkJPGdzDtbKuaLT/VPSBKQUyVc6gm', 'aluno', 'ativo');
INSERT INTO `usuarios` (`id`, `nome`, `codigo`, `senha`, `contexto`, `situacao`) VALUES ('4927', 'ROBERTA CURZEE ROMANI', '4927', '$2y$10$X2Vp/ZOTkn8mtAFbiJV4aOS5OkJPGdzDtbKuaLT/VPSBKQUyVc6gm', 'aluno', 'ativo');
INSERT INTO `usuarios` (`id`, `nome`, `codigo`, `senha`, `contexto`, `situacao`) VALUES ('4930', 'EDUARDA PAULA PERKUHN', '4930', '$2y$10$X2Vp/ZOTkn8mtAFbiJV4aOS5OkJPGdzDtbKuaLT/VPSBKQUyVc6gm', 'aluno', 'ativo');
INSERT INTO `usuarios` (`id`, `nome`, `codigo`, `senha`, `contexto`, `situacao`) VALUES ('4931', 'RENATA VEDOVATTO BARROS', '4931', '$2y$10$X2Vp/ZOTkn8mtAFbiJV4aOS5OkJPGdzDtbKuaLT/VPSBKQUyVc6gm', 'aluno', 'ativo');
INSERT INTO `usuarios` (`id`, `nome`, `codigo`, `senha`, `contexto`, `situacao`) VALUES ('4935', 'MARCOS DE VARGAS PINTO', '4935', '$2y$10$X2Vp/ZOTkn8mtAFbiJV4aOS5OkJPGdzDtbKuaLT/VPSBKQUyVc6gm', 'aluno', 'ativo');
INSERT INTO `usuarios` (`id`, `nome`, `codigo`, `senha`, `contexto`, `situacao`) VALUES ('4936', 'JOÃO CANABARRO CAMPOS', '4936', '$2y$10$X2Vp/ZOTkn8mtAFbiJV4aOS5OkJPGdzDtbKuaLT/VPSBKQUyVc6gm', 'aluno', 'ativo');
INSERT INTO `usuarios` (`id`, `nome`, `codigo`, `senha`, `contexto`, `situacao`) VALUES ('4946', 'DANIEL BERLANDA ZANFERRARI', '4946', '$2y$10$X2Vp/ZOTkn8mtAFbiJV4aOS5OkJPGdzDtbKuaLT/VPSBKQUyVc6gm', 'aluno', 'ativo');
INSERT INTO `usuarios` (`id`, `nome`, `codigo`, `senha`, `contexto`, `situacao`) VALUES ('4948', 'JÚLIA MARTINS', '4948', '$2y$10$X2Vp/ZOTkn8mtAFbiJV4aOS5OkJPGdzDtbKuaLT/VPSBKQUyVc6gm', 'aluno', 'ativo');
INSERT INTO `usuarios` (`id`, `nome`, `codigo`, `senha`, `contexto`, `situacao`) VALUES ('4950', 'PRISCILA PERETO MICHESKI', '4950', '$2y$10$X2Vp/ZOTkn8mtAFbiJV4aOS5OkJPGdzDtbKuaLT/VPSBKQUyVc6gm', 'aluno', 'ativo');
INSERT INTO `usuarios` (`id`, `nome`, `codigo`, `senha`, `contexto`, `situacao`) VALUES ('4951', 'GRIGOR HENRIQUE MENIN', '4951', '$2y$10$X2Vp/ZOTkn8mtAFbiJV4aOS5OkJPGdzDtbKuaLT/VPSBKQUyVc6gm', 'aluno', 'ativo');
INSERT INTO `usuarios` (`id`, `nome`, `codigo`, `senha`, `contexto`, `situacao`) VALUES ('4952', 'JUCIMAR CLEITON STROHER', '4952', '$2y$10$X2Vp/ZOTkn8mtAFbiJV4aOS5OkJPGdzDtbKuaLT/VPSBKQUyVc6gm', 'aluno', 'ativo');
INSERT INTO `usuarios` (`id`, `nome`, `codigo`, `senha`, `contexto`, `situacao`) VALUES ('4955', 'DIEGO GIOVANI BOLLER', '4955', '$2y$10$X2Vp/ZOTkn8mtAFbiJV4aOS5OkJPGdzDtbKuaLT/VPSBKQUyVc6gm', 'aluno', 'ativo');
INSERT INTO `usuarios` (`id`, `nome`, `codigo`, `senha`, `contexto`, `situacao`) VALUES ('4956', 'GABRIELA MINGORI', '4956', '$2y$10$X2Vp/ZOTkn8mtAFbiJV4aOS5OkJPGdzDtbKuaLT/VPSBKQUyVc6gm', 'aluno', 'ativo');
INSERT INTO `usuarios` (`id`, `nome`, `codigo`, `senha`, `contexto`, `situacao`) VALUES ('4958', 'MARA RUTE HIRT', '4958', '$2y$10$X2Vp/ZOTkn8mtAFbiJV4aOS5OkJPGdzDtbKuaLT/VPSBKQUyVc6gm', 'aluno', 'ativo');
INSERT INTO `usuarios` (`id`, `nome`, `codigo`, `senha`, `contexto`, `situacao`) VALUES ('4959', 'MATHEUS ANDRÉ GIACOMELLI BATISTA DA SILVA', '4959', '$2y$10$X2Vp/ZOTkn8mtAFbiJV4aOS5OkJPGdzDtbKuaLT/VPSBKQUyVc6gm', 'aluno', 'ativo');
INSERT INTO `usuarios` (`id`, `nome`, `codigo`, `senha`, `contexto`, `situacao`) VALUES ('4964', 'CRISTIAN WILLIAM ALBRECHT', '4964', '$2y$10$X2Vp/ZOTkn8mtAFbiJV4aOS5OkJPGdzDtbKuaLT/VPSBKQUyVc6gm', 'aluno', 'ativo');
INSERT INTO `usuarios` (`id`, `nome`, `codigo`, `senha`, `contexto`, `situacao`) VALUES ('4965', 'VIVIANE NAVA', '4965', '$2y$10$X2Vp/ZOTkn8mtAFbiJV4aOS5OkJPGdzDtbKuaLT/VPSBKQUyVc6gm', 'aluno', 'ativo');
INSERT INTO `usuarios` (`id`, `nome`, `codigo`, `senha`, `contexto`, `situacao`) VALUES ('4968', 'GABRIEL HOLLANDER BERNARDI', '4968', '$2y$10$X2Vp/ZOTkn8mtAFbiJV4aOS5OkJPGdzDtbKuaLT/VPSBKQUyVc6gm', 'aluno', 'ativo');
INSERT INTO `usuarios` (`id`, `nome`, `codigo`, `senha`, `contexto`, `situacao`) VALUES ('4969', 'WILLIAN HENRIQUE BALBINOTT', '4969', '$2y$10$X2Vp/ZOTkn8mtAFbiJV4aOS5OkJPGdzDtbKuaLT/VPSBKQUyVc6gm', 'aluno', 'ativo');
INSERT INTO `usuarios` (`id`, `nome`, `codigo`, `senha`, `contexto`, `situacao`) VALUES ('4973', 'TOBIAS LEOPOLDO DOS SANTOS', '4973', '$2y$10$X2Vp/ZOTkn8mtAFbiJV4aOS5OkJPGdzDtbKuaLT/VPSBKQUyVc6gm', 'aluno', 'ativo');
INSERT INTO `usuarios` (`id`, `nome`, `codigo`, `senha`, `contexto`, `situacao`) VALUES ('4978', 'RAFAEL LUCAS DE ARAUJO', '4978', '$2y$10$X2Vp/ZOTkn8mtAFbiJV4aOS5OkJPGdzDtbKuaLT/VPSBKQUyVc6gm', 'aluno', 'ativo');
INSERT INTO `usuarios` (`id`, `nome`, `codigo`, `senha`, `contexto`, `situacao`) VALUES ('4980', 'LUANA ANDRESSA DELIBERAL', '4980', '$2y$10$X2Vp/ZOTkn8mtAFbiJV4aOS5OkJPGdzDtbKuaLT/VPSBKQUyVc6gm', 'aluno', 'ativo');
INSERT INTO `usuarios` (`id`, `nome`, `codigo`, `senha`, `contexto`, `situacao`) VALUES ('4981', 'GALVIN RENI PRILLA', '4981', '$2y$10$X2Vp/ZOTkn8mtAFbiJV4aOS5OkJPGdzDtbKuaLT/VPSBKQUyVc6gm', 'aluno', 'ativo');
INSERT INTO `usuarios` (`id`, `nome`, `codigo`, `senha`, `contexto`, `situacao`) VALUES ('4982', 'TAÍS CRISTINA MOREIRA', '4982', '$2y$10$X2Vp/ZOTkn8mtAFbiJV4aOS5OkJPGdzDtbKuaLT/VPSBKQUyVc6gm', 'aluno', 'ativo');
INSERT INTO `usuarios` (`id`, `nome`, `codigo`, `senha`, `contexto`, `situacao`) VALUES ('4985', 'PÂMELA RENATA NERI', '4985', '$2y$10$X2Vp/ZOTkn8mtAFbiJV4aOS5OkJPGdzDtbKuaLT/VPSBKQUyVc6gm', 'aluno', 'ativo');
INSERT INTO `usuarios` (`id`, `nome`, `codigo`, `senha`, `contexto`, `situacao`) VALUES ('4989', 'ANDRESSA FAGANELLO', '4989', '$2y$10$X2Vp/ZOTkn8mtAFbiJV4aOS5OkJPGdzDtbKuaLT/VPSBKQUyVc6gm', 'aluno', 'ativo');
INSERT INTO `usuarios` (`id`, `nome`, `codigo`, `senha`, `contexto`, `situacao`) VALUES ('4993', 'STEFFANY MURIELLI BATISTA MURARI', '4993', '$2y$10$X2Vp/ZOTkn8mtAFbiJV4aOS5OkJPGdzDtbKuaLT/VPSBKQUyVc6gm', 'aluno', 'ativo');
INSERT INTO `usuarios` (`id`, `nome`, `codigo`, `senha`, `contexto`, `situacao`) VALUES ('4995', 'SAMUEL BOBERMEN DE SOUZA', '4995', '$2y$10$X2Vp/ZOTkn8mtAFbiJV4aOS5OkJPGdzDtbKuaLT/VPSBKQUyVc6gm', 'aluno', 'ativo');
INSERT INTO `usuarios` (`id`, `nome`, `codigo`, `senha`, `contexto`, `situacao`) VALUES ('5003', 'KAREN RENATA PSIDONIK', '5003', '$2y$10$X2Vp/ZOTkn8mtAFbiJV4aOS5OkJPGdzDtbKuaLT/VPSBKQUyVc6gm', 'aluno', 'ativo');
INSERT INTO `usuarios` (`id`, `nome`, `codigo`, `senha`, `contexto`, `situacao`) VALUES ('5005', 'GABRIEL PROVIN BOBADILLA', '5005', '$2y$10$X2Vp/ZOTkn8mtAFbiJV4aOS5OkJPGdzDtbKuaLT/VPSBKQUyVc6gm', 'aluno', 'ativo');
INSERT INTO `usuarios` (`id`, `nome`, `codigo`, `senha`, `contexto`, `situacao`) VALUES ('5007', 'JOÃO PAULO CHAGAS DAMBROS', '5007', '$2y$10$X2Vp/ZOTkn8mtAFbiJV4aOS5OkJPGdzDtbKuaLT/VPSBKQUyVc6gm', 'aluno', 'ativo');
INSERT INTO `usuarios` (`id`, `nome`, `codigo`, `senha`, `contexto`, `situacao`) VALUES ('5029', 'ANDERSON LUIS POCHMANN', '5029', '$2y$10$X2Vp/ZOTkn8mtAFbiJV4aOS5OkJPGdzDtbKuaLT/VPSBKQUyVc6gm', 'aluno', 'ativo');
INSERT INTO `usuarios` (`id`, `nome`, `codigo`, `senha`, `contexto`, `situacao`) VALUES ('5031', 'HENRIQUE SMANIOTTO', '5031', '$2y$10$X2Vp/ZOTkn8mtAFbiJV4aOS5OkJPGdzDtbKuaLT/VPSBKQUyVc6gm', 'aluno', 'ativo');
INSERT INTO `usuarios` (`id`, `nome`, `codigo`, `senha`, `contexto`, `situacao`) VALUES ('5033', 'CÉLIO FERREIRA DA CRUZ', '5033', '$2y$10$X2Vp/ZOTkn8mtAFbiJV4aOS5OkJPGdzDtbKuaLT/VPSBKQUyVc6gm', 'aluno', 'ativo');
INSERT INTO `usuarios` (`id`, `nome`, `codigo`, `senha`, `contexto`, `situacao`) VALUES ('5034', 'LEANDRO LOPES TIZOCO', '5034', '$2y$10$X2Vp/ZOTkn8mtAFbiJV4aOS5OkJPGdzDtbKuaLT/VPSBKQUyVc6gm', 'aluno', 'ativo');
INSERT INTO `usuarios` (`id`, `nome`, `codigo`, `senha`, `contexto`, `situacao`) VALUES ('5036', 'MIKAEL POWZUM AMORIM', '5036', '$2y$10$X2Vp/ZOTkn8mtAFbiJV4aOS5OkJPGdzDtbKuaLT/VPSBKQUyVc6gm', 'aluno', 'ativo');
INSERT INTO `usuarios` (`id`, `nome`, `codigo`, `senha`, `contexto`, `situacao`) VALUES ('5039', 'JOSIMAR ANDRÉ ANZOLIN', '5039', '$2y$10$X2Vp/ZOTkn8mtAFbiJV4aOS5OkJPGdzDtbKuaLT/VPSBKQUyVc6gm', 'aluno', 'ativo');
INSERT INTO `usuarios` (`id`, `nome`, `codigo`, `senha`, `contexto`, `situacao`) VALUES ('5040', 'MICHELE CARLA TROMBETA', '5040', '$2y$10$X2Vp/ZOTkn8mtAFbiJV4aOS5OkJPGdzDtbKuaLT/VPSBKQUyVc6gm', 'aluno', 'ativo');
INSERT INTO `usuarios` (`id`, `nome`, `codigo`, `senha`, `contexto`, `situacao`) VALUES ('5041', 'TATIANE JÉSSICA DE MEDEIROS', '5041', '$2y$10$X2Vp/ZOTkn8mtAFbiJV4aOS5OkJPGdzDtbKuaLT/VPSBKQUyVc6gm', 'aluno', 'ativo');
INSERT INTO `usuarios` (`id`, `nome`, `codigo`, `senha`, `contexto`, `situacao`) VALUES ('5050', 'FERNANDO LUIZ DA SILVA', '5050', '$2y$10$X2Vp/ZOTkn8mtAFbiJV4aOS5OkJPGdzDtbKuaLT/VPSBKQUyVc6gm', 'aluno', 'ativo');
INSERT INTO `usuarios` (`id`, `nome`, `codigo`, `senha`, `contexto`, `situacao`) VALUES ('5054', 'CRISTIANO BIOLO JÚNIOR', '5054', '$2y$10$X2Vp/ZOTkn8mtAFbiJV4aOS5OkJPGdzDtbKuaLT/VPSBKQUyVc6gm', 'aluno', 'ativo');
INSERT INTO `usuarios` (`id`, `nome`, `codigo`, `senha`, `contexto`, `situacao`) VALUES ('5055', 'LUANA SALETE GIESEL', '5055', '$2y$10$X2Vp/ZOTkn8mtAFbiJV4aOS5OkJPGdzDtbKuaLT/VPSBKQUyVc6gm', 'aluno', 'ativo');
INSERT INTO `usuarios` (`id`, `nome`, `codigo`, `senha`, `contexto`, `situacao`) VALUES ('5061', 'GIOVANA CRISTINA TORTELLI', '5061', '$2y$10$X2Vp/ZOTkn8mtAFbiJV4aOS5OkJPGdzDtbKuaLT/VPSBKQUyVc6gm', 'aluno', 'ativo');
INSERT INTO `usuarios` (`id`, `nome`, `codigo`, `senha`, `contexto`, `situacao`) VALUES ('5064', 'LEONARDO PAOLO FERRARI MADRID', '5064', '$2y$10$X2Vp/ZOTkn8mtAFbiJV4aOS5OkJPGdzDtbKuaLT/VPSBKQUyVc6gm', 'aluno', 'ativo');
INSERT INTO `usuarios` (`id`, `nome`, `codigo`, `senha`, `contexto`, `situacao`) VALUES ('5067', 'LEONARDO BRANCHER BAMPI', '5067', '$2y$10$X2Vp/ZOTkn8mtAFbiJV4aOS5OkJPGdzDtbKuaLT/VPSBKQUyVc6gm', 'aluno', 'ativo');
INSERT INTO `usuarios` (`id`, `nome`, `codigo`, `senha`, `contexto`, `situacao`) VALUES ('5068', 'PABLO LIOTTO DONIDA PEDROSO', '5068', '$2y$10$X2Vp/ZOTkn8mtAFbiJV4aOS5OkJPGdzDtbKuaLT/VPSBKQUyVc6gm', 'aluno', 'ativo');
INSERT INTO `usuarios` (`id`, `nome`, `codigo`, `senha`, `contexto`, `situacao`) VALUES ('5077', 'GRACIELA FERNANDES PRESTES', '5077', '$2y$10$X2Vp/ZOTkn8mtAFbiJV4aOS5OkJPGdzDtbKuaLT/VPSBKQUyVc6gm', 'aluno', 'ativo');
INSERT INTO `usuarios` (`id`, `nome`, `codigo`, `senha`, `contexto`, `situacao`) VALUES ('5082', 'CRISTIAN JAILSON PEREIRA DUARTE', '5082', '$2y$10$X2Vp/ZOTkn8mtAFbiJV4aOS5OkJPGdzDtbKuaLT/VPSBKQUyVc6gm', 'aluno', 'ativo');
INSERT INTO `usuarios` (`id`, `nome`, `codigo`, `senha`, `contexto`, `situacao`) VALUES ('5083', 'GUILHERME PARIS', '5083', '$2y$10$X2Vp/ZOTkn8mtAFbiJV4aOS5OkJPGdzDtbKuaLT/VPSBKQUyVc6gm', 'aluno', 'ativo');
INSERT INTO `usuarios` (`id`, `nome`, `codigo`, `senha`, `contexto`, `situacao`) VALUES ('5159', 'LUCAS SILVANO FAROFA', '5159', '$2y$10$X2Vp/ZOTkn8mtAFbiJV4aOS5OkJPGdzDtbKuaLT/VPSBKQUyVc6gm', 'aluno', 'ativo');
INSERT INTO `usuarios` (`id`, `nome`, `codigo`, `senha`, `contexto`, `situacao`) VALUES ('5161', 'LISIÊ MASSAROTTO', '5161', '$2y$10$X2Vp/ZOTkn8mtAFbiJV4aOS5OkJPGdzDtbKuaLT/VPSBKQUyVc6gm', 'aluno', 'ativo');
INSERT INTO `usuarios` (`id`, `nome`, `codigo`, `senha`, `contexto`, `situacao`) VALUES ('5164', 'ROBERTO CARLOS ORSO', '5164', '$2y$10$X2Vp/ZOTkn8mtAFbiJV4aOS5OkJPGdzDtbKuaLT/VPSBKQUyVc6gm', 'aluno', 'ativo');
INSERT INTO `usuarios` (`id`, `nome`, `codigo`, `senha`, `contexto`, `situacao`) VALUES ('5165', 'SIMONE ARNDT TERRA', '5165', '$2y$10$X2Vp/ZOTkn8mtAFbiJV4aOS5OkJPGdzDtbKuaLT/VPSBKQUyVc6gm', 'aluno', 'ativo');
INSERT INTO `usuarios` (`id`, `nome`, `codigo`, `senha`, `contexto`, `situacao`) VALUES ('5166', 'GÉSSICA DIAS DE ABREU', '5166', '$2y$10$X2Vp/ZOTkn8mtAFbiJV4aOS5OkJPGdzDtbKuaLT/VPSBKQUyVc6gm', 'aluno', 'ativo');
INSERT INTO `usuarios` (`id`, `nome`, `codigo`, `senha`, `contexto`, `situacao`) VALUES ('5167', 'LUCAS BADALOTTI PETKOVICZ', '5167', '$2y$10$X2Vp/ZOTkn8mtAFbiJV4aOS5OkJPGdzDtbKuaLT/VPSBKQUyVc6gm', 'aluno', 'ativo');
INSERT INTO `usuarios` (`id`, `nome`, `codigo`, `senha`, `contexto`, `situacao`) VALUES ('5168', 'SILVAN DEMARCO', '5168', '$2y$10$X2Vp/ZOTkn8mtAFbiJV4aOS5OkJPGdzDtbKuaLT/VPSBKQUyVc6gm', 'aluno', 'ativo');
INSERT INTO `usuarios` (`id`, `nome`, `codigo`, `senha`, `contexto`, `situacao`) VALUES ('5169', 'JOSIELE FÁTIMA WEIRICH', '5169', '$2y$10$X2Vp/ZOTkn8mtAFbiJV4aOS5OkJPGdzDtbKuaLT/VPSBKQUyVc6gm', 'aluno', 'ativo');
INSERT INTO `usuarios` (`id`, `nome`, `codigo`, `senha`, `contexto`, `situacao`) VALUES ('5170', 'VICENTE GABRIEL BARBOSA SFATOSKI', '5170', '$2y$10$X2Vp/ZOTkn8mtAFbiJV4aOS5OkJPGdzDtbKuaLT/VPSBKQUyVc6gm', 'aluno', 'ativo');
INSERT INTO `usuarios` (`id`, `nome`, `codigo`, `senha`, `contexto`, `situacao`) VALUES ('5172', 'RAFAELA PRÛN-JÊ DE OLIVEIRA', '5172', '$2y$10$X2Vp/ZOTkn8mtAFbiJV4aOS5OkJPGdzDtbKuaLT/VPSBKQUyVc6gm', 'aluno', 'ativo');
INSERT INTO `usuarios` (`id`, `nome`, `codigo`, `senha`, `contexto`, `situacao`) VALUES ('5178', 'CAROLINE MARTINS', '5178', '$2y$10$X2Vp/ZOTkn8mtAFbiJV4aOS5OkJPGdzDtbKuaLT/VPSBKQUyVc6gm', 'aluno', 'ativo');
INSERT INTO `usuarios` (`id`, `nome`, `codigo`, `senha`, `contexto`, `situacao`) VALUES ('5179', 'CAMILA VANZ MARCOLIN', '5179', '$2y$10$X2Vp/ZOTkn8mtAFbiJV4aOS5OkJPGdzDtbKuaLT/VPSBKQUyVc6gm', 'aluno', 'ativo');
INSERT INTO `usuarios` (`id`, `nome`, `codigo`, `senha`, `contexto`, `situacao`) VALUES ('5180', 'TATIANE BOTH', '5180', '$2y$10$X2Vp/ZOTkn8mtAFbiJV4aOS5OkJPGdzDtbKuaLT/VPSBKQUyVc6gm', 'aluno', 'ativo');
INSERT INTO `usuarios` (`id`, `nome`, `codigo`, `senha`, `contexto`, `situacao`) VALUES ('5184', 'ANDERSON BATISTELA', '5184', '$2y$10$X2Vp/ZOTkn8mtAFbiJV4aOS5OkJPGdzDtbKuaLT/VPSBKQUyVc6gm', 'aluno', 'ativo');
INSERT INTO `usuarios` (`id`, `nome`, `codigo`, `senha`, `contexto`, `situacao`) VALUES ('5187', 'ANDRESSA PAULA BATTISTI', '5187', '$2y$10$X2Vp/ZOTkn8mtAFbiJV4aOS5OkJPGdzDtbKuaLT/VPSBKQUyVc6gm', 'aluno', 'ativo');
INSERT INTO `usuarios` (`id`, `nome`, `codigo`, `senha`, `contexto`, `situacao`) VALUES ('5189', 'VITORYA CAROLINA ZANATTA BARROSO', '5189', '$2y$10$X2Vp/ZOTkn8mtAFbiJV4aOS5OkJPGdzDtbKuaLT/VPSBKQUyVc6gm', 'aluno', 'ativo');
INSERT INTO `usuarios` (`id`, `nome`, `codigo`, `senha`, `contexto`, `situacao`) VALUES ('5190', 'MAIARA FÁTIMA MAY', '5190', '$2y$10$X2Vp/ZOTkn8mtAFbiJV4aOS5OkJPGdzDtbKuaLT/VPSBKQUyVc6gm', 'aluno', 'ativo');
INSERT INTO `usuarios` (`id`, `nome`, `codigo`, `senha`, `contexto`, `situacao`) VALUES ('5218', 'ALINE RONSONI DE OLIVEIRA', '5218', '$2y$10$X2Vp/ZOTkn8mtAFbiJV4aOS5OkJPGdzDtbKuaLT/VPSBKQUyVc6gm', 'aluno', 'ativo');
INSERT INTO `usuarios` (`id`, `nome`, `codigo`, `senha`, `contexto`, `situacao`) VALUES ('5267', 'CAUÊ MICHIELIN BONORINO', '5267', '$2y$10$X2Vp/ZOTkn8mtAFbiJV4aOS5OkJPGdzDtbKuaLT/VPSBKQUyVc6gm', 'aluno', 'ativo');
INSERT INTO `usuarios` (`id`, `nome`, `codigo`, `senha`, `contexto`, `situacao`) VALUES ('5268', 'CHALINE CRISTINA BANFI', '5268', '$2y$10$X2Vp/ZOTkn8mtAFbiJV4aOS5OkJPGdzDtbKuaLT/VPSBKQUyVc6gm', 'aluno', 'ativo');
INSERT INTO `usuarios` (`id`, `nome`, `codigo`, `senha`, `contexto`, `situacao`) VALUES ('5269', 'TAINÁ SAVI BUSIKE', '5269', '$2y$10$X2Vp/ZOTkn8mtAFbiJV4aOS5OkJPGdzDtbKuaLT/VPSBKQUyVc6gm', 'aluno', 'ativo');
INSERT INTO `usuarios` (`id`, `nome`, `codigo`, `senha`, `contexto`, `situacao`) VALUES ('5271', 'JÉSSICA CAROLINE BIEDACHA', '5271', '$2y$10$X2Vp/ZOTkn8mtAFbiJV4aOS5OkJPGdzDtbKuaLT/VPSBKQUyVc6gm', 'aluno', 'ativo');
INSERT INTO `usuarios` (`id`, `nome`, `codigo`, `senha`, `contexto`, `situacao`) VALUES ('5272', 'ANGELICA MARIA MAKIJEWSKI', '5272', '$2y$10$X2Vp/ZOTkn8mtAFbiJV4aOS5OkJPGdzDtbKuaLT/VPSBKQUyVc6gm', 'aluno', 'ativo');
INSERT INTO `usuarios` (`id`, `nome`, `codigo`, `senha`, `contexto`, `situacao`) VALUES ('5273', 'TAINÁ PERTILLE PICOLI', '5273', '$2y$10$X2Vp/ZOTkn8mtAFbiJV4aOS5OkJPGdzDtbKuaLT/VPSBKQUyVc6gm', 'aluno', 'ativo');
INSERT INTO `usuarios` (`id`, `nome`, `codigo`, `senha`, `contexto`, `situacao`) VALUES ('5275', 'ANDRESSA TOMASINI', '5275', '$2y$10$X2Vp/ZOTkn8mtAFbiJV4aOS5OkJPGdzDtbKuaLT/VPSBKQUyVc6gm', 'aluno', 'ativo');
INSERT INTO `usuarios` (`id`, `nome`, `codigo`, `senha`, `contexto`, `situacao`) VALUES ('5276', 'GESSICA NAZARIO BORBA', '5276', '$2y$10$X2Vp/ZOTkn8mtAFbiJV4aOS5OkJPGdzDtbKuaLT/VPSBKQUyVc6gm', 'aluno', 'ativo');
INSERT INTO `usuarios` (`id`, `nome`, `codigo`, `senha`, `contexto`, `situacao`) VALUES ('5277', 'ALESSANDRA TAÍS NAZARIO RIBEIRO', '5277', '$2y$10$X2Vp/ZOTkn8mtAFbiJV4aOS5OkJPGdzDtbKuaLT/VPSBKQUyVc6gm', 'aluno', 'ativo');
INSERT INTO `usuarios` (`id`, `nome`, `codigo`, `senha`, `contexto`, `situacao`) VALUES ('5279', 'LARISSA DE LIMA', '5279', '$2y$10$X2Vp/ZOTkn8mtAFbiJV4aOS5OkJPGdzDtbKuaLT/VPSBKQUyVc6gm', 'aluno', 'ativo');
INSERT INTO `usuarios` (`id`, `nome`, `codigo`, `senha`, `contexto`, `situacao`) VALUES ('5280', 'CARINA TURSKI', '5280', '$2y$10$X2Vp/ZOTkn8mtAFbiJV4aOS5OkJPGdzDtbKuaLT/VPSBKQUyVc6gm', 'aluno', 'ativo');
INSERT INTO `usuarios` (`id`, `nome`, `codigo`, `senha`, `contexto`, `situacao`) VALUES ('5282', 'FERNANDO BRESSIANI', '5282', '$2y$10$X2Vp/ZOTkn8mtAFbiJV4aOS5OkJPGdzDtbKuaLT/VPSBKQUyVc6gm', 'aluno', 'ativo');
INSERT INTO `usuarios` (`id`, `nome`, `codigo`, `senha`, `contexto`, `situacao`) VALUES ('5283', 'ANTONIO CRISTIANO MUNARI', '5283', '$2y$10$X2Vp/ZOTkn8mtAFbiJV4aOS5OkJPGdzDtbKuaLT/VPSBKQUyVc6gm', 'aluno', 'ativo');
INSERT INTO `usuarios` (`id`, `nome`, `codigo`, `senha`, `contexto`, `situacao`) VALUES ('5286', 'ALEXANDRE DESORDI DALLAGNOL', '5286', '$2y$10$X2Vp/ZOTkn8mtAFbiJV4aOS5OkJPGdzDtbKuaLT/VPSBKQUyVc6gm', 'aluno', 'ativo');
INSERT INTO `usuarios` (`id`, `nome`, `codigo`, `senha`, `contexto`, `situacao`) VALUES ('5287', 'THAINÁ CARRERA ROMMEL', '5287', '$2y$10$X2Vp/ZOTkn8mtAFbiJV4aOS5OkJPGdzDtbKuaLT/VPSBKQUyVc6gm', 'aluno', 'ativo');
INSERT INTO `usuarios` (`id`, `nome`, `codigo`, `senha`, `contexto`, `situacao`) VALUES ('5289', 'MILENA GIACOMOLLI', '5289', '$2y$10$X2Vp/ZOTkn8mtAFbiJV4aOS5OkJPGdzDtbKuaLT/VPSBKQUyVc6gm', 'aluno', 'ativo');
INSERT INTO `usuarios` (`id`, `nome`, `codigo`, `senha`, `contexto`, `situacao`) VALUES ('5290', 'IARA TORRES SCZEFS', '5290', '$2y$10$X2Vp/ZOTkn8mtAFbiJV4aOS5OkJPGdzDtbKuaLT/VPSBKQUyVc6gm', 'aluno', 'ativo');
INSERT INTO `usuarios` (`id`, `nome`, `codigo`, `senha`, `contexto`, `situacao`) VALUES ('5293', 'ANA PAULA BERGAMIN', '5293', '$2y$10$X2Vp/ZOTkn8mtAFbiJV4aOS5OkJPGdzDtbKuaLT/VPSBKQUyVc6gm', 'aluno', 'ativo');
INSERT INTO `usuarios` (`id`, `nome`, `codigo`, `senha`, `contexto`, `situacao`) VALUES ('5294', 'RAFAELA CAROLINE DEL PRÁ', '5294', '$2y$10$X2Vp/ZOTkn8mtAFbiJV4aOS5OkJPGdzDtbKuaLT/VPSBKQUyVc6gm', 'aluno', 'ativo');
INSERT INTO `usuarios` (`id`, `nome`, `codigo`, `senha`, `contexto`, `situacao`) VALUES ('5296', 'ELIS MARINA MAZZONETTO', '5296', '$2y$10$X2Vp/ZOTkn8mtAFbiJV4aOS5OkJPGdzDtbKuaLT/VPSBKQUyVc6gm', 'aluno', 'ativo');
INSERT INTO `usuarios` (`id`, `nome`, `codigo`, `senha`, `contexto`, `situacao`) VALUES ('5298', 'CIMARA BRUNA BEDENDE', '5298', '$2y$10$X2Vp/ZOTkn8mtAFbiJV4aOS5OkJPGdzDtbKuaLT/VPSBKQUyVc6gm', 'aluno', 'ativo');
INSERT INTO `usuarios` (`id`, `nome`, `codigo`, `senha`, `contexto`, `situacao`) VALUES ('5300', 'ANTHONI BATTISTI VARGAS', '5300', '$2y$10$X2Vp/ZOTkn8mtAFbiJV4aOS5OkJPGdzDtbKuaLT/VPSBKQUyVc6gm', 'aluno', 'ativo');
INSERT INTO `usuarios` (`id`, `nome`, `codigo`, `senha`, `contexto`, `situacao`) VALUES ('5301', 'MILENE SACCOMORI', '5301', '$2y$10$X2Vp/ZOTkn8mtAFbiJV4aOS5OkJPGdzDtbKuaLT/VPSBKQUyVc6gm', 'aluno', 'ativo');
INSERT INTO `usuarios` (`id`, `nome`, `codigo`, `senha`, `contexto`, `situacao`) VALUES ('5303', 'ELOISA BORDIGNON', '5303', '$2y$10$X2Vp/ZOTkn8mtAFbiJV4aOS5OkJPGdzDtbKuaLT/VPSBKQUyVc6gm', 'aluno', 'ativo');
INSERT INTO `usuarios` (`id`, `nome`, `codigo`, `senha`, `contexto`, `situacao`) VALUES ('5304', 'LUIS HENRIQUE BIAVATTI', '5304', '$2y$10$X2Vp/ZOTkn8mtAFbiJV4aOS5OkJPGdzDtbKuaLT/VPSBKQUyVc6gm', 'aluno', 'ativo');
INSERT INTO `usuarios` (`id`, `nome`, `codigo`, `senha`, `contexto`, `situacao`) VALUES ('5306', 'STÉPHANI LUISA OZIEMBLOWSKI AZAMBUJA', '5306', '$2y$10$X2Vp/ZOTkn8mtAFbiJV4aOS5OkJPGdzDtbKuaLT/VPSBKQUyVc6gm', 'aluno', 'ativo');
INSERT INTO `usuarios` (`id`, `nome`, `codigo`, `senha`, `contexto`, `situacao`) VALUES ('5307', 'JACSON VINÍCIUS GRANDO', '5307', '$2y$10$X2Vp/ZOTkn8mtAFbiJV4aOS5OkJPGdzDtbKuaLT/VPSBKQUyVc6gm', 'aluno', 'ativo');
INSERT INTO `usuarios` (`id`, `nome`, `codigo`, `senha`, `contexto`, `situacao`) VALUES ('5310', 'MAIARA CLAIR BORGES', '5310', '$2y$10$X2Vp/ZOTkn8mtAFbiJV4aOS5OkJPGdzDtbKuaLT/VPSBKQUyVc6gm', 'aluno', 'ativo');
INSERT INTO `usuarios` (`id`, `nome`, `codigo`, `senha`, `contexto`, `situacao`) VALUES ('5312', 'ANANDA DAVIDONIS VARGAS', '5312', '$2y$10$X2Vp/ZOTkn8mtAFbiJV4aOS5OkJPGdzDtbKuaLT/VPSBKQUyVc6gm', 'aluno', 'ativo');
INSERT INTO `usuarios` (`id`, `nome`, `codigo`, `senha`, `contexto`, `situacao`) VALUES ('5314', 'PATRICIO BRANDALIZE', '5314', '$2y$10$X2Vp/ZOTkn8mtAFbiJV4aOS5OkJPGdzDtbKuaLT/VPSBKQUyVc6gm', 'aluno', 'ativo');
INSERT INTO `usuarios` (`id`, `nome`, `codigo`, `senha`, `contexto`, `situacao`) VALUES ('5315', 'MARIÉLE OSTROWSKI', '5315', '$2y$10$X2Vp/ZOTkn8mtAFbiJV4aOS5OkJPGdzDtbKuaLT/VPSBKQUyVc6gm', 'aluno', 'ativo');
INSERT INTO `usuarios` (`id`, `nome`, `codigo`, `senha`, `contexto`, `situacao`) VALUES ('5318', 'WAGNER PRAZMOWSKI', '5318', '$2y$10$X2Vp/ZOTkn8mtAFbiJV4aOS5OkJPGdzDtbKuaLT/VPSBKQUyVc6gm', 'aluno', 'ativo');
INSERT INTO `usuarios` (`id`, `nome`, `codigo`, `senha`, `contexto`, `situacao`) VALUES ('5320', 'EUNIR KAISER', '5320', '$2y$10$X2Vp/ZOTkn8mtAFbiJV4aOS5OkJPGdzDtbKuaLT/VPSBKQUyVc6gm', 'aluno', 'ativo');
INSERT INTO `usuarios` (`id`, `nome`, `codigo`, `senha`, `contexto`, `situacao`) VALUES ('5322', 'DAIANE VANESSA PILONI BERTUOL', '5322', '$2y$10$X2Vp/ZOTkn8mtAFbiJV4aOS5OkJPGdzDtbKuaLT/VPSBKQUyVc6gm', 'aluno', 'ativo');
INSERT INTO `usuarios` (`id`, `nome`, `codigo`, `senha`, `contexto`, `situacao`) VALUES ('5323', 'JÔNATAS SFREDO', '5323', '$2y$10$X2Vp/ZOTkn8mtAFbiJV4aOS5OkJPGdzDtbKuaLT/VPSBKQUyVc6gm', 'aluno', 'ativo');
INSERT INTO `usuarios` (`id`, `nome`, `codigo`, `senha`, `contexto`, `situacao`) VALUES ('5324', 'FABÍOLA MADEY BONAVIGO', '5324', '$2y$10$X2Vp/ZOTkn8mtAFbiJV4aOS5OkJPGdzDtbKuaLT/VPSBKQUyVc6gm', 'aluno', 'ativo');
INSERT INTO `usuarios` (`id`, `nome`, `codigo`, `senha`, `contexto`, `situacao`) VALUES ('5326', 'RAFAELA SOARES', '5326', '$2y$10$X2Vp/ZOTkn8mtAFbiJV4aOS5OkJPGdzDtbKuaLT/VPSBKQUyVc6gm', 'aluno', 'ativo');
INSERT INTO `usuarios` (`id`, `nome`, `codigo`, `senha`, `contexto`, `situacao`) VALUES ('5328', 'ALINE KISSEL', '5328', '$2y$10$X2Vp/ZOTkn8mtAFbiJV4aOS5OkJPGdzDtbKuaLT/VPSBKQUyVc6gm', 'aluno', 'ativo');
INSERT INTO `usuarios` (`id`, `nome`, `codigo`, `senha`, `contexto`, `situacao`) VALUES ('5330', 'GUILHERME LETTRARI ECHER', '5330', '$2y$10$X2Vp/ZOTkn8mtAFbiJV4aOS5OkJPGdzDtbKuaLT/VPSBKQUyVc6gm', 'aluno', 'ativo');
INSERT INTO `usuarios` (`id`, `nome`, `codigo`, `senha`, `contexto`, `situacao`) VALUES ('5331', 'HENRIQUE DREWS', '5331', '$2y$10$X2Vp/ZOTkn8mtAFbiJV4aOS5OkJPGdzDtbKuaLT/VPSBKQUyVc6gm', 'aluno', 'ativo');
INSERT INTO `usuarios` (`id`, `nome`, `codigo`, `senha`, `contexto`, `situacao`) VALUES ('5332', 'DAIANA MARIA SEMENUK JUTKOVSKI', '5332', '$2y$10$X2Vp/ZOTkn8mtAFbiJV4aOS5OkJPGdzDtbKuaLT/VPSBKQUyVc6gm', 'aluno', 'ativo');
INSERT INTO `usuarios` (`id`, `nome`, `codigo`, `senha`, `contexto`, `situacao`) VALUES ('5333', 'MAICON ARTUZO KREBS', '5333', '$2y$10$X2Vp/ZOTkn8mtAFbiJV4aOS5OkJPGdzDtbKuaLT/VPSBKQUyVc6gm', 'aluno', 'ativo');
INSERT INTO `usuarios` (`id`, `nome`, `codigo`, `senha`, `contexto`, `situacao`) VALUES ('5334', 'DANIELA FATIMA DE SOUZA', '5334', '$2y$10$X2Vp/ZOTkn8mtAFbiJV4aOS5OkJPGdzDtbKuaLT/VPSBKQUyVc6gm', 'aluno', 'ativo');
INSERT INTO `usuarios` (`id`, `nome`, `codigo`, `senha`, `contexto`, `situacao`) VALUES ('5335', 'JUSANAN THAIS FELDENS', '5335', '$2y$10$X2Vp/ZOTkn8mtAFbiJV4aOS5OkJPGdzDtbKuaLT/VPSBKQUyVc6gm', 'aluno', 'ativo');
INSERT INTO `usuarios` (`id`, `nome`, `codigo`, `senha`, `contexto`, `situacao`) VALUES ('5336', 'CARLA LETÍCIA MIOLA MALVESTI', '5336', '$2y$10$X2Vp/ZOTkn8mtAFbiJV4aOS5OkJPGdzDtbKuaLT/VPSBKQUyVc6gm', 'aluno', 'ativo');
INSERT INTO `usuarios` (`id`, `nome`, `codigo`, `senha`, `contexto`, `situacao`) VALUES ('5337', 'LETÍCIA TRINDADE PAULA RODRIGUES', '5337', '$2y$10$X2Vp/ZOTkn8mtAFbiJV4aOS5OkJPGdzDtbKuaLT/VPSBKQUyVc6gm', 'aluno', 'ativo');
INSERT INTO `usuarios` (`id`, `nome`, `codigo`, `senha`, `contexto`, `situacao`) VALUES ('5338', 'NATALLI TEIXEIRA', '5338', '$2y$10$X2Vp/ZOTkn8mtAFbiJV4aOS5OkJPGdzDtbKuaLT/VPSBKQUyVc6gm', 'aluno', 'ativo');
INSERT INTO `usuarios` (`id`, `nome`, `codigo`, `senha`, `contexto`, `situacao`) VALUES ('5342', 'LELIANA BONFANTE', '5342', '$2y$10$X2Vp/ZOTkn8mtAFbiJV4aOS5OkJPGdzDtbKuaLT/VPSBKQUyVc6gm', 'aluno', 'ativo');
INSERT INTO `usuarios` (`id`, `nome`, `codigo`, `senha`, `contexto`, `situacao`) VALUES ('5345', 'ANDRESSA MAÍSA CEZANIAK DE OLIVEIRA', '5345', '$2y$10$X2Vp/ZOTkn8mtAFbiJV4aOS5OkJPGdzDtbKuaLT/VPSBKQUyVc6gm', 'aluno', 'ativo');
INSERT INTO `usuarios` (`id`, `nome`, `codigo`, `senha`, `contexto`, `situacao`) VALUES ('5346', 'JULIA MARA MOSSI', '5346', '$2y$10$X2Vp/ZOTkn8mtAFbiJV4aOS5OkJPGdzDtbKuaLT/VPSBKQUyVc6gm', 'aluno', 'ativo');
INSERT INTO `usuarios` (`id`, `nome`, `codigo`, `senha`, `contexto`, `situacao`) VALUES ('5348', 'BRUNA SELIVON', '5348', '$2y$10$X2Vp/ZOTkn8mtAFbiJV4aOS5OkJPGdzDtbKuaLT/VPSBKQUyVc6gm', 'aluno', 'ativo');
INSERT INTO `usuarios` (`id`, `nome`, `codigo`, `senha`, `contexto`, `situacao`) VALUES ('5353', 'EDUARDO MOCELLIN DELIBERAL', '5353', '$2y$10$X2Vp/ZOTkn8mtAFbiJV4aOS5OkJPGdzDtbKuaLT/VPSBKQUyVc6gm', 'aluno', 'ativo');
INSERT INTO `usuarios` (`id`, `nome`, `codigo`, `senha`, `contexto`, `situacao`) VALUES ('5354', 'LUANA DALLAGNOL', '5354', '$2y$10$X2Vp/ZOTkn8mtAFbiJV4aOS5OkJPGdzDtbKuaLT/VPSBKQUyVc6gm', 'aluno', 'ativo');
INSERT INTO `usuarios` (`id`, `nome`, `codigo`, `senha`, `contexto`, `situacao`) VALUES ('5356', 'ALANE GASPARETTO', '5356', '$2y$10$X2Vp/ZOTkn8mtAFbiJV4aOS5OkJPGdzDtbKuaLT/VPSBKQUyVc6gm', 'aluno', 'ativo');
INSERT INTO `usuarios` (`id`, `nome`, `codigo`, `senha`, `contexto`, `situacao`) VALUES ('5360', 'LETÍCIA DALLAGNOL', '5360', '$2y$10$X2Vp/ZOTkn8mtAFbiJV4aOS5OkJPGdzDtbKuaLT/VPSBKQUyVc6gm', 'aluno', 'ativo');
INSERT INTO `usuarios` (`id`, `nome`, `codigo`, `senha`, `contexto`, `situacao`) VALUES ('5361', 'LUANA LAZARI', '5361', '$2y$10$X2Vp/ZOTkn8mtAFbiJV4aOS5OkJPGdzDtbKuaLT/VPSBKQUyVc6gm', 'aluno', 'ativo');
INSERT INTO `usuarios` (`id`, `nome`, `codigo`, `senha`, `contexto`, `situacao`) VALUES ('5365', 'TATIANE SANDRA LOPES', '5365', '$2y$10$X2Vp/ZOTkn8mtAFbiJV4aOS5OkJPGdzDtbKuaLT/VPSBKQUyVc6gm', 'aluno', 'ativo');
INSERT INTO `usuarios` (`id`, `nome`, `codigo`, `senha`, `contexto`, `situacao`) VALUES ('5369', 'CHALINE TRENTIN', '5369', '$2y$10$X2Vp/ZOTkn8mtAFbiJV4aOS5OkJPGdzDtbKuaLT/VPSBKQUyVc6gm', 'aluno', 'ativo');
INSERT INTO `usuarios` (`id`, `nome`, `codigo`, `senha`, `contexto`, `situacao`) VALUES ('5372', 'ALESSON BREITENBACH', '5372', '$2y$10$X2Vp/ZOTkn8mtAFbiJV4aOS5OkJPGdzDtbKuaLT/VPSBKQUyVc6gm', 'aluno', 'ativo');
INSERT INTO `usuarios` (`id`, `nome`, `codigo`, `senha`, `contexto`, `situacao`) VALUES ('5373', 'DARLAN WILLIAN SCHÄFER', '5373', '$2y$10$X2Vp/ZOTkn8mtAFbiJV4aOS5OkJPGdzDtbKuaLT/VPSBKQUyVc6gm', 'aluno', 'ativo');
INSERT INTO `usuarios` (`id`, `nome`, `codigo`, `senha`, `contexto`, `situacao`) VALUES ('5380', 'GUSTAVO DANILO GRISELI', '5380', '$2y$10$X2Vp/ZOTkn8mtAFbiJV4aOS5OkJPGdzDtbKuaLT/VPSBKQUyVc6gm', 'aluno', 'ativo');
INSERT INTO `usuarios` (`id`, `nome`, `codigo`, `senha`, `contexto`, `situacao`) VALUES ('5381', 'JOÃO VICENTE CARBONERA', '5381', '$2y$10$X2Vp/ZOTkn8mtAFbiJV4aOS5OkJPGdzDtbKuaLT/VPSBKQUyVc6gm', 'aluno', 'ativo');
INSERT INTO `usuarios` (`id`, `nome`, `codigo`, `senha`, `contexto`, `situacao`) VALUES ('5382', 'MARCELO RIBEIRO PIRES', '5382', '$2y$10$X2Vp/ZOTkn8mtAFbiJV4aOS5OkJPGdzDtbKuaLT/VPSBKQUyVc6gm', 'aluno', 'ativo');
INSERT INTO `usuarios` (`id`, `nome`, `codigo`, `senha`, `contexto`, `situacao`) VALUES ('5386', 'MILENA STRIESKI', '5386', '$2y$10$X2Vp/ZOTkn8mtAFbiJV4aOS5OkJPGdzDtbKuaLT/VPSBKQUyVc6gm', 'aluno', 'ativo');
INSERT INTO `usuarios` (`id`, `nome`, `codigo`, `senha`, `contexto`, `situacao`) VALUES ('5390', 'DAIANE MIORELLI COLLING', '5390', '$2y$10$X2Vp/ZOTkn8mtAFbiJV4aOS5OkJPGdzDtbKuaLT/VPSBKQUyVc6gm', 'aluno', 'ativo');
INSERT INTO `usuarios` (`id`, `nome`, `codigo`, `senha`, `contexto`, `situacao`) VALUES ('5391', 'MAYANA TAPPARELLO MUNARI', '5391', '$2y$10$X2Vp/ZOTkn8mtAFbiJV4aOS5OkJPGdzDtbKuaLT/VPSBKQUyVc6gm', 'aluno', 'ativo');
INSERT INTO `usuarios` (`id`, `nome`, `codigo`, `senha`, `contexto`, `situacao`) VALUES ('5393', 'ELIELTO DENILTO DALMUTH', '5393', '$2y$10$X2Vp/ZOTkn8mtAFbiJV4aOS5OkJPGdzDtbKuaLT/VPSBKQUyVc6gm', 'aluno', 'ativo');
INSERT INTO `usuarios` (`id`, `nome`, `codigo`, `senha`, `contexto`, `situacao`) VALUES ('5395', 'MARCELO LASARI', '5395', '$2y$10$X2Vp/ZOTkn8mtAFbiJV4aOS5OkJPGdzDtbKuaLT/VPSBKQUyVc6gm', 'aluno', 'ativo');
INSERT INTO `usuarios` (`id`, `nome`, `codigo`, `senha`, `contexto`, `situacao`) VALUES ('5397', 'VINICIOS JOSÉ GONÇALVES DE JESUS', '5397', '$2y$10$X2Vp/ZOTkn8mtAFbiJV4aOS5OkJPGdzDtbKuaLT/VPSBKQUyVc6gm', 'aluno', 'ativo');
INSERT INTO `usuarios` (`id`, `nome`, `codigo`, `senha`, `contexto`, `situacao`) VALUES ('5403', 'OSÉIAS ANDERSON DA SILVA', '5403', '$2y$10$X2Vp/ZOTkn8mtAFbiJV4aOS5OkJPGdzDtbKuaLT/VPSBKQUyVc6gm', 'aluno', 'ativo');
INSERT INTO `usuarios` (`id`, `nome`, `codigo`, `senha`, `contexto`, `situacao`) VALUES ('5405', 'EDUARDO PEREIRA', '5405', '$2y$10$X2Vp/ZOTkn8mtAFbiJV4aOS5OkJPGdzDtbKuaLT/VPSBKQUyVc6gm', 'aluno', 'ativo');
INSERT INTO `usuarios` (`id`, `nome`, `codigo`, `senha`, `contexto`, `situacao`) VALUES ('5407', 'BRUNA KELLYN MELLO MACHADO', '5407', '$2y$10$X2Vp/ZOTkn8mtAFbiJV4aOS5OkJPGdzDtbKuaLT/VPSBKQUyVc6gm', 'aluno', 'ativo');
INSERT INTO `usuarios` (`id`, `nome`, `codigo`, `senha`, `contexto`, `situacao`) VALUES ('5414', 'FRANCIANE KOSSMANN', '5414', '$2y$10$X2Vp/ZOTkn8mtAFbiJV4aOS5OkJPGdzDtbKuaLT/VPSBKQUyVc6gm', 'aluno', 'ativo');
INSERT INTO `usuarios` (`id`, `nome`, `codigo`, `senha`, `contexto`, `situacao`) VALUES ('5415', 'TAZIANE LUCIA BALDISSERA', '5415', '$2y$10$X2Vp/ZOTkn8mtAFbiJV4aOS5OkJPGdzDtbKuaLT/VPSBKQUyVc6gm', 'aluno', 'ativo');
INSERT INTO `usuarios` (`id`, `nome`, `codigo`, `senha`, `contexto`, `situacao`) VALUES ('5417', 'MILENE NATÁLIA RIGO', '5417', '$2y$10$X2Vp/ZOTkn8mtAFbiJV4aOS5OkJPGdzDtbKuaLT/VPSBKQUyVc6gm', 'aluno', 'ativo');
INSERT INTO `usuarios` (`id`, `nome`, `codigo`, `senha`, `contexto`, `situacao`) VALUES ('5420', 'DOUGLAS LUIS LEISER', '5420', '$2y$10$X2Vp/ZOTkn8mtAFbiJV4aOS5OkJPGdzDtbKuaLT/VPSBKQUyVc6gm', 'aluno', 'ativo');
INSERT INTO `usuarios` (`id`, `nome`, `codigo`, `senha`, `contexto`, `situacao`) VALUES ('5421', 'GISSELE FÁTIMA DASSI', '5421', '$2y$10$X2Vp/ZOTkn8mtAFbiJV4aOS5OkJPGdzDtbKuaLT/VPSBKQUyVc6gm', 'aluno', 'ativo');
INSERT INTO `usuarios` (`id`, `nome`, `codigo`, `senha`, `contexto`, `situacao`) VALUES ('5424', 'CLAUDIANE FRANCIELE JACUNIAK', '5424', '$2y$10$X2Vp/ZOTkn8mtAFbiJV4aOS5OkJPGdzDtbKuaLT/VPSBKQUyVc6gm', 'aluno', 'ativo');
INSERT INTO `usuarios` (`id`, `nome`, `codigo`, `senha`, `contexto`, `situacao`) VALUES ('5430', 'ANDRÉIA GONÇALVES DA ROSA', '5430', '$2y$10$X2Vp/ZOTkn8mtAFbiJV4aOS5OkJPGdzDtbKuaLT/VPSBKQUyVc6gm', 'aluno', 'ativo');
INSERT INTO `usuarios` (`id`, `nome`, `codigo`, `senha`, `contexto`, `situacao`) VALUES ('5431', 'VÍVIAM LIANA PULTER DOS SANTOS', '5431', '$2y$10$X2Vp/ZOTkn8mtAFbiJV4aOS5OkJPGdzDtbKuaLT/VPSBKQUyVc6gm', 'aluno', 'ativo');
INSERT INTO `usuarios` (`id`, `nome`, `codigo`, `senha`, `contexto`, `situacao`) VALUES ('5444', 'IVAN LUÍS MALVESTI', '5444', '$2y$10$X2Vp/ZOTkn8mtAFbiJV4aOS5OkJPGdzDtbKuaLT/VPSBKQUyVc6gm', 'aluno', 'ativo');
INSERT INTO `usuarios` (`id`, `nome`, `codigo`, `senha`, `contexto`, `situacao`) VALUES ('5445', 'GLÁUCIA OLIVEIRA FLORIANO', '5445', '$2y$10$X2Vp/ZOTkn8mtAFbiJV4aOS5OkJPGdzDtbKuaLT/VPSBKQUyVc6gm', 'aluno', 'ativo');
INSERT INTO `usuarios` (`id`, `nome`, `codigo`, `senha`, `contexto`, `situacao`) VALUES ('5503', 'IURI SAMUEL DO NASCIMENTO', '5503', '$2y$10$X2Vp/ZOTkn8mtAFbiJV4aOS5OkJPGdzDtbKuaLT/VPSBKQUyVc6gm', 'aluno', 'ativo');
INSERT INTO `usuarios` (`id`, `nome`, `codigo`, `senha`, `contexto`, `situacao`) VALUES ('5504', 'MATEUS VINÍCIUS FÁVERO', '5504', '$2y$10$X2Vp/ZOTkn8mtAFbiJV4aOS5OkJPGdzDtbKuaLT/VPSBKQUyVc6gm', 'aluno', 'ativo');
INSERT INTO `usuarios` (`id`, `nome`, `codigo`, `senha`, `contexto`, `situacao`) VALUES ('5506', 'RUTIELLE DE ARAÚJO DOS SANTOS', '5506', '$2y$10$X2Vp/ZOTkn8mtAFbiJV4aOS5OkJPGdzDtbKuaLT/VPSBKQUyVc6gm', 'aluno', 'ativo');
INSERT INTO `usuarios` (`id`, `nome`, `codigo`, `senha`, `contexto`, `situacao`) VALUES ('5507', 'MIRIAM SALETE OLSCZEWSKI', '5507', '$2y$10$X2Vp/ZOTkn8mtAFbiJV4aOS5OkJPGdzDtbKuaLT/VPSBKQUyVc6gm', 'aluno', 'ativo');
INSERT INTO `usuarios` (`id`, `nome`, `codigo`, `senha`, `contexto`, `situacao`) VALUES ('5508', 'JOSÉ PRZYLEPA', '5508', '$2y$10$X2Vp/ZOTkn8mtAFbiJV4aOS5OkJPGdzDtbKuaLT/VPSBKQUyVc6gm', 'aluno', 'ativo');
INSERT INTO `usuarios` (`id`, `nome`, `codigo`, `senha`, `contexto`, `situacao`) VALUES ('5509', 'ELOÍSA MÜLLER TEFILI', '5509', '$2y$10$X2Vp/ZOTkn8mtAFbiJV4aOS5OkJPGdzDtbKuaLT/VPSBKQUyVc6gm', 'aluno', 'ativo');
INSERT INTO `usuarios` (`id`, `nome`, `codigo`, `senha`, `contexto`, `situacao`) VALUES ('5510', 'HÉRICK DA COSTA WILKE', '5510', '$2y$10$X2Vp/ZOTkn8mtAFbiJV4aOS5OkJPGdzDtbKuaLT/VPSBKQUyVc6gm', 'aluno', 'ativo');
INSERT INTO `usuarios` (`id`, `nome`, `codigo`, `senha`, `contexto`, `situacao`) VALUES ('5514', 'DENER UILIAN PERTUZZATTI', '5514', '$2y$10$X2Vp/ZOTkn8mtAFbiJV4aOS5OkJPGdzDtbKuaLT/VPSBKQUyVc6gm', 'aluno', 'ativo');
INSERT INTO `usuarios` (`id`, `nome`, `codigo`, `senha`, `contexto`, `situacao`) VALUES ('5515', 'LUÍS GUILHERME TORRES FERNANDES', '5515', '$2y$10$X2Vp/ZOTkn8mtAFbiJV4aOS5OkJPGdzDtbKuaLT/VPSBKQUyVc6gm', 'aluno', 'ativo');
INSERT INTO `usuarios` (`id`, `nome`, `codigo`, `senha`, `contexto`, `situacao`) VALUES ('5516', 'SUÉLEN SUZANE PETTER', '5516', '$2y$10$X2Vp/ZOTkn8mtAFbiJV4aOS5OkJPGdzDtbKuaLT/VPSBKQUyVc6gm', 'aluno', 'ativo');
INSERT INTO `usuarios` (`id`, `nome`, `codigo`, `senha`, `contexto`, `situacao`) VALUES ('5517', 'FRANCIELI DE QUADROS', '5517', '$2y$10$X2Vp/ZOTkn8mtAFbiJV4aOS5OkJPGdzDtbKuaLT/VPSBKQUyVc6gm', 'aluno', 'ativo');
INSERT INTO `usuarios` (`id`, `nome`, `codigo`, `senha`, `contexto`, `situacao`) VALUES ('5520', 'ELAINE ROBERTA OSTROWSKI', '5520', '$2y$10$X2Vp/ZOTkn8mtAFbiJV4aOS5OkJPGdzDtbKuaLT/VPSBKQUyVc6gm', 'aluno', 'ativo');
INSERT INTO `usuarios` (`id`, `nome`, `codigo`, `senha`, `contexto`, `situacao`) VALUES ('5521', 'MATEUS MARQUES DE CASTRO', '5521', '$2y$10$X2Vp/ZOTkn8mtAFbiJV4aOS5OkJPGdzDtbKuaLT/VPSBKQUyVc6gm', 'aluno', 'ativo');
INSERT INTO `usuarios` (`id`, `nome`, `codigo`, `senha`, `contexto`, `situacao`) VALUES ('5522', 'ISAQUE JACKSON DA SILVA DE BRITO', '5522', '$2y$10$X2Vp/ZOTkn8mtAFbiJV4aOS5OkJPGdzDtbKuaLT/VPSBKQUyVc6gm', 'aluno', 'ativo');
INSERT INTO `usuarios` (`id`, `nome`, `codigo`, `senha`, `contexto`, `situacao`) VALUES ('5523', 'TALIA RODRIGUES', '5523', '$2y$10$X2Vp/ZOTkn8mtAFbiJV4aOS5OkJPGdzDtbKuaLT/VPSBKQUyVc6gm', 'aluno', 'ativo');
INSERT INTO `usuarios` (`id`, `nome`, `codigo`, `senha`, `contexto`, `situacao`) VALUES ('5525', 'FARNEI CARLOS LOPES', '5525', '$2y$10$X2Vp/ZOTkn8mtAFbiJV4aOS5OkJPGdzDtbKuaLT/VPSBKQUyVc6gm', 'aluno', 'ativo');
INSERT INTO `usuarios` (`id`, `nome`, `codigo`, `senha`, `contexto`, `situacao`) VALUES ('5527', 'ELENA MAIRA OLIVEIRA', '5527', '$2y$10$X2Vp/ZOTkn8mtAFbiJV4aOS5OkJPGdzDtbKuaLT/VPSBKQUyVc6gm', 'aluno', 'ativo');
INSERT INTO `usuarios` (`id`, `nome`, `codigo`, `senha`, `contexto`, `situacao`) VALUES ('5528', 'MATEUS AUGUSTO SILVA PIRES', '5528', '$2y$10$X2Vp/ZOTkn8mtAFbiJV4aOS5OkJPGdzDtbKuaLT/VPSBKQUyVc6gm', 'aluno', 'ativo');
INSERT INTO `usuarios` (`id`, `nome`, `codigo`, `senha`, `contexto`, `situacao`) VALUES ('5530', 'DEISE ELOISE UEBEL LOPES', '5530', '$2y$10$X2Vp/ZOTkn8mtAFbiJV4aOS5OkJPGdzDtbKuaLT/VPSBKQUyVc6gm', 'aluno', 'ativo');
INSERT INTO `usuarios` (`id`, `nome`, `codigo`, `senha`, `contexto`, `situacao`) VALUES ('5531', 'DEIVIDI CRISTIAN SOARES', '5531', '$2y$10$X2Vp/ZOTkn8mtAFbiJV4aOS5OkJPGdzDtbKuaLT/VPSBKQUyVc6gm', 'aluno', 'ativo');
INSERT INTO `usuarios` (`id`, `nome`, `codigo`, `senha`, `contexto`, `situacao`) VALUES ('5532', 'ANGELICA ISABEL RONCATO', '5532', '$2y$10$X2Vp/ZOTkn8mtAFbiJV4aOS5OkJPGdzDtbKuaLT/VPSBKQUyVc6gm', 'aluno', 'ativo');
INSERT INTO `usuarios` (`id`, `nome`, `codigo`, `senha`, `contexto`, `situacao`) VALUES ('5539', 'FABRÍCIO GRANDO DE TOLEDO', '5539', '$2y$10$X2Vp/ZOTkn8mtAFbiJV4aOS5OkJPGdzDtbKuaLT/VPSBKQUyVc6gm', 'aluno', 'ativo');
INSERT INTO `usuarios` (`id`, `nome`, `codigo`, `senha`, `contexto`, `situacao`) VALUES ('5541', 'LUANA BEATRICK ALVES PIRES', '5541', '$2y$10$X2Vp/ZOTkn8mtAFbiJV4aOS5OkJPGdzDtbKuaLT/VPSBKQUyVc6gm', 'aluno', 'ativo');
INSERT INTO `usuarios` (`id`, `nome`, `codigo`, `senha`, `contexto`, `situacao`) VALUES ('5547', 'TAUANA TORTELLI', '5547', '$2y$10$X2Vp/ZOTkn8mtAFbiJV4aOS5OkJPGdzDtbKuaLT/VPSBKQUyVc6gm', 'aluno', 'ativo');
INSERT INTO `usuarios` (`id`, `nome`, `codigo`, `senha`, `contexto`, `situacao`) VALUES ('5550', 'BRUNA DE QUADROS HECK', '5550', '$2y$10$X2Vp/ZOTkn8mtAFbiJV4aOS5OkJPGdzDtbKuaLT/VPSBKQUyVc6gm', 'aluno', 'ativo');
INSERT INTO `usuarios` (`id`, `nome`, `codigo`, `senha`, `contexto`, `situacao`) VALUES ('5551', 'ANDERSON LEONARDO PATZER', '5551', '$2y$10$X2Vp/ZOTkn8mtAFbiJV4aOS5OkJPGdzDtbKuaLT/VPSBKQUyVc6gm', 'aluno', 'ativo');
INSERT INTO `usuarios` (`id`, `nome`, `codigo`, `senha`, `contexto`, `situacao`) VALUES ('5552', 'OLÁDIO LUIZ PAIDA JUNIOR', '5552', '$2y$10$X2Vp/ZOTkn8mtAFbiJV4aOS5OkJPGdzDtbKuaLT/VPSBKQUyVc6gm', 'aluno', 'ativo');
INSERT INTO `usuarios` (`id`, `nome`, `codigo`, `senha`, `contexto`, `situacao`) VALUES ('5559', 'EMANUEL PIRAN CERIOLI', '5559', '$2y$10$X2Vp/ZOTkn8mtAFbiJV4aOS5OkJPGdzDtbKuaLT/VPSBKQUyVc6gm', 'aluno', 'ativo');
INSERT INTO `usuarios` (`id`, `nome`, `codigo`, `senha`, `contexto`, `situacao`) VALUES ('5582', 'JULIA MARIA VESCOVI', '5582', '$2y$10$X2Vp/ZOTkn8mtAFbiJV4aOS5OkJPGdzDtbKuaLT/VPSBKQUyVc6gm', 'aluno', 'ativo');
INSERT INTO `usuarios` (`id`, `nome`, `codigo`, `senha`, `contexto`, `situacao`) VALUES ('5595', 'EMANUELE COPERCINI BORTOLANZA', '5595', '$2y$10$X2Vp/ZOTkn8mtAFbiJV4aOS5OkJPGdzDtbKuaLT/VPSBKQUyVc6gm', 'aluno', 'ativo');
INSERT INTO `usuarios` (`id`, `nome`, `codigo`, `senha`, `contexto`, `situacao`) VALUES ('5597', 'ANA CLAUDIA BALLEN', '5597', '$2y$10$X2Vp/ZOTkn8mtAFbiJV4aOS5OkJPGdzDtbKuaLT/VPSBKQUyVc6gm', 'aluno', 'ativo');
INSERT INTO `usuarios` (`id`, `nome`, `codigo`, `senha`, `contexto`, `situacao`) VALUES ('5617', 'CAMILA JANAINA RODRIGUES', '5617', '$2y$10$X2Vp/ZOTkn8mtAFbiJV4aOS5OkJPGdzDtbKuaLT/VPSBKQUyVc6gm', 'aluno', 'ativo');
INSERT INTO `usuarios` (`id`, `nome`, `codigo`, `senha`, `contexto`, `situacao`) VALUES ('5620', 'LEONARDO GABRIEL PICHINI TROCZINSKI', '5620', '$2y$10$X2Vp/ZOTkn8mtAFbiJV4aOS5OkJPGdzDtbKuaLT/VPSBKQUyVc6gm', 'aluno', 'ativo');
INSERT INTO `usuarios` (`id`, `nome`, `codigo`, `senha`, `contexto`, `situacao`) VALUES ('5621', 'ALAN PETRICH THOMAZINI', '5621', '$2y$10$X2Vp/ZOTkn8mtAFbiJV4aOS5OkJPGdzDtbKuaLT/VPSBKQUyVc6gm', 'aluno', 'ativo');
INSERT INTO `usuarios` (`id`, `nome`, `codigo`, `senha`, `contexto`, `situacao`) VALUES ('5622', 'KATIUZA DALBOSCO', '5622', '$2y$10$X2Vp/ZOTkn8mtAFbiJV4aOS5OkJPGdzDtbKuaLT/VPSBKQUyVc6gm', 'aluno', 'ativo');
INSERT INTO `usuarios` (`id`, `nome`, `codigo`, `senha`, `contexto`, `situacao`) VALUES ('5737', 'SÔNIA MARA MASURKEVICZ', '5737', '$2y$10$X2Vp/ZOTkn8mtAFbiJV4aOS5OkJPGdzDtbKuaLT/VPSBKQUyVc6gm', 'aluno', 'ativo');
INSERT INTO `usuarios` (`id`, `nome`, `codigo`, `senha`, `contexto`, `situacao`) VALUES ('5739', 'LUIZ COMIRAN DE LIMA', '5739', '$2y$10$X2Vp/ZOTkn8mtAFbiJV4aOS5OkJPGdzDtbKuaLT/VPSBKQUyVc6gm', 'aluno', 'ativo');
INSERT INTO `usuarios` (`id`, `nome`, `codigo`, `senha`, `contexto`, `situacao`) VALUES ('5741', 'EDINÉIA TOLBALDINI SOARES', '5741', '$2y$10$X2Vp/ZOTkn8mtAFbiJV4aOS5OkJPGdzDtbKuaLT/VPSBKQUyVc6gm', 'aluno', 'ativo');
INSERT INTO `usuarios` (`id`, `nome`, `codigo`, `senha`, `contexto`, `situacao`) VALUES ('5743', 'FRANCINE BECKER', '5743', '$2y$10$X2Vp/ZOTkn8mtAFbiJV4aOS5OkJPGdzDtbKuaLT/VPSBKQUyVc6gm', 'aluno', 'ativo');
INSERT INTO `usuarios` (`id`, `nome`, `codigo`, `senha`, `contexto`, `situacao`) VALUES ('5747', 'VANESSA SAMARA RONSONI', '5747', '$2y$10$X2Vp/ZOTkn8mtAFbiJV4aOS5OkJPGdzDtbKuaLT/VPSBKQUyVc6gm', 'aluno', 'ativo');
INSERT INTO `usuarios` (`id`, `nome`, `codigo`, `senha`, `contexto`, `situacao`) VALUES ('5749', 'RÚBIA OLEJUKI DARIVA', '5749', '$2y$10$X2Vp/ZOTkn8mtAFbiJV4aOS5OkJPGdzDtbKuaLT/VPSBKQUyVc6gm', 'aluno', 'ativo');
INSERT INTO `usuarios` (`id`, `nome`, `codigo`, `senha`, `contexto`, `situacao`) VALUES ('5750', 'ESTEFANI PASSARINI', '5750', '$2y$10$X2Vp/ZOTkn8mtAFbiJV4aOS5OkJPGdzDtbKuaLT/VPSBKQUyVc6gm', 'aluno', 'ativo');
INSERT INTO `usuarios` (`id`, `nome`, `codigo`, `senha`, `contexto`, `situacao`) VALUES ('5751', 'ÁGATHA VITÓRIA PRESTES', '5751', '$2y$10$X2Vp/ZOTkn8mtAFbiJV4aOS5OkJPGdzDtbKuaLT/VPSBKQUyVc6gm', 'aluno', 'ativo');
INSERT INTO `usuarios` (`id`, `nome`, `codigo`, `senha`, `contexto`, `situacao`) VALUES ('5752', 'ANA JULIA MICHELIN', '5752', '$2y$10$X2Vp/ZOTkn8mtAFbiJV4aOS5OkJPGdzDtbKuaLT/VPSBKQUyVc6gm', 'aluno', 'ativo');
INSERT INTO `usuarios` (`id`, `nome`, `codigo`, `senha`, `contexto`, `situacao`) VALUES ('5755', 'GABRIELA BERNARDI', '5755', '$2y$10$X2Vp/ZOTkn8mtAFbiJV4aOS5OkJPGdzDtbKuaLT/VPSBKQUyVc6gm', 'aluno', 'ativo');
INSERT INTO `usuarios` (`id`, `nome`, `codigo`, `senha`, `contexto`, `situacao`) VALUES ('5757', 'KELVIN ALTAIR MORONA', '5757', '$2y$10$X2Vp/ZOTkn8mtAFbiJV4aOS5OkJPGdzDtbKuaLT/VPSBKQUyVc6gm', 'aluno', 'ativo');
INSERT INTO `usuarios` (`id`, `nome`, `codigo`, `senha`, `contexto`, `situacao`) VALUES ('5760', 'LAURA KURTZ', '5760', '$2y$10$X2Vp/ZOTkn8mtAFbiJV4aOS5OkJPGdzDtbKuaLT/VPSBKQUyVc6gm', 'aluno', 'ativo');
INSERT INTO `usuarios` (`id`, `nome`, `codigo`, `senha`, `contexto`, `situacao`) VALUES ('5762', 'BRUNA ZANELLA', '5762', '$2y$10$X2Vp/ZOTkn8mtAFbiJV4aOS5OkJPGdzDtbKuaLT/VPSBKQUyVc6gm', 'aluno', 'ativo');
INSERT INTO `usuarios` (`id`, `nome`, `codigo`, `senha`, `contexto`, `situacao`) VALUES ('5763', 'DANIELI ALINE NILSON', '5763', '$2y$10$X2Vp/ZOTkn8mtAFbiJV4aOS5OkJPGdzDtbKuaLT/VPSBKQUyVc6gm', 'aluno', 'ativo');
INSERT INTO `usuarios` (`id`, `nome`, `codigo`, `senha`, `contexto`, `situacao`) VALUES ('5764', 'HENRIQUE STAFORTI DOS SANTOS', '5764', '$2y$10$X2Vp/ZOTkn8mtAFbiJV4aOS5OkJPGdzDtbKuaLT/VPSBKQUyVc6gm', 'aluno', 'ativo');
INSERT INTO `usuarios` (`id`, `nome`, `codigo`, `senha`, `contexto`, `situacao`) VALUES ('5766', 'PABLO HENRIQUE BROKOP', '5766', '$2y$10$X2Vp/ZOTkn8mtAFbiJV4aOS5OkJPGdzDtbKuaLT/VPSBKQUyVc6gm', 'aluno', 'ativo');
INSERT INTO `usuarios` (`id`, `nome`, `codigo`, `senha`, `contexto`, `situacao`) VALUES ('5767', 'ANA JÚLIA UTTEICH DORIGON', '5767', '$2y$10$X2Vp/ZOTkn8mtAFbiJV4aOS5OkJPGdzDtbKuaLT/VPSBKQUyVc6gm', 'aluno', 'ativo');
INSERT INTO `usuarios` (`id`, `nome`, `codigo`, `senha`, `contexto`, `situacao`) VALUES ('5768', 'FRANCIELI FÁTIMA OLKOSKI', '5768', '$2y$10$X2Vp/ZOTkn8mtAFbiJV4aOS5OkJPGdzDtbKuaLT/VPSBKQUyVc6gm', 'aluno', 'ativo');
INSERT INTO `usuarios` (`id`, `nome`, `codigo`, `senha`, `contexto`, `situacao`) VALUES ('5770', 'DANIEL LUIZ KWOLL', '5770', '$2y$10$X2Vp/ZOTkn8mtAFbiJV4aOS5OkJPGdzDtbKuaLT/VPSBKQUyVc6gm', 'aluno', 'ativo');
INSERT INTO `usuarios` (`id`, `nome`, `codigo`, `senha`, `contexto`, `situacao`) VALUES ('5771', 'ÉLEN CARLA FANTIN', '5771', '$2y$10$X2Vp/ZOTkn8mtAFbiJV4aOS5OkJPGdzDtbKuaLT/VPSBKQUyVc6gm', 'aluno', 'ativo');
INSERT INTO `usuarios` (`id`, `nome`, `codigo`, `senha`, `contexto`, `situacao`) VALUES ('5773', 'MAIARA MARIA PERKA', '5773', '$2y$10$X2Vp/ZOTkn8mtAFbiJV4aOS5OkJPGdzDtbKuaLT/VPSBKQUyVc6gm', 'aluno', 'ativo');
INSERT INTO `usuarios` (`id`, `nome`, `codigo`, `senha`, `contexto`, `situacao`) VALUES ('5776', 'CAROLINE MACHADO', '5776', '$2y$10$X2Vp/ZOTkn8mtAFbiJV4aOS5OkJPGdzDtbKuaLT/VPSBKQUyVc6gm', 'aluno', 'ativo');
INSERT INTO `usuarios` (`id`, `nome`, `codigo`, `senha`, `contexto`, `situacao`) VALUES ('5778', 'ANA LUÍSA FERREIRA', '5778', '$2y$10$X2Vp/ZOTkn8mtAFbiJV4aOS5OkJPGdzDtbKuaLT/VPSBKQUyVc6gm', 'aluno', 'ativo');
INSERT INTO `usuarios` (`id`, `nome`, `codigo`, `senha`, `contexto`, `situacao`) VALUES ('5779', 'GUSTAVO BALDISSERA MAY', '5779', '$2y$10$X2Vp/ZOTkn8mtAFbiJV4aOS5OkJPGdzDtbKuaLT/VPSBKQUyVc6gm', 'aluno', 'ativo');
INSERT INTO `usuarios` (`id`, `nome`, `codigo`, `senha`, `contexto`, `situacao`) VALUES ('5780', 'FABIANA DE MATTOS', '5780', '$2y$10$X2Vp/ZOTkn8mtAFbiJV4aOS5OkJPGdzDtbKuaLT/VPSBKQUyVc6gm', 'aluno', 'ativo');
INSERT INTO `usuarios` (`id`, `nome`, `codigo`, `senha`, `contexto`, `situacao`) VALUES ('5781', 'EDUARDA LAIS RIGO', '5781', '$2y$10$X2Vp/ZOTkn8mtAFbiJV4aOS5OkJPGdzDtbKuaLT/VPSBKQUyVc6gm', 'aluno', 'ativo');
INSERT INTO `usuarios` (`id`, `nome`, `codigo`, `senha`, `contexto`, `situacao`) VALUES ('5783', 'DANIELA SALETE PEREIRA DOS SANTOS OTONI', '5783', '$2y$10$X2Vp/ZOTkn8mtAFbiJV4aOS5OkJPGdzDtbKuaLT/VPSBKQUyVc6gm', 'aluno', 'ativo');
INSERT INTO `usuarios` (`id`, `nome`, `codigo`, `senha`, `contexto`, `situacao`) VALUES ('5784', 'MARLON DOUGLAS KARPINSKI CANTO', '5784', '$2y$10$X2Vp/ZOTkn8mtAFbiJV4aOS5OkJPGdzDtbKuaLT/VPSBKQUyVc6gm', 'aluno', 'ativo');
INSERT INTO `usuarios` (`id`, `nome`, `codigo`, `senha`, `contexto`, `situacao`) VALUES ('5785', 'ARISSON LUIS MAROSTICA', '5785', '$2y$10$X2Vp/ZOTkn8mtAFbiJV4aOS5OkJPGdzDtbKuaLT/VPSBKQUyVc6gm', 'aluno', 'ativo');
INSERT INTO `usuarios` (`id`, `nome`, `codigo`, `senha`, `contexto`, `situacao`) VALUES ('5786', 'CRISTIAN MATEUS BERTUOL', '5786', '$2y$10$X2Vp/ZOTkn8mtAFbiJV4aOS5OkJPGdzDtbKuaLT/VPSBKQUyVc6gm', 'aluno', 'ativo');
INSERT INTO `usuarios` (`id`, `nome`, `codigo`, `senha`, `contexto`, `situacao`) VALUES ('5787', 'LEIDINÉIA MACIEL LEITE', '5787', '$2y$10$X2Vp/ZOTkn8mtAFbiJV4aOS5OkJPGdzDtbKuaLT/VPSBKQUyVc6gm', 'aluno', 'ativo');
INSERT INTO `usuarios` (`id`, `nome`, `codigo`, `senha`, `contexto`, `situacao`) VALUES ('5788', 'JOÃO CARLOS VANZ', '5788', '$2y$10$X2Vp/ZOTkn8mtAFbiJV4aOS5OkJPGdzDtbKuaLT/VPSBKQUyVc6gm', 'aluno', 'ativo');
INSERT INTO `usuarios` (`id`, `nome`, `codigo`, `senha`, `contexto`, `situacao`) VALUES ('5789', 'EDUARDA FRANCESCHI', '5789', '$2y$10$X2Vp/ZOTkn8mtAFbiJV4aOS5OkJPGdzDtbKuaLT/VPSBKQUyVc6gm', 'aluno', 'ativo');
INSERT INTO `usuarios` (`id`, `nome`, `codigo`, `senha`, `contexto`, `situacao`) VALUES ('5790', 'TIAGO ANDRE ZORTEA', '5790', '$2y$10$X2Vp/ZOTkn8mtAFbiJV4aOS5OkJPGdzDtbKuaLT/VPSBKQUyVc6gm', 'aluno', 'ativo');
INSERT INTO `usuarios` (`id`, `nome`, `codigo`, `senha`, `contexto`, `situacao`) VALUES ('5793', 'MICHEL JONES PILATTI', '5793', '$2y$10$X2Vp/ZOTkn8mtAFbiJV4aOS5OkJPGdzDtbKuaLT/VPSBKQUyVc6gm', 'aluno', 'ativo');
INSERT INTO `usuarios` (`id`, `nome`, `codigo`, `senha`, `contexto`, `situacao`) VALUES ('5794', 'ARIEL ANTUNES DE OLIVEIRA', '5794', '$2y$10$X2Vp/ZOTkn8mtAFbiJV4aOS5OkJPGdzDtbKuaLT/VPSBKQUyVc6gm', 'aluno', 'ativo');
INSERT INTO `usuarios` (`id`, `nome`, `codigo`, `senha`, `contexto`, `situacao`) VALUES ('5797', 'TAÍS CARLA JACUBOSKI', '5797', '$2y$10$X2Vp/ZOTkn8mtAFbiJV4aOS5OkJPGdzDtbKuaLT/VPSBKQUyVc6gm', 'aluno', 'ativo');
INSERT INTO `usuarios` (`id`, `nome`, `codigo`, `senha`, `contexto`, `situacao`) VALUES ('5798', 'EDICLEI ALVES', '5798', '$2y$10$X2Vp/ZOTkn8mtAFbiJV4aOS5OkJPGdzDtbKuaLT/VPSBKQUyVc6gm', 'aluno', 'ativo');
INSERT INTO `usuarios` (`id`, `nome`, `codigo`, `senha`, `contexto`, `situacao`) VALUES ('5800', 'ANA JÚLIA ZAWADZKI', '5800', '$2y$10$X2Vp/ZOTkn8mtAFbiJV4aOS5OkJPGdzDtbKuaLT/VPSBKQUyVc6gm', 'aluno', 'ativo');
INSERT INTO `usuarios` (`id`, `nome`, `codigo`, `senha`, `contexto`, `situacao`) VALUES ('5802', 'GABRIELA ANDRESSA BIRCK', '5802', '$2y$10$X2Vp/ZOTkn8mtAFbiJV4aOS5OkJPGdzDtbKuaLT/VPSBKQUyVc6gm', 'aluno', 'ativo');
INSERT INTO `usuarios` (`id`, `nome`, `codigo`, `senha`, `contexto`, `situacao`) VALUES ('5803', 'TATIANE RIOS DOS SANTOS FERREIRA', '5803', '$2y$10$X2Vp/ZOTkn8mtAFbiJV4aOS5OkJPGdzDtbKuaLT/VPSBKQUyVc6gm', 'aluno', 'ativo');
INSERT INTO `usuarios` (`id`, `nome`, `codigo`, `senha`, `contexto`, `situacao`) VALUES ('5806', 'CAMYLA MODENA', '5806', '$2y$10$X2Vp/ZOTkn8mtAFbiJV4aOS5OkJPGdzDtbKuaLT/VPSBKQUyVc6gm', 'aluno', 'ativo');
INSERT INTO `usuarios` (`id`, `nome`, `codigo`, `senha`, `contexto`, `situacao`) VALUES ('5807', 'ROSÂNGELA DE SOUZA RIOS', '5807', '$2y$10$X2Vp/ZOTkn8mtAFbiJV4aOS5OkJPGdzDtbKuaLT/VPSBKQUyVc6gm', 'aluno', 'ativo');
INSERT INTO `usuarios` (`id`, `nome`, `codigo`, `senha`, `contexto`, `situacao`) VALUES ('5810', 'GUILHERME FREDERICO SCHWEIZER', '5810', '$2y$10$X2Vp/ZOTkn8mtAFbiJV4aOS5OkJPGdzDtbKuaLT/VPSBKQUyVc6gm', 'aluno', 'ativo');
INSERT INTO `usuarios` (`id`, `nome`, `codigo`, `senha`, `contexto`, `situacao`) VALUES ('5820', 'MATEUS RODRIGUES DE CEZARO', '5820', '$2y$10$X2Vp/ZOTkn8mtAFbiJV4aOS5OkJPGdzDtbKuaLT/VPSBKQUyVc6gm', 'aluno', 'ativo');
INSERT INTO `usuarios` (`id`, `nome`, `codigo`, `senha`, `contexto`, `situacao`) VALUES ('5830', 'BRANDA LÚCIA MAZZOCCHI BASSO', '5830', '$2y$10$X2Vp/ZOTkn8mtAFbiJV4aOS5OkJPGdzDtbKuaLT/VPSBKQUyVc6gm', 'aluno', 'ativo');
INSERT INTO `usuarios` (`id`, `nome`, `codigo`, `senha`, `contexto`, `situacao`) VALUES ('5853', 'PATRÍCIA LIDIANE CANDIDO FRANÇA', '5853', '$2y$10$X2Vp/ZOTkn8mtAFbiJV4aOS5OkJPGdzDtbKuaLT/VPSBKQUyVc6gm', 'aluno', 'ativo');
INSERT INTO `usuarios` (`id`, `nome`, `codigo`, `senha`, `contexto`, `situacao`) VALUES ('5861', 'JARDEL BETIOLO', '5861', '$2y$10$X2Vp/ZOTkn8mtAFbiJV4aOS5OkJPGdzDtbKuaLT/VPSBKQUyVc6gm', 'aluno', 'ativo');
INSERT INTO `usuarios` (`id`, `nome`, `codigo`, `senha`, `contexto`, `situacao`) VALUES ('5863', 'GUILHERME OTAVIO RODRIGUES', '5863', '$2y$10$X2Vp/ZOTkn8mtAFbiJV4aOS5OkJPGdzDtbKuaLT/VPSBKQUyVc6gm', 'aluno', 'ativo');
INSERT INTO `usuarios` (`id`, `nome`, `codigo`, `senha`, `contexto`, `situacao`) VALUES ('5874', 'MILENA HÉLEN RONSONI', '5874', '$2y$10$X2Vp/ZOTkn8mtAFbiJV4aOS5OkJPGdzDtbKuaLT/VPSBKQUyVc6gm', 'aluno', 'ativo');
INSERT INTO `usuarios` (`id`, `nome`, `codigo`, `senha`, `contexto`, `situacao`) VALUES ('5877', 'GUILHERME HENRIQUE PAIVA', '5877', '$2y$10$X2Vp/ZOTkn8mtAFbiJV4aOS5OkJPGdzDtbKuaLT/VPSBKQUyVc6gm', 'aluno', 'ativo');
INSERT INTO `usuarios` (`id`, `nome`, `codigo`, `senha`, `contexto`, `situacao`) VALUES ('5880', 'RODRIGO JOSE JUNGES', '5880', '$2y$10$X2Vp/ZOTkn8mtAFbiJV4aOS5OkJPGdzDtbKuaLT/VPSBKQUyVc6gm', 'aluno', 'ativo');
INSERT INTO `usuarios` (`id`, `nome`, `codigo`, `senha`, `contexto`, `situacao`) VALUES ('5890', 'MARINA TRINDADE DA CRUZ', '5890', '$2y$10$X2Vp/ZOTkn8mtAFbiJV4aOS5OkJPGdzDtbKuaLT/VPSBKQUyVc6gm', 'aluno', 'ativo');
INSERT INTO `usuarios` (`id`, `nome`, `codigo`, `senha`, `contexto`, `situacao`) VALUES ('5891', 'SÉRGIO LUÍS KANIA JÚNIOR', '5891', '$2y$10$X2Vp/ZOTkn8mtAFbiJV4aOS5OkJPGdzDtbKuaLT/VPSBKQUyVc6gm', 'aluno', 'ativo');
INSERT INTO `usuarios` (`id`, `nome`, `codigo`, `senha`, `contexto`, `situacao`) VALUES ('5892', 'RONIE ANDERSON WELTER', '5892', '$2y$10$X2Vp/ZOTkn8mtAFbiJV4aOS5OkJPGdzDtbKuaLT/VPSBKQUyVc6gm', 'aluno', 'ativo');
INSERT INTO `usuarios` (`id`, `nome`, `codigo`, `senha`, `contexto`, `situacao`) VALUES ('5898', 'BRUNO GABIATTI TRZECIAK', '5898', '$2y$10$X2Vp/ZOTkn8mtAFbiJV4aOS5OkJPGdzDtbKuaLT/VPSBKQUyVc6gm', 'aluno', 'ativo');
INSERT INTO `usuarios` (`id`, `nome`, `codigo`, `senha`, `contexto`, `situacao`) VALUES ('5905', 'TAISE FÁTIMA TUBIN', '5905', '$2y$10$X2Vp/ZOTkn8mtAFbiJV4aOS5OkJPGdzDtbKuaLT/VPSBKQUyVc6gm', 'aluno', 'ativo');
INSERT INTO `usuarios` (`id`, `nome`, `codigo`, `senha`, `contexto`, `situacao`) VALUES ('5907', 'EMANUEL NATAN VOGT', '5907', '$2y$10$X2Vp/ZOTkn8mtAFbiJV4aOS5OkJPGdzDtbKuaLT/VPSBKQUyVc6gm', 'aluno', 'ativo');
INSERT INTO `usuarios` (`id`, `nome`, `codigo`, `senha`, `contexto`, `situacao`) VALUES ('5908', 'DIEGO BARATTO', '5908', '$2y$10$X2Vp/ZOTkn8mtAFbiJV4aOS5OkJPGdzDtbKuaLT/VPSBKQUyVc6gm', 'aluno', 'ativo');
INSERT INTO `usuarios` (`id`, `nome`, `codigo`, `senha`, `contexto`, `situacao`) VALUES ('5911', 'ALEXIA PAOLA CAMARGO CENTOFANTE', '5911', '$2y$10$X2Vp/ZOTkn8mtAFbiJV4aOS5OkJPGdzDtbKuaLT/VPSBKQUyVc6gm', 'aluno', 'ativo');
INSERT INTO `usuarios` (`id`, `nome`, `codigo`, `senha`, `contexto`, `situacao`) VALUES ('5912', 'RENAN PAULO OTELAKOSKI', '5912', '$2y$10$X2Vp/ZOTkn8mtAFbiJV4aOS5OkJPGdzDtbKuaLT/VPSBKQUyVc6gm', 'aluno', 'ativo');
INSERT INTO `usuarios` (`id`, `nome`, `codigo`, `senha`, `contexto`, `situacao`) VALUES ('5913', 'JAMILE TALITA DOS SANTOS SOARES', '5913', '$2y$10$X2Vp/ZOTkn8mtAFbiJV4aOS5OkJPGdzDtbKuaLT/VPSBKQUyVc6gm', 'aluno', 'ativo');
INSERT INTO `usuarios` (`id`, `nome`, `codigo`, `senha`, `contexto`, `situacao`) VALUES ('5918', 'ANGELA MARIA CABRAL LOPES', '5918', '$2y$10$X2Vp/ZOTkn8mtAFbiJV4aOS5OkJPGdzDtbKuaLT/VPSBKQUyVc6gm', 'aluno', 'ativo');
INSERT INTO `usuarios` (`id`, `nome`, `codigo`, `senha`, `contexto`, `situacao`) VALUES ('5919', 'SABRINA IZAQUINI', '5919', '$2y$10$X2Vp/ZOTkn8mtAFbiJV4aOS5OkJPGdzDtbKuaLT/VPSBKQUyVc6gm', 'aluno', 'ativo');
INSERT INTO `usuarios` (`id`, `nome`, `codigo`, `senha`, `contexto`, `situacao`) VALUES ('5921', 'LEONARDO NATAN BATISTELLO MARCHIORO', '5921', '$2y$10$X2Vp/ZOTkn8mtAFbiJV4aOS5OkJPGdzDtbKuaLT/VPSBKQUyVc6gm', 'aluno', 'ativo');
INSERT INTO `usuarios` (`id`, `nome`, `codigo`, `senha`, `contexto`, `situacao`) VALUES ('5922', 'CAROLINE APARECIDA GONÇALVES', '5922', '$2y$10$X2Vp/ZOTkn8mtAFbiJV4aOS5OkJPGdzDtbKuaLT/VPSBKQUyVc6gm', 'aluno', 'ativo');
INSERT INTO `usuarios` (`id`, `nome`, `codigo`, `senha`, `contexto`, `situacao`) VALUES ('5927', 'ANDREY FERNANDO SOARES', '5927', '$2y$10$X2Vp/ZOTkn8mtAFbiJV4aOS5OkJPGdzDtbKuaLT/VPSBKQUyVc6gm', 'aluno', 'ativo');
INSERT INTO `usuarios` (`id`, `nome`, `codigo`, `senha`, `contexto`, `situacao`) VALUES ('5928', 'TALISSA VIVIANE DOS SANTOS', '5928', '$2y$10$X2Vp/ZOTkn8mtAFbiJV4aOS5OkJPGdzDtbKuaLT/VPSBKQUyVc6gm', 'aluno', 'ativo');
INSERT INTO `usuarios` (`id`, `nome`, `codigo`, `senha`, `contexto`, `situacao`) VALUES ('5929', 'RODRIGO JOSÉ VOLOSKI', '5929', '$2y$10$X2Vp/ZOTkn8mtAFbiJV4aOS5OkJPGdzDtbKuaLT/VPSBKQUyVc6gm', 'aluno', 'ativo');
INSERT INTO `usuarios` (`id`, `nome`, `codigo`, `senha`, `contexto`, `situacao`) VALUES ('5930', 'EDUARDO HENRIQUE FRACASSO', '5930', '$2y$10$X2Vp/ZOTkn8mtAFbiJV4aOS5OkJPGdzDtbKuaLT/VPSBKQUyVc6gm', 'aluno', 'ativo');
INSERT INTO `usuarios` (`id`, `nome`, `codigo`, `senha`, `contexto`, `situacao`) VALUES ('5931', 'MAICON SLAVIERO', '5931', '$2y$10$X2Vp/ZOTkn8mtAFbiJV4aOS5OkJPGdzDtbKuaLT/VPSBKQUyVc6gm', 'aluno', 'ativo');
INSERT INTO `usuarios` (`id`, `nome`, `codigo`, `senha`, `contexto`, `situacao`) VALUES ('5933', 'RENATO JACQUES DAMBROS', '5933', '$2y$10$X2Vp/ZOTkn8mtAFbiJV4aOS5OkJPGdzDtbKuaLT/VPSBKQUyVc6gm', 'aluno', 'ativo');
INSERT INTO `usuarios` (`id`, `nome`, `codigo`, `senha`, `contexto`, `situacao`) VALUES ('5934', 'BRENDA BERNAR FÉU', '5934', '$2y$10$X2Vp/ZOTkn8mtAFbiJV4aOS5OkJPGdzDtbKuaLT/VPSBKQUyVc6gm', 'aluno', 'ativo');
INSERT INTO `usuarios` (`id`, `nome`, `codigo`, `senha`, `contexto`, `situacao`) VALUES ('5935', 'SORIANE MÁRCIA KESSLER', '5935', '$2y$10$X2Vp/ZOTkn8mtAFbiJV4aOS5OkJPGdzDtbKuaLT/VPSBKQUyVc6gm', 'aluno', 'ativo');
INSERT INTO `usuarios` (`id`, `nome`, `codigo`, `senha`, `contexto`, `situacao`) VALUES ('5938', 'BRUNA DOGENSKI', '5938', '$2y$10$X2Vp/ZOTkn8mtAFbiJV4aOS5OkJPGdzDtbKuaLT/VPSBKQUyVc6gm', 'aluno', 'ativo');
INSERT INTO `usuarios` (`id`, `nome`, `codigo`, `senha`, `contexto`, `situacao`) VALUES ('5939', 'EDENILSON LUÍS LEIMANN', '5939', '$2y$10$X2Vp/ZOTkn8mtAFbiJV4aOS5OkJPGdzDtbKuaLT/VPSBKQUyVc6gm', 'aluno', 'ativo');
INSERT INTO `usuarios` (`id`, `nome`, `codigo`, `senha`, `contexto`, `situacao`) VALUES ('5940', 'ILIOMAR RODRIGUES OLIVEIRA', '5940', '$2y$10$X2Vp/ZOTkn8mtAFbiJV4aOS5OkJPGdzDtbKuaLT/VPSBKQUyVc6gm', 'aluno', 'ativo');
INSERT INTO `usuarios` (`id`, `nome`, `codigo`, `senha`, `contexto`, `situacao`) VALUES ('5943', 'JONATAN ELIAS DUARTE', '5943', '$2y$10$X2Vp/ZOTkn8mtAFbiJV4aOS5OkJPGdzDtbKuaLT/VPSBKQUyVc6gm', 'aluno', 'ativo');
INSERT INTO `usuarios` (`id`, `nome`, `codigo`, `senha`, `contexto`, `situacao`) VALUES ('5944', 'GRÉGORY MATHEUS ESBERCI LOBO', '5944', '$2y$10$X2Vp/ZOTkn8mtAFbiJV4aOS5OkJPGdzDtbKuaLT/VPSBKQUyVc6gm', 'aluno', 'ativo');
INSERT INTO `usuarios` (`id`, `nome`, `codigo`, `senha`, `contexto`, `situacao`) VALUES ('5946', 'IGOR RATAIESKI SCHMITT', '5946', '$2y$10$X2Vp/ZOTkn8mtAFbiJV4aOS5OkJPGdzDtbKuaLT/VPSBKQUyVc6gm', 'aluno', 'ativo');
INSERT INTO `usuarios` (`id`, `nome`, `codigo`, `senha`, `contexto`, `situacao`) VALUES ('5949', 'IGOR FELIPE WOIDILLA', '5949', '$2y$10$X2Vp/ZOTkn8mtAFbiJV4aOS5OkJPGdzDtbKuaLT/VPSBKQUyVc6gm', 'aluno', 'ativo');
INSERT INTO `usuarios` (`id`, `nome`, `codigo`, `senha`, `contexto`, `situacao`) VALUES ('5951', 'WILLIAM ROBERTO DOS SANTOS', '5951', '$2y$10$X2Vp/ZOTkn8mtAFbiJV4aOS5OkJPGdzDtbKuaLT/VPSBKQUyVc6gm', 'aluno', 'ativo');
INSERT INTO `usuarios` (`id`, `nome`, `codigo`, `senha`, `contexto`, `situacao`) VALUES ('5952', 'DANIELE KETLIN ZATERA LEYTER', '5952', '$2y$10$X2Vp/ZOTkn8mtAFbiJV4aOS5OkJPGdzDtbKuaLT/VPSBKQUyVc6gm', 'aluno', 'ativo');
INSERT INTO `usuarios` (`id`, `nome`, `codigo`, `senha`, `contexto`, `situacao`) VALUES ('5955', 'ANDRESSA CRISTINA DE SALES DA SILVA', '5955', '$2y$10$X2Vp/ZOTkn8mtAFbiJV4aOS5OkJPGdzDtbKuaLT/VPSBKQUyVc6gm', 'aluno', 'ativo');
INSERT INTO `usuarios` (`id`, `nome`, `codigo`, `senha`, `contexto`, `situacao`) VALUES ('5956', 'JANICE MARIA DASSI', '5956', '$2y$10$X2Vp/ZOTkn8mtAFbiJV4aOS5OkJPGdzDtbKuaLT/VPSBKQUyVc6gm', 'aluno', 'ativo');
INSERT INTO `usuarios` (`id`, `nome`, `codigo`, `senha`, `contexto`, `situacao`) VALUES ('5958', 'JACSON ANDRÉ PIGATTO', '5958', '$2y$10$X2Vp/ZOTkn8mtAFbiJV4aOS5OkJPGdzDtbKuaLT/VPSBKQUyVc6gm', 'aluno', 'ativo');
INSERT INTO `usuarios` (`id`, `nome`, `codigo`, `senha`, `contexto`, `situacao`) VALUES ('5960', 'BEATRÍS TEREZINHA VELOSO DAVILLA', '5960', '$2y$10$X2Vp/ZOTkn8mtAFbiJV4aOS5OkJPGdzDtbKuaLT/VPSBKQUyVc6gm', 'aluno', 'ativo');
INSERT INTO `usuarios` (`id`, `nome`, `codigo`, `senha`, `contexto`, `situacao`) VALUES ('5967', 'JAÍNE PAULA ROMANOSKI', '5967', '$2y$10$X2Vp/ZOTkn8mtAFbiJV4aOS5OkJPGdzDtbKuaLT/VPSBKQUyVc6gm', 'aluno', 'ativo');
INSERT INTO `usuarios` (`id`, `nome`, `codigo`, `senha`, `contexto`, `situacao`) VALUES ('5968', 'LIGIAMARA CHARLINE DIAS DE SOUZA', '5968', '$2y$10$X2Vp/ZOTkn8mtAFbiJV4aOS5OkJPGdzDtbKuaLT/VPSBKQUyVc6gm', 'aluno', 'ativo');
INSERT INTO `usuarios` (`id`, `nome`, `codigo`, `senha`, `contexto`, `situacao`) VALUES ('5970', 'GUILHERME MARINI FRACARO', '5970', '$2y$10$X2Vp/ZOTkn8mtAFbiJV4aOS5OkJPGdzDtbKuaLT/VPSBKQUyVc6gm', 'aluno', 'ativo');
INSERT INTO `usuarios` (`id`, `nome`, `codigo`, `senha`, `contexto`, `situacao`) VALUES ('5971', 'BRUNA PAULA DE PICOLI', '5971', '$2y$10$X2Vp/ZOTkn8mtAFbiJV4aOS5OkJPGdzDtbKuaLT/VPSBKQUyVc6gm', 'aluno', 'ativo');
INSERT INTO `usuarios` (`id`, `nome`, `codigo`, `senha`, `contexto`, `situacao`) VALUES ('5973', 'ARIEL TOMAZ BONETTI', '5973', '$2y$10$X2Vp/ZOTkn8mtAFbiJV4aOS5OkJPGdzDtbKuaLT/VPSBKQUyVc6gm', 'aluno', 'ativo');
INSERT INTO `usuarios` (`id`, `nome`, `codigo`, `senha`, `contexto`, `situacao`) VALUES ('5975', 'RYAN CARLOS LAZZAROTTI FERNANDES DA SILVA', '5975', '$2y$10$X2Vp/ZOTkn8mtAFbiJV4aOS5OkJPGdzDtbKuaLT/VPSBKQUyVc6gm', 'aluno', 'ativo');
INSERT INTO `usuarios` (`id`, `nome`, `codigo`, `senha`, `contexto`, `situacao`) VALUES ('5976', 'CRISIANE REGINA SCHÖNEWEISS', '5976', '$2y$10$X2Vp/ZOTkn8mtAFbiJV4aOS5OkJPGdzDtbKuaLT/VPSBKQUyVc6gm', 'aluno', 'ativo');
INSERT INTO `usuarios` (`id`, `nome`, `codigo`, `senha`, `contexto`, `situacao`) VALUES ('5977', 'SUANA ZARICHTA', '5977', '$2y$10$X2Vp/ZOTkn8mtAFbiJV4aOS5OkJPGdzDtbKuaLT/VPSBKQUyVc6gm', 'aluno', 'ativo');
INSERT INTO `usuarios` (`id`, `nome`, `codigo`, `senha`, `contexto`, `situacao`) VALUES ('5979', 'JAMES KEVIN DOS ANJOS DALLAGNOL', '5979', '$2y$10$X2Vp/ZOTkn8mtAFbiJV4aOS5OkJPGdzDtbKuaLT/VPSBKQUyVc6gm', 'aluno', 'ativo');
INSERT INTO `usuarios` (`id`, `nome`, `codigo`, `senha`, `contexto`, `situacao`) VALUES ('5982', 'GABRIEL RYCHCIK', '5982', '$2y$10$X2Vp/ZOTkn8mtAFbiJV4aOS5OkJPGdzDtbKuaLT/VPSBKQUyVc6gm', 'aluno', 'ativo');
INSERT INTO `usuarios` (`id`, `nome`, `codigo`, `senha`, `contexto`, `situacao`) VALUES ('5983', 'RAUL ROVANI BECKER', '5983', '$2y$10$X2Vp/ZOTkn8mtAFbiJV4aOS5OkJPGdzDtbKuaLT/VPSBKQUyVc6gm', 'aluno', 'ativo');
INSERT INTO `usuarios` (`id`, `nome`, `codigo`, `senha`, `contexto`, `situacao`) VALUES ('6024', 'CÁSSIO ANTÔNIO FLORES', '6024', '$2y$10$X2Vp/ZOTkn8mtAFbiJV4aOS5OkJPGdzDtbKuaLT/VPSBKQUyVc6gm', 'aluno', 'ativo');
INSERT INTO `usuarios` (`id`, `nome`, `codigo`, `senha`, `contexto`, `situacao`) VALUES ('6025', 'RAFAEL DE OLIVEIRA GRACIANO', '6025', '$2y$10$X2Vp/ZOTkn8mtAFbiJV4aOS5OkJPGdzDtbKuaLT/VPSBKQUyVc6gm', 'aluno', 'ativo');
INSERT INTO `usuarios` (`id`, `nome`, `codigo`, `senha`, `contexto`, `situacao`) VALUES ('6027', 'JOÃO MARCOS TRENTIN', '6027', '$2y$10$X2Vp/ZOTkn8mtAFbiJV4aOS5OkJPGdzDtbKuaLT/VPSBKQUyVc6gm', 'aluno', 'ativo');
INSERT INTO `usuarios` (`id`, `nome`, `codigo`, `senha`, `contexto`, `situacao`) VALUES ('6028', 'VOLNEI FELIPE OLKOSKI PAZ', '6028', '$2y$10$X2Vp/ZOTkn8mtAFbiJV4aOS5OkJPGdzDtbKuaLT/VPSBKQUyVc6gm', 'aluno', 'ativo');
INSERT INTO `usuarios` (`id`, `nome`, `codigo`, `senha`, `contexto`, `situacao`) VALUES ('6029', 'DIANE GAIATTO', '6029', '$2y$10$X2Vp/ZOTkn8mtAFbiJV4aOS5OkJPGdzDtbKuaLT/VPSBKQUyVc6gm', 'aluno', 'ativo');
INSERT INTO `usuarios` (`id`, `nome`, `codigo`, `senha`, `contexto`, `situacao`) VALUES ('6030', 'ÉVERTON DIAS MACHADO', '6030', '$2y$10$X2Vp/ZOTkn8mtAFbiJV4aOS5OkJPGdzDtbKuaLT/VPSBKQUyVc6gm', 'aluno', 'ativo');
INSERT INTO `usuarios` (`id`, `nome`, `codigo`, `senha`, `contexto`, `situacao`) VALUES ('6032', 'CARINE DE ALBUQUERQUE SEPINHIKI', '6032', '$2y$10$X2Vp/ZOTkn8mtAFbiJV4aOS5OkJPGdzDtbKuaLT/VPSBKQUyVc6gm', 'aluno', 'ativo');
INSERT INTO `usuarios` (`id`, `nome`, `codigo`, `senha`, `contexto`, `situacao`) VALUES ('6033', 'VALENTINA CIGARAN PEREIRA', '6033', '$2y$10$X2Vp/ZOTkn8mtAFbiJV4aOS5OkJPGdzDtbKuaLT/VPSBKQUyVc6gm', 'aluno', 'ativo');
INSERT INTO `usuarios` (`id`, `nome`, `codigo`, `senha`, `contexto`, `situacao`) VALUES ('6034', 'GRÉGORI CLAUDIOMIRO MARTINS DE ALMEIDA', '6034', '$2y$10$X2Vp/ZOTkn8mtAFbiJV4aOS5OkJPGdzDtbKuaLT/VPSBKQUyVc6gm', 'aluno', 'ativo');
INSERT INTO `usuarios` (`id`, `nome`, `codigo`, `senha`, `contexto`, `situacao`) VALUES ('6036', 'LUCAS STRAPASSON BARBACOVI', '6036', '$2y$10$X2Vp/ZOTkn8mtAFbiJV4aOS5OkJPGdzDtbKuaLT/VPSBKQUyVc6gm', 'aluno', 'ativo');
INSERT INTO `usuarios` (`id`, `nome`, `codigo`, `senha`, `contexto`, `situacao`) VALUES ('6037', 'ROBERTO KLUTSCHNIKOW', '6037', '$2y$10$X2Vp/ZOTkn8mtAFbiJV4aOS5OkJPGdzDtbKuaLT/VPSBKQUyVc6gm', 'aluno', 'ativo');
INSERT INTO `usuarios` (`id`, `nome`, `codigo`, `senha`, `contexto`, `situacao`) VALUES ('6038', 'JÉSSICA CADORE', '6038', '$2y$10$X2Vp/ZOTkn8mtAFbiJV4aOS5OkJPGdzDtbKuaLT/VPSBKQUyVc6gm', 'aluno', 'ativo');
INSERT INTO `usuarios` (`id`, `nome`, `codigo`, `senha`, `contexto`, `situacao`) VALUES ('6039', 'ALANA BORTOLI', '6039', '$2y$10$X2Vp/ZOTkn8mtAFbiJV4aOS5OkJPGdzDtbKuaLT/VPSBKQUyVc6gm', 'aluno', 'ativo');
INSERT INTO `usuarios` (`id`, `nome`, `codigo`, `senha`, `contexto`, `situacao`) VALUES ('6040', 'VIVIANE CONFORTIN', '6040', '$2y$10$X2Vp/ZOTkn8mtAFbiJV4aOS5OkJPGdzDtbKuaLT/VPSBKQUyVc6gm', 'aluno', 'ativo');
INSERT INTO `usuarios` (`id`, `nome`, `codigo`, `senha`, `contexto`, `situacao`) VALUES ('6041', 'RAFAEL ANTÔNIO DA SILVA RODRIGUES', '6041', '$2y$10$X2Vp/ZOTkn8mtAFbiJV4aOS5OkJPGdzDtbKuaLT/VPSBKQUyVc6gm', 'aluno', 'ativo');
INSERT INTO `usuarios` (`id`, `nome`, `codigo`, `senha`, `contexto`, `situacao`) VALUES ('6043', 'LARISSA FERNANDA PEREIRA DE OLIVEIRA FREITAS', '6043', '$2y$10$X2Vp/ZOTkn8mtAFbiJV4aOS5OkJPGdzDtbKuaLT/VPSBKQUyVc6gm', 'aluno', 'ativo');
INSERT INTO `usuarios` (`id`, `nome`, `codigo`, `senha`, `contexto`, `situacao`) VALUES ('6044', 'LUANA SANTOS CHAVES', '6044', '$2y$10$X2Vp/ZOTkn8mtAFbiJV4aOS5OkJPGdzDtbKuaLT/VPSBKQUyVc6gm', 'aluno', 'ativo');
INSERT INTO `usuarios` (`id`, `nome`, `codigo`, `senha`, `contexto`, `situacao`) VALUES ('6049', 'CAROLINE NATALI SOARES', '6049', '$2y$10$X2Vp/ZOTkn8mtAFbiJV4aOS5OkJPGdzDtbKuaLT/VPSBKQUyVc6gm', 'aluno', 'ativo');
INSERT INTO `usuarios` (`id`, `nome`, `codigo`, `senha`, `contexto`, `situacao`) VALUES ('6050', 'GABRIEL SOMENZI', '6050', '$2y$10$X2Vp/ZOTkn8mtAFbiJV4aOS5OkJPGdzDtbKuaLT/VPSBKQUyVc6gm', 'aluno', 'ativo');
INSERT INTO `usuarios` (`id`, `nome`, `codigo`, `senha`, `contexto`, `situacao`) VALUES ('6051', 'BRUNA MAIARA LONGO', '6051', '$2y$10$X2Vp/ZOTkn8mtAFbiJV4aOS5OkJPGdzDtbKuaLT/VPSBKQUyVc6gm', 'aluno', 'ativo');
INSERT INTO `usuarios` (`id`, `nome`, `codigo`, `senha`, `contexto`, `situacao`) VALUES ('6053', 'JANAÍNE MARIA KESSLER', '6053', '$2y$10$X2Vp/ZOTkn8mtAFbiJV4aOS5OkJPGdzDtbKuaLT/VPSBKQUyVc6gm', 'aluno', 'ativo');
INSERT INTO `usuarios` (`id`, `nome`, `codigo`, `senha`, `contexto`, `situacao`) VALUES ('6054', 'GIAN CARLOS PEDROSO', '6054', '$2y$10$X2Vp/ZOTkn8mtAFbiJV4aOS5OkJPGdzDtbKuaLT/VPSBKQUyVc6gm', 'aluno', 'ativo');
INSERT INTO `usuarios` (`id`, `nome`, `codigo`, `senha`, `contexto`, `situacao`) VALUES ('6055', 'RAFAEL CELSO DE OLIVEIRA', '6055', '$2y$10$X2Vp/ZOTkn8mtAFbiJV4aOS5OkJPGdzDtbKuaLT/VPSBKQUyVc6gm', 'aluno', 'ativo');
INSERT INTO `usuarios` (`id`, `nome`, `codigo`, `senha`, `contexto`, `situacao`) VALUES ('6058', 'CAROLINE SCHNIPA CAMPESATTO', '6058', '$2y$10$X2Vp/ZOTkn8mtAFbiJV4aOS5OkJPGdzDtbKuaLT/VPSBKQUyVc6gm', 'aluno', 'ativo');
INSERT INTO `usuarios` (`id`, `nome`, `codigo`, `senha`, `contexto`, `situacao`) VALUES ('6059', 'ALESSANDRA DO NASCIMENTO', '6059', '$2y$10$X2Vp/ZOTkn8mtAFbiJV4aOS5OkJPGdzDtbKuaLT/VPSBKQUyVc6gm', 'aluno', 'ativo');
INSERT INTO `usuarios` (`id`, `nome`, `codigo`, `senha`, `contexto`, `situacao`) VALUES ('6063', 'ÉDISON JOSÉ FINGER', '6063', '$2y$10$X2Vp/ZOTkn8mtAFbiJV4aOS5OkJPGdzDtbKuaLT/VPSBKQUyVc6gm', 'aluno', 'ativo');
INSERT INTO `usuarios` (`id`, `nome`, `codigo`, `senha`, `contexto`, `situacao`) VALUES ('6064', 'LUCIANA GIAQUINI', '6064', '$2y$10$X2Vp/ZOTkn8mtAFbiJV4aOS5OkJPGdzDtbKuaLT/VPSBKQUyVc6gm', 'aluno', 'ativo');
INSERT INTO `usuarios` (`id`, `nome`, `codigo`, `senha`, `contexto`, `situacao`) VALUES ('6065', 'SILVAN CARLOS PUERARI', '6065', '$2y$10$X2Vp/ZOTkn8mtAFbiJV4aOS5OkJPGdzDtbKuaLT/VPSBKQUyVc6gm', 'aluno', 'ativo');
INSERT INTO `usuarios` (`id`, `nome`, `codigo`, `senha`, `contexto`, `situacao`) VALUES ('6067', 'WILLIAM EMANUEL MACHADO', '6067', '$2y$10$X2Vp/ZOTkn8mtAFbiJV4aOS5OkJPGdzDtbKuaLT/VPSBKQUyVc6gm', 'aluno', 'ativo');
INSERT INTO `usuarios` (`id`, `nome`, `codigo`, `senha`, `contexto`, `situacao`) VALUES ('6069', 'IVAN CARLOS LERIN', '6069', '$2y$10$X2Vp/ZOTkn8mtAFbiJV4aOS5OkJPGdzDtbKuaLT/VPSBKQUyVc6gm', 'aluno', 'ativo');
INSERT INTO `usuarios` (`id`, `nome`, `codigo`, `senha`, `contexto`, `situacao`) VALUES ('6070', 'LARISSA CORRÊA', '6070', '$2y$10$X2Vp/ZOTkn8mtAFbiJV4aOS5OkJPGdzDtbKuaLT/VPSBKQUyVc6gm', 'aluno', 'ativo');
INSERT INTO `usuarios` (`id`, `nome`, `codigo`, `senha`, `contexto`, `situacao`) VALUES ('6071', 'MATHEUS SPIELMANN MORETTO', '6071', '$2y$10$X2Vp/ZOTkn8mtAFbiJV4aOS5OkJPGdzDtbKuaLT/VPSBKQUyVc6gm', 'aluno', 'ativo');
INSERT INTO `usuarios` (`id`, `nome`, `codigo`, `senha`, `contexto`, `situacao`) VALUES ('6079', 'YURI KUTTER MOCELLIN', '6079', '$2y$10$X2Vp/ZOTkn8mtAFbiJV4aOS5OkJPGdzDtbKuaLT/VPSBKQUyVc6gm', 'aluno', 'ativo');
INSERT INTO `usuarios` (`id`, `nome`, `codigo`, `senha`, `contexto`, `situacao`) VALUES ('6080', 'SAMUEL MATEUS PADILHA DOS SANTOS', '6080', '$2y$10$X2Vp/ZOTkn8mtAFbiJV4aOS5OkJPGdzDtbKuaLT/VPSBKQUyVc6gm', 'aluno', 'ativo');
INSERT INTO `usuarios` (`id`, `nome`, `codigo`, `senha`, `contexto`, `situacao`) VALUES ('6083', 'ROBERTA WARNAVA', '6083', '$2y$10$X2Vp/ZOTkn8mtAFbiJV4aOS5OkJPGdzDtbKuaLT/VPSBKQUyVc6gm', 'aluno', 'ativo');
INSERT INTO `usuarios` (`id`, `nome`, `codigo`, `senha`, `contexto`, `situacao`) VALUES ('6086', 'YGOR MARCANZONI PERETO', '6086', '$2y$10$X2Vp/ZOTkn8mtAFbiJV4aOS5OkJPGdzDtbKuaLT/VPSBKQUyVc6gm', 'aluno', 'ativo');


